"fix_id","animal_id","ts","speed_m_s","lat","lon"
1,"A0782","2026-06-04 09:29:50",2.19,36.386601,-101.995589
2,"A1182","2026-06-01 00:20:44",0.52,36.76217,-102.08282
3,"A0621","2026-06-29 00:50:10",2.75,35.84022,-95.856662
4,"A0367","2026-06-24 16:27:25",2.1,36.885373,-97.444795
5,"A1005","2026-06-19 02:23:00",1.82,34.664609,-99.29248
6,"A1247","2026-06-13 09:38:02",0.77,36.983717,-102.709517
7,"A1253","2026-06-18 01:22:10",1.27,36.577156,-96.829988
8,"A1096","2026-06-12 18:57:35",0.61,36.138055,-95.962593
9,"A1263","2026-06-24 10:59:02",2.26,35.771257,-98.395584
10,"A0782","2026-06-09 16:11:20",1.87,36.117764,-95.504603
11,"A0432","2026-06-02 14:44:04",1.69,35.578255,-102.103637
12,"A1345","2026-06-10 01:51:04",1.08,35.533373,-96.133437
13,"A1175","2026-06-18 22:00:57",1.87,35.206422,-98.059842
14,"A0026","2026-06-01 00:30:02",2.55,35.39956,-94.951888
15,"A1070","2026-06-17 17:18:44",2.56,33.768683,-98.077752
16,"A1247","2026-06-15 18:03:46",2.27,35.834022,-96.375293
17,"A0703","2026-06-16 23:26:29",0.38,36.990175,-101.718298
18,"A1361","2026-06-16 01:08:07",0.16,34.829899,-95.561354
19,"A0256","2026-06-14 15:38:19",0.84,34.46444,-100.059337
20,"A0039","2026-06-23 09:02:21",0.45,34.512337,-95.211641
21,"A0327","2026-06-18 05:15:10",0.74,35.083575,-98.432641
22,"A0045","2026-06-29 07:31:52",1.05,34.001345,-99.728182
23,"A1327","2026-06-07 01:39:04",0.59,34.453956,-94.421899
24,"A0332","2026-06-05 20:12:13",1.26,34.994391,-94.902315
25,"A1120","2026-06-06 17:26:06",1.51,36.177881,-99.246762
26,"A0828","2026-06-02 03:29:32",2.04,35.724969,-101.343352
27,"A1107","2026-06-18 11:39:07",0.96,35.961282,-102.579967
28,"A0857","2026-06-20 19:33:49",0.77,36.279889,-94.506171
29,"A0401","2026-06-19 07:08:33",2.13,34.802301,-98.479717
30,"A1406","2026-06-08 00:58:12",1.78,33.985278,-101.090336
31,"A0159","2026-06-08 00:56:16",2.53,34.90251,-99.500308
32,"A1313","2026-06-17 21:07:39",1.93,33.923545,-99.297174
33,"A0848","2026-06-21 14:13:56",0.77,33.73008,-100.296255
34,"A0828","2026-06-18 09:22:08",0.39,34.701242,-96.001302
35,"A0584","2026-06-06 13:11:24",1.88,36.701883,-96.436802
36,"A0831","2026-06-27 14:47:18",1.51,35.093945,-100.400739
37,"A0202","2026-06-20 19:20:07",1.78,34.524538,-97.531114
38,"A0937","2026-06-24 01:10:45",0.13,36.696722,-97.452696
39,"A1372","2026-06-19 08:16:36",0.57,34.847438,-97.905575
40,"A0430","2026-06-12 21:30:00",2.47,36.506737,-96.864664
41,"A0083","2026-06-25 03:10:05",1.72,36.088098,-96.360509
42,"A0144","2026-06-07 04:14:46",1.4,36.292756,-100.744755
43,"A1030","2026-06-28 00:24:59",0.68,34.568862,-100.413331
44,"A0764","2026-06-27 09:38:05",2.79,36.912073,-98.594892
45,"A1204","2026-06-26 00:29:42",0.49,34.654584,-97.891492
46,"A0089","2026-06-15 16:17:41",0.84,36.869505,-99.641553
47,"A1119","2026-06-10 01:20:36",0.19,33.702678,-94.745274
48,"A0857","2026-06-13 17:19:41",0.26,34.898257,-98.987402
49,"A1288","2026-06-26 19:32:42",2.68,34.871687,-97.154322
50,"A1195","2026-06-22 14:55:42",2.63,34.091965,-95.274484
51,"A0887","2026-06-03 19:54:30",1.31,33.89473,-102.818827
52,"A0756","2026-06-25 22:32:32",1.35,33.943423,-96.896067
53,"A1029","2026-06-24 00:59:23",1.1,36.280163,-96.309397
54,"A0142","2026-06-26 14:29:06",2.38,35.559778,-102.639576
55,"A0869","2026-06-11 07:56:30",2.59,35.156264,-102.767799
56,"A1379","2026-06-09 11:00:16",2.21,36.531072,-97.467583
57,"A0004","2026-06-13 06:25:54",2.76,35.365668,-102.730198
58,"A0035","2026-06-20 18:20:12",1.79,34.785277,-101.346813
59,"A1262","2026-06-12 07:50:26",0.73,36.837441,-100.293077
60,"A1234","2026-06-11 22:05:00",2.67,36.586765,-100.405108
61,"A0778","2026-06-12 00:20:12",0.4,33.613977,-95.469812
62,"A0524","2026-06-11 10:03:45",2.26,36.473277,-95.658736
63,"A1306","2026-06-27 16:11:45",1.37,34.933367,-99.2463
64,"A0204","2026-06-25 13:25:09",0.16,35.524354,-94.473406
65,"A0956","2026-06-17 21:57:43",0.3,35.035865,-98.361062
66,"A1253","2026-06-10 10:53:02",1.3,33.74303,-98.756969
67,"A0045","2026-06-26 09:27:42",0.82,36.262978,-100.742159
68,"A0264","2026-06-15 21:28:53",2.71,35.890726,-99.607907
69,"A0913","2026-06-25 06:00:55",1.34,34.160762,-101.091854
70,"A0901","2026-06-10 05:39:06",2.12,36.557815,-95.241285
71,"A1363","2026-06-08 07:12:02",0.91,34.739395,-95.200682
72,"A0358","2026-06-23 22:29:13",1.6,33.820385,-102.576828
73,"A1056","2026-06-26 11:04:04",2.68,34.514901,-100.799572
74,"A0258","2026-06-14 04:31:00",2.39,36.13782,-97.77993
75,"A1169","2026-06-28 10:59:28",1.7,35.715441,-99.452872
76,"A0887","2026-06-22 11:22:36",0.17,36.84513,-94.780097
77,"A0817","2026-06-07 14:04:30",1.58,35.265769,-102.110808
78,"A0819","2026-06-26 08:06:27",2.09,35.716278,-101.833663
79,"A0914","2026-06-25 03:08:10",2.67,35.903846,-98.418443
80,"A0922","2026-06-22 22:43:03",0.12,36.492304,-99.052442
81,"A0798","2026-06-06 15:46:10",2.62,34.591619,-99.214033
82,"A1235","2026-06-03 12:25:52",2.16,34.884035,-98.08477
83,"A0069","2026-06-02 06:57:13",1.11,34.906291,-95.717735
84,"A1373","2026-06-14 06:56:23",0.18,36.387285,-95.1081
85,"A0477","2026-06-04 13:55:16",1.46,35.091916,-102.131626
86,"A0524","2026-06-22 23:04:48",1.58,34.680369,-94.857402
87,"A0312","2026-06-17 05:12:32",0.55,34.980074,-101.109698
88,"A0001","2026-06-11 07:17:31",2.07,34.042572,-98.007889
89,"A0862","2026-06-14 20:39:52",0.76,33.973914,-95.760912
90,"A0498","2026-06-16 10:52:08",1.99,36.422322,-94.781295
91,"A1076","2026-06-11 17:18:20",0.3,36.862217,-101.627573
92,"A1221","2026-06-06 11:55:28",2.33,36.7405,-98.549151
93,"A1316","2026-06-28 20:26:09",2.11,36.672284,-97.393825
94,"A1279","2026-06-25 13:06:43",1.35,36.295215,-102.24525
95,"A1073","2026-06-11 01:52:16",1.21,35.113625,-95.687775
96,"A0479","2026-06-19 22:23:19",1.57,35.586276,-100.860679
97,"A0069","2026-06-19 00:56:55",2.03,35.367847,-96.241172
98,"A1356","2026-06-04 08:19:38",1.16,35.676518,-94.55459
99,"A1005","2026-06-19 06:47:17",1.22,34.402717,-102.866075
100,"A0394","2026-06-23 07:20:50",0.66,34.788784,-101.240942
101,"A0221","2026-06-29 22:35:18",0.29,35.716845,-95.141919
102,"A0990","2026-06-11 05:34:39",0.67,36.333204,-100.582216
103,"A1404","2026-06-27 11:29:22",0.49,33.85619,-102.274502
104,"A0705","2026-06-23 05:20:31",0.39,34.244434,-96.918384
105,"A0303","2026-06-12 11:53:22",2.18,35.957889,-95.596297
106,"A0142","2026-06-25 21:57:21",2.53,34.364294,-100.429224
107,"A0071","2026-06-18 22:40:57",0.7,33.675203,-95.787238
108,"A0703","2026-06-05 15:58:45",1.37,33.761138,-99.268119
109,"A1397","2026-06-05 02:45:39",0.31,34.109908,-102.559572
110,"A0403","2026-06-02 14:27:21",1.16,36.369132,-101.428264
111,"A0978","2026-06-07 16:44:44",0.24,36.913924,-99.829778
112,"A0435","2026-06-21 04:44:11",1.35,36.135079,-101.761349
113,"A1387","2026-06-16 05:34:39",0.85,35.194248,-96.260539
114,"A0703","2026-06-18 14:26:40",0.12,36.385711,-94.959213
115,"A0165","2026-06-27 00:47:11",1.81,34.953434,-102.519004
116,"A0366","2026-06-16 20:05:15",1.49,35.145886,-97.382304
117,"A1042","2026-06-06 17:19:26",1.08,35.141729,-99.536917
118,"A0321","2026-06-17 03:17:16",1.79,36.465484,-102.966308
119,"A0807","2026-06-27 17:20:55",0.9,34.62564,-101.825004
120,"A0783","2026-06-09 04:12:57",2.44,36.462139,-94.439759
121,"A1005","2026-06-21 22:55:31",1.38,36.417341,-94.672488
122,"A0865","2026-06-11 22:52:27",1.26,35.81139,-98.950476
123,"A0828","2026-06-07 18:14:31",1.54,34.980871,-96.820774
124,"A0930","2026-06-10 14:50:42",0.37,33.906719,-99.142548
125,"A0346","2026-06-26 07:11:12",2.33,36.193449,-94.987114
126,"A0530","2026-06-07 22:51:47",2.74,36.772648,-101.078855
127,"A0956","2026-06-25 05:26:17",1.52,36.884327,-100.880747
128,"A0035","2026-06-04 18:34:53",2.55,33.96679,-102.63342
129,"A0198","2026-06-27 12:46:01",1.31,36.795192,-94.449522
130,"A0989","2026-06-17 12:38:49",1.14,36.231099,-102.974967
131,"A0054","2026-06-04 05:30:40",1.06,34.687914,-101.071242
132,"A0764","2026-06-14 11:47:21",2.22,36.595496,-99.311367
133,"A0073","2026-06-13 17:54:27",0.52,35.238748,-96.090403
134,"A1302","2026-06-20 08:37:42",0.89,33.792018,-95.338415
135,"A1044","2026-06-05 16:35:59",1.31,36.278229,-100.500325
136,"A1199","2026-06-16 19:08:26",0.36,36.120409,-102.028193
137,"A0990","2026-06-23 22:48:00",0.34,34.324035,-102.574757
138,"A0114","2026-06-09 14:04:43",1.37,35.946089,-98.958038
139,"A0681","2026-06-01 06:50:33",2.61,34.156424,-95.075404
140,"A0398","2026-06-18 00:51:22",0.78,35.573651,-98.035505
141,"A0956","2026-06-16 11:56:10",1.67,35.727754,-99.809574
142,"A0020","2026-06-28 19:33:22",0.24,36.151146,-98.726538
143,"A0465","2026-06-26 02:16:43",0.17,36.723014,-101.096985
144,"A1260","2026-06-15 11:52:30",0.42,35.986632,-98.733577
145,"A1004","2026-06-11 12:46:48",0.37,34.89716,-99.013801
146,"A1203","2026-06-18 16:42:14",0.4,34.778021,-95.61049
147,"A0857","2026-06-16 23:34:21",2.15,35.520521,-100.711927
148,"A0269","2026-06-29 08:46:12",1.36,34.794113,-102.132884
149,"A1100","2026-06-15 04:12:06",0.13,33.761439,-96.962625
150,"A0835","2026-06-11 18:16:40",2.11,35.452959,-95.951048
151,"A1116","2026-06-12 01:22:44",2.13,36.50167,-94.819778
152,"A0492","2026-06-04 19:58:32",1.75,35.196293,-100.033158
153,"A1291","2026-06-21 16:43:58",1.77,34.562023,-102.083866
154,"A1043","2026-06-08 08:40:43",2.53,34.788698,-102.639654
155,"A1035","2026-06-09 03:54:48",0.74,35.880444,-102.544427
156,"A1087","2026-06-21 18:06:10",1.69,35.859267,-100.840672
157,"A1380","2026-06-01 20:15:17",0.86,34.163033,-98.139933
158,"A0406","2026-06-27 12:08:24",2.74,34.314527,-95.233386
159,"A0155","2026-06-21 23:01:52",0.36,34.493556,-97.191212
160,"A0258","2026-06-08 17:00:50",1.23,36.397732,-100.658559
161,"A1276","2026-06-17 16:09:50",0.42,36.954166,-100.015284
162,"A0390","2026-06-27 09:11:27",0.53,36.226239,-97.689673
163,"A0228","2026-06-06 03:24:14",1.05,36.912958,-101.232131
164,"A0823","2026-06-19 21:11:45",1.74,36.735776,-96.574478
165,"A0506","2026-06-21 05:48:55",0.29,34.341579,-97.454506
166,"A0048","2026-06-09 18:52:09",0.6,36.367708,-102.874672
167,"A1406","2026-06-22 20:59:01",1.14,36.23554,-96.269548
168,"A0668","2026-06-05 20:46:36",2.13,36.99148,-102.849509
169,"A0797","2026-06-07 06:27:27",0.87,34.336152,-100.884304
170,"A0196","2026-06-09 21:00:58",0.27,34.61682,-99.048445
171,"A0681","2026-06-01 12:10:04",1.61,34.763683,-101.699235
172,"A0389","2026-06-16 18:16:02",1.74,33.726262,-100.136749
173,"A1119","2026-06-17 22:56:59",1.97,36.35456,-96.776417
174,"A0251","2026-06-21 14:30:18",2.1,36.007129,-94.652345
175,"A1017","2026-06-15 19:08:33",1.73,35.113095,-100.870035
176,"A1161","2026-06-24 19:39:50",2.47,35.615271,-102.799978
177,"A0339","2026-06-09 07:39:30",2.07,36.785344,-98.100736
178,"A1180","2026-06-10 17:48:31",0.8,34.7702,-94.86315
179,"A0572","2026-06-11 09:23:40",1.62,36.541737,-97.361818
180,"A1245","2026-06-12 01:08:09",1.14,35.50381,-98.905218
181,"A0017","2026-06-06 04:10:38",0.8,33.831974,-97.073259
182,"A0553","2026-06-01 12:34:23",1.13,33.645981,-102.656652
183,"A0239","2026-06-26 01:24:17",1.2,34.338435,-100.220601
184,"A0332","2026-06-28 22:32:23",1.58,36.866898,-95.981897
185,"A0510","2026-06-20 07:23:01",2.56,34.207847,-99.079206
186,"A1076","2026-06-16 14:52:27",1.42,36.168787,-94.690231
187,"A0711","2026-06-22 04:15:48",2.65,36.272305,-100.617828
188,"A0267","2026-06-04 21:38:51",2.02,35.906021,-102.809704
189,"A0201","2026-06-25 10:59:27",1.93,34.430254,-102.33747
190,"A1006","2026-06-07 01:08:33",0.65,34.57291,-102.654329
191,"A1368","2026-06-11 16:08:54",0.5,34.158311,-100.53994
192,"A1363","2026-06-11 17:18:32",2.67,35.326263,-101.743254
193,"A0651","2026-06-03 22:12:03",1.8,34.930223,-95.923716
194,"A0545","2026-06-24 21:16:15",0.23,33.647412,-95.390758
195,"A0617","2026-06-30 11:33:14",2.5,34.285675,-97.870277
196,"A1272","2026-06-30 17:07:21",1.14,35.904496,-102.342575
197,"A0017","2026-06-03 09:34:01",0.47,34.35542,-99.609009
198,"A0102","2026-06-25 17:13:58",1.77,34.426948,-100.844009
199,"A0071","2026-06-01 11:43:39",2.44,36.611077,-99.017192
200,"A1383","2026-06-11 06:20:36",1.81,34.615725,-100.063371
201,"A0080","2026-06-26 05:47:55",0.27,34.115645,-95.225397
202,"A0643","2026-06-30 12:13:10",1.9,34.68609,-102.769634
203,"A1251","2026-06-22 08:01:22",1.23,33.753287,-94.81538
204,"A0533","2026-06-12 12:50:46",1.78,36.845844,-96.03004
205,"A0830","2026-06-15 22:11:45",2.56,36.603835,-98.063019
206,"A0674","2026-06-03 14:10:12",1.89,36.342706,-98.394677
207,"A1052","2026-06-11 12:00:23",1.49,36.789024,-99.608261
208,"A0420","2026-06-18 02:21:49",0.24,35.815854,-98.710894
209,"A0154","2026-06-06 01:48:13",2.13,36.677433,-94.998945
210,"A0090","2026-06-29 23:01:05",2.63,34.065581,-98.872253
211,"A1301","2026-06-18 00:54:13",1.32,34.650577,-100.305644
212,"A0376","2026-06-25 17:14:07",0.64,35.921684,-95.087398
213,"A0633","2026-06-01 11:20:35",0.68,36.597513,-98.213837
214,"A0606","2026-06-02 06:06:16",1.36,33.727918,-102.001621
215,"A0012","2026-06-23 11:00:50",2.55,34.922428,-100.881441
216,"A0492","2026-06-07 06:33:42",1.88,36.521554,-94.97292
217,"A1165","2026-06-18 06:45:36",1.82,35.717676,-101.658693
218,"A0960","2026-06-10 11:20:43",1.75,35.030537,-95.629879
219,"A0545","2026-06-16 08:46:35",0.94,34.09056,-101.870834
220,"A0152","2026-06-18 20:09:39",2.69,35.267504,-100.244797
221,"A0009","2026-06-30 14:37:45",0.38,36.234652,-96.496332
222,"A0352","2026-06-17 05:07:32",1.08,36.897401,-96.795706
223,"A0706","2026-06-13 17:26:11",1.78,33.841897,-97.084404
224,"A0384","2026-06-09 17:24:26",0.28,36.806344,-97.823446
225,"A0287","2026-06-17 20:09:50",1.04,34.008327,-101.263349
226,"A0060","2026-06-24 02:12:43",2.4,34.058115,-98.704467
227,"A0374","2026-06-13 08:36:45",2.17,33.862755,-100.905111
228,"A0737","2026-06-07 02:09:19",2.25,35.892217,-97.171312
229,"A0407","2026-06-21 03:43:23",2.37,36.647982,-96.826143
230,"A1226","2026-06-20 11:22:39",0.5,36.916606,-97.766947
231,"A0659","2026-06-25 12:04:40",2.71,33.733059,-99.703046
232,"A1191","2026-06-23 02:09:13",0.57,36.02844,-102.615386
233,"A0608","2026-06-25 08:53:58",1.46,35.943448,-99.728687
234,"A1330","2026-06-14 23:37:49",2.02,35.743142,-95.942337
235,"A0915","2026-06-02 16:31:32",1.62,36.40059,-96.608064
236,"A0132","2026-06-02 02:49:17",2.33,35.44962,-94.950923
237,"A1203","2026-06-06 01:26:06",1.03,36.74691,-98.501357
238,"A0163","2026-06-13 10:50:20",1.15,35.560267,-94.887746
239,"A1314","2026-06-30 20:07:46",0.75,36.91865,-96.670133
240,"A0925","2026-06-17 01:16:40",1.81,33.898746,-95.505724
241,"A0484","2026-06-25 18:53:46",0.12,33.872603,-102.347337
242,"A1334","2026-06-26 23:08:52",1.51,33.631043,-98.443291
243,"A0230","2026-06-17 18:03:45",0.41,36.484315,-97.697728
244,"A0323","2026-06-17 01:28:48",0.37,33.754201,-99.549269
245,"A0213","2026-06-03 07:54:47",2.09,33.870544,-97.479431
246,"A0309","2026-06-03 01:54:38",0.44,35.130905,-97.537449
247,"A1285","2026-06-30 10:25:43",2.67,35.227365,-96.69689
248,"A0467","2026-06-03 09:58:45",2.47,35.184763,-100.702138
249,"A0492","2026-06-19 04:48:56",0.32,36.423299,-99.665148
250,"A1390","2026-06-24 01:29:59",1.15,33.954605,-99.160861
251,"A0145","2026-06-19 01:57:30",2.19,34.580309,-94.631234
252,"A0256","2026-06-21 01:39:54",0.81,34.99669,-98.804105
253,"A0098","2026-06-29 07:12:35",1,35.469684,-94.980399
254,"A1213","2026-06-01 00:15:46",1.22,35.097856,-96.80448
255,"A1291","2026-06-26 21:16:58",2.22,36.881838,-99.897962
256,"A1294","2026-06-26 19:46:06",0.1,34.539493,-100.131163
257,"A1384","2026-06-13 23:40:55",2.69,35.520168,-100.722206
258,"A0161","2026-06-24 02:50:57",0.23,33.685937,-98.811907
259,"A0674","2026-06-30 18:20:45",0.56,34.397969,-95.49713
260,"A0138","2026-06-25 00:46:49",2.67,34.818138,-99.462409
261,"A0893","2026-06-22 13:35:39",0.15,36.04584,-100.141973
262,"A1229","2026-06-13 10:55:58",0.69,34.50805,-100.647011
263,"A0780","2026-06-29 18:59:26",1.13,34.310779,-97.743632
264,"A1315","2026-06-16 07:46:59",2.66,36.359569,-96.547106
265,"A1128","2026-06-10 15:52:58",2.14,35.077007,-100.547671
266,"A1211","2026-06-29 05:37:26",0.47,34.858867,-94.906121
267,"A1057","2026-06-08 03:04:12",2.34,36.314792,-99.46477
268,"A0238","2026-06-26 19:06:26",2.2,35.763826,-97.719972
269,"A0939","2026-06-22 10:17:44",1.96,34.28738,-99.801866
270,"A0118","2026-06-23 17:16:05",2.51,36.548513,-101.079879
271,"A0779","2026-06-29 22:51:27",1.31,36.73365,-95.573222
272,"A0772","2026-06-08 23:37:58",0.95,35.570201,-99.044986
273,"A0588","2026-06-28 05:27:23",2.8,36.514164,-102.515693
274,"A0303","2026-06-08 07:34:02",2.55,36.402674,-99.066827
275,"A0014","2026-06-15 20:12:34",2.34,35.133449,-102.075132
276,"A0587","2026-06-25 21:52:29",1.75,34.170793,-101.057876
277,"A0433","2026-06-04 16:57:51",1.05,36.22356,-97.543135
278,"A0413","2026-06-26 03:27:49",2.39,33.846443,-101.235937
279,"A0422","2026-06-17 21:31:38",1.64,36.686895,-95.940775
280,"A0236","2026-06-15 10:26:49",2.42,34.880094,-100.116874
281,"A1299","2026-06-25 02:04:52",2.23,33.879727,-98.662228
282,"A1301","2026-06-09 19:34:31",1.62,36.444884,-102.54384
283,"A0049","2026-06-08 01:56:25",1.93,36.097205,-97.727012
284,"A1286","2026-06-16 10:50:29",0.97,36.525712,-100.784712
285,"A1349","2026-06-08 13:51:25",1.42,33.889388,-94.770693
286,"A0216","2026-06-05 01:46:44",0.25,35.743664,-102.38012
287,"A0254","2026-06-19 16:12:02",1.65,34.730851,-97.780189
288,"A0144","2026-06-05 19:13:47",0.51,34.251601,-96.588904
289,"A0457","2026-06-03 21:14:13",1.95,36.772814,-95.13959
290,"A0846","2026-06-28 07:48:31",1.73,34.026173,-100.529256
291,"A0639","2026-06-13 22:51:42",0.85,36.172698,-101.36875
292,"A1093","2026-06-03 15:43:40",2.21,36.495051,-97.272024
293,"A1003","2026-06-12 18:02:20",1.18,36.872411,-96.632405
294,"A1144","2026-06-27 09:22:39",0.44,33.601527,-95.338301
295,"A1054","2026-06-04 21:13:52",2.22,36.084737,-101.858451
296,"A0941","2026-06-17 17:28:37",1.39,36.096464,-96.640582
297,"A0628","2026-06-23 14:32:41",1.01,36.417844,-97.913081
298,"A0580","2026-06-15 15:57:08",0.41,34.767131,-100.377415
299,"A1003","2026-06-30 15:31:51",2.09,33.619973,-99.58793
300,"A1120","2026-06-02 18:53:29",2.37,33.968323,-94.942048
301,"A0692","2026-06-04 17:25:12",0.46,33.881224,-99.907624
302,"A0070","2026-06-18 22:35:26",1.6,36.267089,-101.303869
303,"A0810","2026-06-12 02:55:10",2.31,35.671888,-95.741325
304,"A0276","2026-06-02 07:20:30",0.72,35.919862,-101.954351
305,"A0075","2026-06-04 18:38:08",2.52,33.643848,-98.749663
306,"A0296","2026-06-22 18:11:09",2.13,34.831132,-101.711023
307,"A0405","2026-06-23 06:28:02",0.98,34.845869,-100.752361
308,"A0741","2026-06-04 17:01:15",1.02,35.324102,-99.026589
309,"A1082","2026-06-04 00:06:37",0.25,34.505448,-94.596508
310,"A0083","2026-06-09 09:08:36",1.28,34.887493,-95.817549
311,"A0299","2026-06-05 03:52:05",1.77,35.900678,-94.552192
312,"A1100","2026-06-12 13:14:00",0.8,36.998032,-102.389275
313,"A0579","2026-06-26 18:36:10",1.71,35.337929,-101.527195
314,"A0816","2026-06-07 23:23:36",2.58,35.992851,-98.732189
315,"A0532","2026-06-17 06:02:15",0.26,36.414028,-95.757322
316,"A0256","2026-06-02 17:47:22",2.6,36.562166,-98.998185
317,"A0602","2026-06-03 08:27:50",2.06,34.466095,-96.309996
318,"A1156","2026-06-11 12:30:49",2.34,34.471308,-97.329246
319,"A1028","2026-06-08 12:26:39",0.16,35.419789,-97.526789
320,"A0961","2026-06-15 16:55:10",0.84,35.190752,-96.139533
321,"A0217","2026-06-27 03:19:55",0.7,33.956274,-97.342542
322,"A0765","2026-06-21 02:07:10",0.55,35.150754,-94.502076
323,"A1105","2026-06-03 12:42:29",2.67,36.108941,-95.436318
324,"A0725","2026-06-01 21:39:33",0.63,36.043642,-102.16168
325,"A0548","2026-06-01 04:06:25",2.21,33.984336,-94.957712
326,"A0657","2026-06-12 18:28:14",2.65,35.049971,-97.054428
327,"A0249","2026-06-10 22:31:30",1.57,36.204699,-102.333849
328,"A1083","2026-06-15 08:57:21",1.73,35.92333,-98.837868
329,"A0581","2026-06-11 10:28:03",0.11,36.986986,-99.165535
330,"A1161","2026-06-02 01:58:12",2.2,34.546151,-95.273755
331,"A0799","2026-06-11 13:16:13",1.54,35.245782,-98.861526
332,"A1222","2026-06-15 20:00:04",1.97,35.143679,-96.920127
333,"A0297","2026-06-03 16:30:09",0.49,36.0437,-94.665011
334,"A0415","2026-06-05 11:31:09",2.09,36.468348,-97.361303
335,"A0073","2026-06-01 18:00:51",1.49,36.606215,-96.478629
336,"A1275","2026-06-11 16:52:24",1.51,33.873878,-101.700595
337,"A0594","2026-06-24 12:35:47",1.59,35.944867,-101.57296
338,"A0913","2026-06-24 16:38:16",1.11,35.992986,-98.417139
339,"A1357","2026-06-19 06:14:38",1.92,36.67134,-96.746553
340,"A1388","2026-06-16 04:21:54",0.81,33.665319,-101.489316
341,"A0175","2026-06-24 05:11:41",1.13,34.17787,-102.657901
342,"A0234","2026-06-26 21:23:37",2.43,36.893668,-94.467557
343,"A1296","2026-06-05 00:22:54",1.29,33.712761,-96.838263
344,"A0993","2026-06-04 14:02:53",2.66,36.8591,-99.719362
345,"A1167","2026-06-26 22:08:30",0.95,36.008439,-96.864734
346,"A1371","2026-06-14 16:52:46",0.88,34.068938,-96.456211
347,"A0150","2026-06-19 08:31:55",1.58,35.116122,-94.701062
348,"A1160","2026-06-23 10:06:16",0.88,35.903941,-99.827304
349,"A1345","2026-06-05 12:42:55",0.79,34.722667,-98.737816
350,"A0214","2026-06-06 03:18:32",1.45,35.348714,-101.552306
351,"A1222","2026-06-11 04:46:24",2.06,35.542805,-96.659079
352,"A0773","2026-06-03 05:22:47",1.27,36.933785,-95.17013
353,"A0474","2026-06-01 23:37:07",0.56,34.084747,-97.774818
354,"A0067","2026-06-16 05:49:09",0.84,35.757535,-99.127184
355,"A0425","2026-06-13 20:45:36",0.36,34.034095,-100.846444
356,"A1056","2026-06-19 02:26:02",1.47,35.756652,-100.309997
357,"A0309","2026-06-22 06:01:54",1.36,36.536881,-100.429484
358,"A0023","2026-06-22 16:06:14",2.6,36.720387,-97.965321
359,"A0314","2026-06-26 08:42:08",0.97,36.56756,-101.888294
360,"A0505","2026-06-04 05:53:20",1.79,36.592299,-98.593993
361,"A1139","2026-06-20 16:19:17",1.92,35.022268,-96.815929
362,"A0793","2026-06-29 12:44:57",2.09,35.191904,-99.301045
363,"A0294","2026-06-16 10:49:10",0.27,36.655485,-97.833671
364,"A0678","2026-06-08 17:30:39",0.26,36.124152,-98.574935
365,"A0502","2026-06-07 20:52:59",1.73,36.169612,-101.115617
366,"A0721","2026-06-06 02:49:38",2.35,36.135297,-99.182851
367,"A0884","2026-06-12 08:32:42",2.36,35.640568,-101.842656
368,"A1178","2026-06-24 07:57:18",0.87,36.13307,-102.819977
369,"A0039","2026-06-08 23:09:14",0.6,33.730211,-101.327943
370,"A0352","2026-06-27 22:34:42",1.46,35.264676,-96.439346
371,"A1355","2026-06-26 03:25:00",2.21,36.567337,-100.105887
372,"A0353","2026-06-11 19:15:42",1.51,34.473361,-94.875756
373,"A0328","2026-06-03 04:09:33",2.25,36.831118,-102.921206
374,"A1041","2026-06-23 05:52:18",0.41,35.379289,-96.034192
375,"A1404","2026-06-21 10:29:53",2.05,35.572215,-98.609189
376,"A0862","2026-06-24 06:56:15",0.44,36.22791,-97.227373
377,"A0408","2026-06-25 23:08:59",0.47,35.1677,-95.971491
378,"A0135","2026-06-14 08:21:26",0.83,34.662763,-94.547706
379,"A0195","2026-06-18 21:55:12",1.12,35.485011,-98.587217
380,"A0728","2026-06-17 12:42:39",1.01,35.832165,-96.899053
381,"A0207","2026-06-15 02:59:24",1.79,35.433124,-95.521383
382,"A1304","2026-06-05 01:40:59",2.66,35.502049,-98.461518
383,"A0599","2026-06-09 14:28:17",0.3,33.877544,-99.819593
384,"A0889","2026-06-28 22:25:15",1.65,34.859404,-95.002646
385,"A0046","2026-06-09 17:48:22",0.64,34.324396,-98.20043
386,"A0027","2026-06-29 20:39:58",1.21,36.402554,-101.906991
387,"A1073","2026-06-08 11:12:06",1.95,36.62088,-100.735643
388,"A1160","2026-06-14 03:41:01",1.98,36.950576,-100.437987
389,"A1249","2026-06-04 02:03:52",2.42,35.186385,-102.638925
390,"A0854","2026-06-22 02:27:28",0.43,36.638943,-98.600724
391,"A0610","2026-06-07 02:57:16",1.8,34.900938,-97.624575
392,"A0901","2026-06-07 02:02:01",1.26,34.665713,-101.71756
393,"A0077","2026-06-09 12:28:41",0.94,36.143751,-97.00064
394,"A0607","2026-06-26 00:16:04",1.51,35.190175,-99.389057
395,"A0922","2026-06-08 21:59:47",0.81,36.638273,-97.44913
396,"A0020","2026-06-02 23:44:05",0.48,34.981832,-96.264371
397,"A1208","2026-06-23 23:53:53",2.73,34.299488,-102.256229
398,"A1270","2026-06-26 03:33:48",1.9,34.580095,-97.795387
399,"A0137","2026-06-28 03:50:34",1.09,35.385299,-100.686963
400,"A0725","2026-06-06 01:19:13",0.26,36.393164,-101.867897
401,"A0225","2026-06-26 21:27:21",2.14,34.533314,-101.733513
402,"A1279","2026-06-14 14:18:58",1.09,34.998939,-96.016491
403,"A0946","2026-06-16 08:43:30",0.45,35.667816,-101.099528
404,"A0651","2026-06-19 11:01:50",1.44,36.213682,-99.508194
405,"A0354","2026-06-01 23:59:57",0.52,36.775852,-99.475337
406,"A0203","2026-06-02 11:10:41",2.2,33.600835,-98.965875
407,"A0473","2026-06-05 01:02:01",1.03,36.629906,-100.885328
408,"A1137","2026-06-29 15:58:32",2.39,35.67378,-99.637626
409,"A0318","2026-06-15 05:04:28",1.83,35.645984,-96.321271
410,"A0974","2026-06-11 03:47:21",2.02,36.356606,-100.722185
411,"A0242","2026-06-26 19:43:51",2.28,35.139044,-99.766806
412,"A0223","2026-06-28 15:10:22",2.54,34.433843,-99.395319
413,"A0980","2026-06-01 15:24:00",1.46,34.581592,-100.957544
414,"A0232","2026-06-12 04:42:58",1.9,33.950896,-102.966006
415,"A0037","2026-06-09 13:28:34",1.94,33.68399,-100.941613
416,"A0605","2026-06-30 13:39:58",2.49,36.500009,-97.631308
417,"A1162","2026-06-20 22:44:46",1.34,34.109723,-96.267593
418,"A0049","2026-06-30 14:52:51",2.02,33.821844,-100.880937
419,"A0967","2026-06-25 10:36:00",1.81,35.562452,-101.016839
420,"A0662","2026-06-06 20:33:23",0.46,33.837995,-99.319386
421,"A0684","2026-06-23 22:56:08",0.3,33.852927,-98.323024
422,"A0767","2026-06-13 23:24:41",2.14,34.27108,-99.598173
423,"A0992","2026-06-18 20:32:36",1.51,35.897878,-97.75476
424,"A0274","2026-06-08 02:31:38",0.15,33.976557,-101.055266
425,"A0639","2026-06-14 05:35:58",1.23,35.94026,-101.619796
426,"A1164","2026-06-14 22:01:54",2.48,35.578894,-95.646346
427,"A1223","2026-06-30 14:28:06",1.25,34.331122,-95.223182
428,"A0899","2026-06-26 00:41:17",1.37,36.366745,-99.705201
429,"A1215","2026-06-05 03:50:40",0.82,35.62271,-100.19382
430,"A0817","2026-06-10 13:07:37",1.55,36.575015,-94.67482
431,"A0838","2026-06-30 23:05:37",2.69,36.086294,-96.781404
432,"A0030","2026-06-08 15:04:05",0.59,36.961146,-100.582439
433,"A0198","2026-06-10 05:46:53",0.64,34.023429,-102.715487
434,"A0804","2026-06-29 23:49:30",2.6,34.012938,-99.364498
435,"A1205","2026-06-13 06:40:23",1.15,33.688696,-101.197049
436,"A0669","2026-06-21 14:50:16",2.66,36.805874,-98.888751
437,"A0189","2026-06-17 21:31:49",0.64,36.158632,-95.046243
438,"A0878","2026-06-05 00:39:13",1.32,35.201041,-100.614582
439,"A0426","2026-06-27 18:41:57",1.16,36.611843,-101.375942
440,"A1000","2026-06-28 15:17:49",2.71,36.779989,-99.867437
441,"A0182","2026-06-25 15:52:53",1.94,36.927612,-95.043264
442,"A0426","2026-06-15 03:49:42",1.84,33.636187,-97.57329
443,"A0183","2026-06-05 21:51:04",0.14,35.895936,-98.038833
444,"A0958","2026-06-18 20:53:38",1.61,34.189094,-98.787423
445,"A1070","2026-06-14 19:46:52",1.25,33.816766,-100.285237
446,"A0495","2026-06-24 12:33:39",2.78,36.739728,-97.092036
447,"A0897","2026-06-09 06:35:23",1.14,34.064576,-98.753577
448,"A0674","2026-06-18 22:05:49",0.38,35.287203,-95.877687
449,"A0719","2026-06-28 02:22:52",0.44,34.691218,-101.828159
450,"A1290","2026-06-17 08:56:42",1.53,36.322277,-99.14376
451,"A0837","2026-06-29 11:00:11",1.28,36.295608,-100.34306
452,"A0183","2026-06-11 05:23:24",0.18,34.346801,-97.054405
453,"A0465","2026-06-01 14:17:12",1.74,35.728983,-95.808832
454,"A0753","2026-06-14 22:18:29",0.7,34.290548,-96.72315
455,"A0626","2026-06-07 02:38:48",1.72,35.051287,-101.752759
456,"A1154","2026-06-15 15:26:24",0.47,35.057325,-100.967498
457,"A1279","2026-06-04 09:37:33",0.93,34.194956,-97.047061
458,"A1163","2026-06-23 16:39:50",1.25,34.782951,-95.266788
459,"A0613","2026-06-26 07:34:53",2.77,36.203851,-100.206675
460,"A0593","2026-06-21 15:41:04",0.3,35.892059,-99.255249
461,"A0959","2026-06-21 23:56:32",1.1,36.358379,-98.64104
462,"A1123","2026-06-07 17:42:38",0.29,35.422644,-99.533037
463,"A0185","2026-06-04 13:09:48",0.25,36.443187,-101.520932
464,"A1311","2026-06-24 16:03:05",2.21,35.967298,-94.776084
465,"A0051","2026-06-25 08:18:22",0.89,33.901559,-96.181317
466,"A0627","2026-06-16 22:49:22",0.67,34.37081,-101.160838
467,"A0329","2026-06-04 06:45:36",2.34,36.358955,-95.679048
468,"A0318","2026-06-15 18:26:02",1.47,33.660847,-95.818728
469,"A0634","2026-06-07 15:55:29",0.71,33.947298,-98.288299
470,"A1211","2026-06-01 10:18:42",1.73,34.930122,-99.89367
471,"A0943","2026-06-08 19:00:47",1.38,35.854208,-97.547714
472,"A1056","2026-06-08 20:12:32",0.96,35.90976,-102.455531
473,"A0102","2026-06-23 14:15:00",1.03,36.591317,-102.082644
474,"A0124","2026-06-22 12:10:15",0.39,35.629258,-97.514938
475,"A0071","2026-06-23 17:49:02",0.77,34.470421,-94.990437
476,"A0859","2026-06-16 19:29:18",0.65,34.368982,-96.878838
477,"A0383","2026-06-14 01:38:06",2.55,36.371755,-98.327572
478,"A1307","2026-06-26 14:13:58",0.31,34.471125,-101.305812
479,"A0412","2026-06-22 14:48:38",0.19,34.761672,-95.74424
480,"A0544","2026-06-23 21:08:24",2.38,35.649058,-102.94667
481,"A0249","2026-06-02 21:02:35",1.43,35.718705,-94.712235
482,"A0855","2026-06-15 06:54:10",2.41,34.343824,-94.907891
483,"A1324","2026-06-04 11:43:51",1.27,36.959215,-102.042464
484,"A0190","2026-06-17 23:08:51",0.42,34.586692,-97.595232
485,"A1010","2026-06-19 15:23:39",2.6,35.195494,-101.885165
486,"A1064","2026-06-23 22:58:12",0.11,35.235663,-95.862692
487,"A0736","2026-06-03 17:24:00",1.39,34.350815,-96.241587
488,"A1223","2026-06-04 20:29:44",0.55,36.6887,-95.873607
489,"A0362","2026-06-15 00:17:39",2.39,34.757891,-95.961277
490,"A0816","2026-06-22 14:56:53",0.42,35.324417,-102.400467
491,"A0601","2026-06-13 18:31:50",1.7,34.764335,-102.027459
492,"A1283","2026-06-29 12:57:34",1.43,35.192444,-98.944411
493,"A0886","2026-06-01 23:25:14",0.64,36.245857,-99.093476
494,"A0587","2026-06-06 22:05:52",1.83,34.795896,-98.415002
495,"A0317","2026-06-03 09:36:59",1.85,33.998207,-96.47051
496,"A1375","2026-06-23 10:47:02",2.64,36.667574,-98.036138
497,"A1342","2026-06-19 03:40:16",0.46,34.498374,-97.486132
498,"A0707","2026-06-18 21:00:37",1.71,34.564022,-97.987198
499,"A0904","2026-06-10 09:16:18",0.42,36.289722,-99.891458
500,"A0188","2026-06-10 08:25:44",0.25,34.155357,-96.65415
501,"A0347","2026-06-03 02:47:40",2.5,35.474816,-101.685759
502,"A1073","2026-06-23 21:04:21",1.8,34.072144,-99.890152
503,"A0924","2026-06-15 14:11:12",1.68,36.977265,-94.68233
504,"A1398","2026-06-16 09:30:07",0.45,36.180535,-96.50703
505,"A0745","2026-06-21 12:35:35",0.25,35.630447,-102.937871
506,"A1331","2026-06-29 22:09:52",1.68,33.92179,-95.551084
507,"A0543","2026-06-11 20:18:07",0.83,34.445831,-102.038674
508,"A1254","2026-06-14 13:20:27",1.58,33.987638,-95.844902
509,"A0845","2026-06-23 07:23:18",2.07,34.160868,-96.45649
510,"A0587","2026-06-28 03:33:01",0.69,34.076398,-99.049461
511,"A0697","2026-06-09 04:07:15",1.75,36.648171,-95.11044
512,"A0307","2026-06-20 06:51:11",1.62,36.828692,-95.076939
513,"A0572","2026-06-09 22:53:03",0.99,34.338491,-96.429825
514,"A0114","2026-06-02 00:45:55",2.17,36.412038,-101.911419
515,"A0920","2026-06-21 21:18:43",0.56,35.505706,-96.396795
516,"A1005","2026-06-24 18:18:06",2.33,36.808618,-101.037174
517,"A1036","2026-06-25 12:57:52",1.16,34.489871,-100.016643
518,"A0883","2026-06-30 19:12:42",2.4,34.627688,-97.791394
519,"A0474","2026-06-18 14:09:45",2.31,36.597759,-98.309385
520,"A0220","2026-06-04 08:07:44",0.8,35.182556,-100.622254
521,"A0503","2026-06-27 06:43:35",0.87,36.16304,-94.697384
522,"A0464","2026-06-22 05:23:08",0.15,34.930757,-98.126497
523,"A1201","2026-06-09 12:56:47",2.35,35.433604,-95.046052
524,"A1196","2026-06-13 23:39:59",2.25,35.735805,-101.959133
525,"A0322","2026-06-09 17:11:23",2.11,36.761343,-95.384089
526,"A1189","2026-06-03 04:07:19",1.41,36.14843,-102.97712
527,"A1299","2026-06-22 03:04:18",1.17,33.803158,-99.960248
528,"A0077","2026-06-04 12:16:31",1.84,36.462727,-101.334907
529,"A0103","2026-06-13 18:39:31",0.19,35.123247,-102.859986
530,"A1118","2026-06-08 00:18:29",0.65,36.909034,-99.431336
531,"A1080","2026-06-11 01:26:27",0.65,33.921009,-102.449889
532,"A0389","2026-06-16 16:39:07",1.48,35.803733,-98.845954
533,"A0967","2026-06-29 01:04:20",2.11,35.613425,-94.584058
534,"A0144","2026-06-25 17:20:10",1.11,34.66899,-101.109206
535,"A0620","2026-06-18 06:14:39",2.71,36.350696,-100.1094
536,"A0979","2026-06-21 19:42:19",0.99,34.357453,-96.403772
537,"A0102","2026-06-27 23:13:58",2.25,35.777896,-99.313403
538,"A1050","2026-06-05 00:57:58",2.5,35.298889,-100.117911
539,"A0492","2026-06-22 20:28:17",0.54,34.264549,-98.484407
540,"A1197","2026-06-07 10:21:49",1.12,36.899481,-101.784027
541,"A1318","2026-06-03 09:50:01",1.7,34.85385,-101.924687
542,"A1062","2026-06-02 00:37:33",0.57,35.950225,-101.045182
543,"A0731","2026-06-17 12:50:32",1.04,34.585583,-99.169394
544,"A0925","2026-06-01 23:01:58",1.05,33.629866,-102.888367
545,"A0990","2026-06-08 20:09:04",0.87,34.716875,-100.098153
546,"A0215","2026-06-01 03:10:52",0.45,34.113913,-95.408633
547,"A0822","2026-06-30 21:33:57",0.47,35.021979,-96.316751
548,"A0322","2026-06-13 11:47:48",2.03,33.849421,-101.892732
549,"A0659","2026-06-15 13:18:13",0.7,36.208991,-98.642597
550,"A0845","2026-06-22 17:23:10",1.27,36.375773,-102.051921
551,"A0033","2026-06-11 19:05:16",2.26,34.120841,-102.065526
552,"A0806","2026-06-23 22:57:22",2.55,34.618928,-102.895473
553,"A1189","2026-06-26 18:08:51",2.72,34.703824,-100.101438
554,"A1223","2026-06-18 10:21:34",2.02,34.43049,-96.771936
555,"A0538","2026-06-12 13:05:55",2.1,36.735363,-101.832416
556,"A1199","2026-06-03 22:35:22",0.42,36.547874,-94.979171
557,"A0741","2026-06-15 04:19:54",0.42,36.292114,-95.954945
558,"A0805","2026-06-04 20:48:32",0.38,33.987495,-97.610784
559,"A1056","2026-06-30 09:12:42",0.75,36.308537,-99.125051
560,"A1147","2026-06-07 20:02:47",0.59,36.509025,-94.998728
561,"A0865","2026-06-14 01:16:15",2.75,36.681908,-95.986177
562,"A0036","2026-06-15 12:39:28",0.54,35.662973,-99.936945
563,"A1208","2026-06-12 23:56:27",0.97,35.670861,-98.112963
564,"A0068","2026-06-17 11:16:47",0.37,35.356807,-95.209847
565,"A1308","2026-06-14 19:29:27",0.68,36.405925,-99.764043
566,"A0440","2026-06-04 08:23:26",1.83,36.759538,-96.075463
567,"A1365","2026-06-22 19:58:10",0.97,34.606221,-102.860094
568,"A0567","2026-06-26 19:56:25",2.1,34.295843,-99.650383
569,"A0164","2026-06-28 16:40:46",2.78,34.033077,-96.393957
570,"A0351","2026-06-07 12:45:26",2.08,34.085194,-101.703614
571,"A1036","2026-06-16 16:12:12",1.83,34.180533,-98.530911
572,"A0011","2026-06-04 21:37:04",2.05,36.112498,-100.147555
573,"A1240","2026-06-15 03:53:45",1.14,34.336014,-99.323155
574,"A1054","2026-06-12 01:15:22",0.94,36.703742,-95.691398
575,"A0216","2026-06-11 11:08:30",2.43,33.797039,-99.559387
576,"A0919","2026-06-23 15:07:30",2.77,36.146131,-98.97673
577,"A0482","2026-06-10 12:35:54",0.32,36.493092,-98.484772
578,"A1098","2026-06-27 07:05:25",1.44,33.99489,-99.029138
579,"A1334","2026-06-27 15:28:13",1.32,34.434166,-96.298704
580,"A0900","2026-06-24 04:15:07",2.16,34.580381,-97.761469
581,"A0582","2026-06-15 16:41:53",2.15,33.730964,-97.623332
582,"A0723","2026-06-10 11:26:23",0.94,36.847599,-96.518735
583,"A1020","2026-06-08 20:15:57",0.45,34.073844,-102.315012
584,"A0614","2026-06-09 08:33:23",1.32,36.260968,-94.811048
585,"A1275","2026-06-12 04:19:15",0.95,34.014623,-97.367197
586,"A0681","2026-06-05 06:07:11",1.3,35.355403,-102.963341
587,"A0092","2026-06-12 14:09:48",1.89,33.694759,-96.220066
588,"A0888","2026-06-13 07:16:16",0.4,34.871861,-99.921476
589,"A0560","2026-06-16 06:03:17",0.32,35.86604,-97.163938
590,"A1261","2026-06-13 03:30:58",1.64,35.366413,-96.290018
591,"A0841","2026-06-13 15:46:21",0.16,35.610908,-95.89994
592,"A0263","2026-06-23 22:38:12",2.2,33.761066,-98.062406
593,"A0179","2026-06-05 07:53:22",1.14,33.728948,-102.709752
594,"A0408","2026-06-15 03:42:05",0.4,36.212472,-100.432851
595,"A1002","2026-06-02 17:06:24",2.74,36.817244,-99.075748
596,"A0850","2026-06-28 22:19:34",2.13,36.8488,-94.524267
597,"A0856","2026-06-08 15:50:06",0.67,34.441629,-96.60171
598,"A1016","2026-06-09 21:15:25",1.92,34.028163,-97.680308
599,"A0328","2026-06-11 22:21:04",0.33,34.653974,-98.440487
600,"A0828","2026-06-06 06:18:03",2.51,35.858567,-94.781639
601,"A1040","2026-06-19 07:30:15",1.32,34.682934,-98.154363
602,"A0380","2026-06-23 09:54:11",0.54,36.103081,-101.220661
603,"A0466","2026-06-26 01:27:52",2.51,33.617083,-96.728925
604,"A0925","2026-06-06 21:15:03",2.43,34.092867,-96.94861
605,"A0497","2026-06-05 16:56:00",0.57,35.720877,-95.885191
606,"A0720","2026-06-27 06:53:59",2.79,36.854248,-102.172678
607,"A0325","2026-06-03 03:56:05",2.07,35.027606,-101.419849
608,"A0791","2026-06-24 03:02:14",0.73,35.500109,-98.512996
609,"A1091","2026-06-11 09:52:13",1.15,34.853251,-100.902351
610,"A1094","2026-06-30 12:59:31",0.73,35.791635,-102.877465
611,"A0504","2026-06-03 10:02:39",0.17,36.180131,-100.618149
612,"A0747","2026-06-25 19:51:00",0.62,33.697691,-101.510309
613,"A0702","2026-06-11 07:04:23",1.39,35.719447,-96.378514
614,"A0328","2026-06-01 10:40:34",0.53,36.17764,-102.55326
615,"A0583","2026-06-22 17:51:16",1.81,34.480235,-98.906498
616,"A0997","2026-06-18 23:28:59",0.7,36.693888,-102.669022
617,"A0007","2026-06-13 23:28:36",1.21,34.876491,-96.462275
618,"A0256","2026-06-06 19:35:56",1.65,35.812019,-96.835366
619,"A1037","2026-06-30 13:31:54",1.59,33.788189,-99.289649
620,"A0852","2026-06-02 03:14:44",0.44,33.918953,-97.146115
621,"A0713","2026-06-11 02:48:45",0.62,36.992402,-101.258485
622,"A0245","2026-06-09 21:02:59",0.63,34.791016,-99.915473
623,"A0732","2026-06-06 23:49:48",0.76,34.090192,-94.784032
624,"A0073","2026-06-20 05:00:59",0.15,34.09705,-97.279001
625,"A0736","2026-06-12 13:43:33",1.3,34.410493,-94.614033
626,"A0247","2026-06-04 17:21:27",0.11,34.222642,-96.529089
627,"A0420","2026-06-08 12:55:51",2.55,36.827464,-98.741711
628,"A1235","2026-06-26 21:17:50",0.41,36.81397,-101.816692
629,"A1058","2026-06-15 02:07:32",0.34,35.748063,-102.130591
630,"A1213","2026-06-21 12:56:38",1.62,35.7571,-96.379206
631,"A1393","2026-06-11 02:47:16",0.68,33.911257,-94.886326
632,"A1356","2026-06-01 17:54:01",0.75,35.719263,-97.746185
633,"A0910","2026-06-28 21:43:20",1.4,35.943002,-98.974652
634,"A0842","2026-06-06 23:26:07",1.66,33.904832,-97.020222
635,"A0487","2026-06-15 01:51:57",0.39,34.49242,-97.124672
636,"A0528","2026-06-24 12:29:13",1.52,34.852417,-96.539929
637,"A0610","2026-06-21 16:15:00",0.34,34.970471,-102.391924
638,"A0586","2026-06-15 11:10:42",2.52,35.128332,-95.846722
639,"A0243","2026-06-14 03:12:33",1.14,36.380811,-94.758159
640,"A0194","2026-06-26 11:49:43",1.7,33.992904,-100.03592
641,"A1173","2026-06-14 10:14:50",0.94,34.13221,-94.792193
642,"A0136","2026-06-22 09:47:32",2.63,36.110203,-99.934854
643,"A0289","2026-06-05 13:32:47",2.02,34.236824,-98.120203
644,"A1231","2026-06-16 23:46:26",2.72,34.131295,-95.609559
645,"A0914","2026-06-20 06:53:02",1.04,35.377509,-100.632168
646,"A0376","2026-06-10 03:51:31",0.44,35.299064,-97.134176
647,"A0528","2026-06-14 02:37:13",0.29,33.933229,-102.88311
648,"A0772","2026-06-29 04:44:57",0.68,34.206684,-98.826697
649,"A0167","2026-06-19 10:21:13",2.78,35.263963,-99.975329
650,"A1122","2026-06-21 04:52:09",2.37,36.60184,-96.318024
651,"A0958","2026-06-29 12:31:44",0.94,33.803246,-96.388577
652,"A0860","2026-06-07 13:49:37",1.02,35.017672,-100.772541
653,"A0420","2026-06-21 21:39:41",2.78,34.349155,-96.300847
654,"A0211","2026-06-25 04:27:40",0.77,34.197728,-94.600621
655,"A0663","2026-06-28 17:29:50",0.57,36.914402,-100.685343
656,"A0456","2026-06-07 00:41:26",2.33,35.159184,-100.374995
657,"A0147","2026-06-16 11:13:16",2,36.030068,-94.837318
658,"A1351","2026-06-24 22:46:38",1.33,36.440625,-101.975658
659,"A0914","2026-06-25 17:53:08",0.8,35.093588,-96.889459
660,"A1337","2026-06-29 01:42:17",2.47,35.834257,-94.420288
661,"A0890","2026-06-11 17:43:02",2.41,34.018587,-98.573253
662,"A1047","2026-06-15 20:54:38",0.92,35.012634,-97.766398
663,"A0369","2026-06-20 12:30:56",0.82,36.274359,-99.372828
664,"A0651","2026-06-04 20:30:13",0.41,34.80523,-99.30098
665,"A1410","2026-06-15 09:52:45",1.43,34.087025,-100.536023
666,"A0558","2026-06-09 23:40:32",2.14,35.354201,-101.495428
667,"A0089","2026-06-17 19:50:49",2.01,34.63317,-100.056246
668,"A1113","2026-06-17 00:23:47",1.93,36.34637,-96.1528
669,"A1302","2026-06-11 23:07:30",1.1,34.086989,-97.861603
670,"A1229","2026-06-18 17:30:06",0.52,35.067756,-97.578406
671,"A0342","2026-06-03 22:14:16",0.74,34.484187,-98.873177
672,"A0793","2026-06-22 04:56:47",2.18,33.926188,-102.388655
673,"A0457","2026-06-10 06:31:12",1.23,36.296724,-94.937218
674,"A1146","2026-06-14 12:56:18",0.37,36.605599,-94.716018
675,"A1126","2026-06-23 06:42:49",0.19,34.499769,-98.795749
676,"A0460","2026-06-17 11:30:55",0.92,34.479779,-100.128767
677,"A0783","2026-06-05 16:09:33",1.23,36.768895,-100.999649
678,"A1017","2026-06-15 10:11:22",2.37,36.114054,-98.864693
679,"A0143","2026-06-22 14:22:33",0.91,35.614327,-102.762122
680,"A0548","2026-06-01 20:24:27",2.17,35.934113,-102.480851
681,"A0025","2026-06-22 06:39:24",1.47,35.289421,-95.414819
682,"A0937","2026-06-02 15:23:59",1.47,34.019304,-99.589527
683,"A1029","2026-06-07 11:43:24",0.24,33.920514,-99.680405
684,"A0974","2026-06-27 23:40:32",1.57,36.62625,-100.664728
685,"A0386","2026-06-25 01:40:34",2.08,35.746532,-102.311605
686,"A0051","2026-06-24 08:03:33",2.59,35.273768,-94.494388
687,"A1280","2026-06-25 10:31:23",1.38,35.17381,-101.369583
688,"A1099","2026-06-18 06:26:34",0.16,34.556574,-94.461248
689,"A0417","2026-06-08 19:48:24",0.48,36.119581,-94.447261
690,"A0271","2026-06-25 10:53:50",1.97,34.79858,-101.447732
691,"A0997","2026-06-28 23:36:25",2.53,34.165045,-102.145697
692,"A1367","2026-06-28 09:20:46",1.15,34.280621,-98.686967
693,"A0779","2026-06-08 08:35:00",1.3,36.842366,-97.711563
694,"A0281","2026-06-26 08:58:06",0.24,36.735938,-100.706003
695,"A1162","2026-06-04 21:05:29",0.22,35.774535,-102.718877
696,"A0646","2026-06-07 23:00:51",0.18,35.179438,-96.280511
697,"A0147","2026-06-16 02:00:45",2.64,34.190096,-99.518988
698,"A1260","2026-06-25 15:31:34",0.17,35.827737,-102.617276
699,"A0264","2026-06-04 06:23:16",0.86,35.380734,-97.618154
700,"A1079","2026-06-05 00:23:22",0.9,36.390417,-95.543481
701,"A0860","2026-06-17 19:56:58",1.66,35.433588,-99.52265
702,"A0621","2026-06-18 19:21:21",1.58,35.766653,-101.65811
703,"A0816","2026-06-20 02:45:34",2.66,35.732474,-98.672486
704,"A0386","2026-06-24 21:03:02",0.92,33.694387,-94.962179
705,"A0766","2026-06-01 11:59:43",2.1,33.867199,-99.500001
706,"A0181","2026-06-09 19:34:27",0.52,36.009849,-102.963627
707,"A0358","2026-06-15 00:32:38",1.52,36.328214,-95.942561
708,"A0851","2026-06-14 13:07:02",0.56,34.550517,-96.465779
709,"A1055","2026-06-20 10:54:16",1.73,34.189491,-98.963121
710,"A1132","2026-06-07 23:21:13",0.39,33.928966,-99.647476
711,"A0203","2026-06-20 12:51:42",0.92,34.626679,-94.859968
712,"A0153","2026-06-02 18:48:48",2.68,34.298358,-102.844074
713,"A0840","2026-06-25 01:20:29",2.3,35.980311,-96.375695
714,"A0512","2026-06-11 13:26:42",1.59,34.672966,-97.746287
715,"A0993","2026-06-07 20:37:28",1.67,34.743157,-99.037849
716,"A0568","2026-06-17 16:34:01",2.79,34.379897,-102.735114
717,"A0296","2026-06-13 03:56:16",0.82,35.065302,-95.561441
718,"A1087","2026-06-13 13:14:36",1.34,35.044336,-96.70133
719,"A0072","2026-06-17 16:35:15",0.9,34.273399,-98.572547
720,"A0464","2026-06-19 04:59:02",2.52,36.758328,-102.392466
721,"A1290","2026-06-02 12:10:08",2,34.288313,-97.595842
722,"A0810","2026-06-25 15:12:20",0.49,36.890409,-102.340732
723,"A0664","2026-06-19 03:06:14",0.56,36.072684,-99.600567
724,"A0616","2026-06-16 18:11:59",0.5,33.808097,-98.8208
725,"A1372","2026-06-30 23:49:37",2.16,36.44012,-102.988808
726,"A0040","2026-06-23 05:01:08",0.56,34.773657,-96.94043
727,"A0898","2026-06-29 02:15:27",2.26,34.021223,-100.324328
728,"A0878","2026-06-06 09:35:24",2.69,34.848394,-101.655983
729,"A1099","2026-06-06 23:51:24",0.55,34.408097,-102.412571
730,"A0642","2026-06-22 02:42:14",0.62,34.9471,-102.825281
731,"A0640","2026-06-16 07:35:50",2.49,34.47645,-98.631575
732,"A0956","2026-06-18 11:00:25",2.16,35.780508,-98.325429
733,"A0147","2026-06-18 16:00:33",1.08,33.751421,-98.243121
734,"A0752","2026-06-03 17:59:34",0.94,36.096206,-95.410931
735,"A0297","2026-06-30 22:27:31",2.6,35.008473,-97.338222
736,"A0122","2026-06-13 21:15:46",2.37,34.643489,-99.254574
737,"A1286","2026-06-25 03:56:34",1.9,35.622049,-97.787972
738,"A0626","2026-06-29 22:34:23",0.92,33.775978,-99.577044
739,"A1233","2026-06-16 11:35:55",0.29,35.237754,-94.516887
740,"A0283","2026-06-06 03:31:48",2.33,35.576993,-96.331427
741,"A0140","2026-06-03 08:14:38",2.16,34.869999,-98.621675
742,"A0975","2026-06-04 05:42:52",2.37,36.341292,-102.426771
743,"A0610","2026-06-30 21:51:54",0.67,36.113375,-96.498856
744,"A1154","2026-06-05 11:58:47",1.91,34.210716,-98.758798
745,"A1360","2026-06-09 22:27:06",0.98,36.989532,-98.46744
746,"A0655","2026-06-15 19:14:51",2.51,36.226542,-101.027783
747,"A1403","2026-06-23 15:36:35",1.85,33.634361,-94.687975
748,"A0152","2026-06-08 00:18:08",1.2,34.582996,-95.031131
749,"A0987","2026-06-07 21:47:25",2.4,33.734497,-96.387747
750,"A0802","2026-06-07 12:54:33",1.31,34.174571,-102.694336
751,"A0811","2026-06-03 21:51:38",0.95,35.656904,-95.53463
752,"A1192","2026-06-18 18:01:42",0.64,34.055488,-102.613839
753,"A0571","2026-06-10 23:58:41",1.59,36.764954,-102.813847
754,"A0030","2026-06-02 08:45:10",2.58,36.595139,-101.703028
755,"A1168","2026-06-30 16:34:17",0.26,33.802254,-96.959735
756,"A0064","2026-06-30 22:33:36",2.74,36.145693,-101.858293
757,"A0722","2026-06-12 05:44:54",0.15,35.159147,-101.190759
758,"A0623","2026-06-26 19:40:33",0.42,35.422288,-95.286851
759,"A0300","2026-06-29 04:33:34",0.18,36.631417,-95.937859
760,"A0117","2026-06-22 14:55:36",2.48,36.502682,-100.269219
761,"A0969","2026-06-12 18:06:47",0.67,36.360858,-99.20297
762,"A1277","2026-06-30 03:51:16",2.73,34.223942,-99.244712
763,"A1251","2026-06-15 21:14:59",2.39,35.447947,-96.525044
764,"A0493","2026-06-30 01:27:30",1.06,36.804958,-97.396843
765,"A1278","2026-06-19 21:51:58",0.57,35.351989,-97.243642
766,"A0432","2026-06-18 22:58:31",1.32,33.712022,-101.579036
767,"A0965","2026-06-06 14:39:57",0.55,36.08278,-102.792292
768,"A0040","2026-06-26 12:18:08",2.65,34.040561,-95.626423
769,"A1244","2026-06-28 03:09:10",1.14,35.009963,-101.513716
770,"A0318","2026-06-27 16:51:37",0.25,35.688763,-101.061372
771,"A0210","2026-06-03 04:29:53",0.47,36.833018,-100.434752
772,"A0902","2026-06-17 03:00:27",1.72,33.85745,-95.526634
773,"A0104","2026-06-04 08:57:23",2.05,34.581208,-96.182793
774,"A0491","2026-06-27 16:50:17",1.35,34.827164,-98.575192
775,"A0252","2026-06-19 14:56:02",1.67,34.448809,-99.940974
776,"A1370","2026-06-07 01:21:56",2.28,36.306826,-98.422216
777,"A0678","2026-06-19 16:23:48",2.14,36.416806,-99.353821
778,"A0689","2026-06-04 10:21:59",1.1,34.951798,-100.629967
779,"A0155","2026-06-28 04:07:18",0.57,35.841493,-97.577148
780,"A0072","2026-06-03 04:59:49",1.13,34.625034,-99.561711
781,"A1337","2026-06-28 07:18:42",1.35,36.673085,-98.984565
782,"A1110","2026-06-24 03:40:09",1.27,36.956066,-94.990133
783,"A1387","2026-06-15 07:17:37",1.46,33.657948,-101.884191
784,"A0985","2026-06-20 14:21:39",1.73,36.503425,-101.428206
785,"A1166","2026-06-22 02:43:51",1.88,35.108816,-94.7156
786,"A0748","2026-06-13 19:44:43",1.77,34.027356,-99.172534
787,"A0259","2026-06-06 10:39:11",1.58,34.765199,-100.868463
788,"A1194","2026-06-13 13:58:57",0.79,34.002006,-97.897816
789,"A1043","2026-06-26 00:00:18",0.73,34.805722,-98.876154
790,"A0159","2026-06-21 04:05:41",2.58,36.714559,-102.934228
791,"A0494","2026-06-26 09:27:57",2.17,36.485683,-100.200471
792,"A0121","2026-06-02 15:14:31",0.41,35.061568,-98.031585
793,"A0621","2026-06-01 08:55:22",1.83,33.872629,-100.978491
794,"A0966","2026-06-30 04:16:40",1.12,36.41316,-98.257086
795,"A1015","2026-06-09 01:53:38",1.32,35.472555,-100.566876
796,"A0154","2026-06-24 18:08:44",1.44,36.29287,-100.81781
797,"A0669","2026-06-11 01:54:27",1,36.567819,-99.429559
798,"A0295","2026-06-05 00:31:20",1.88,36.728446,-100.265645
799,"A0697","2026-06-11 19:21:59",2.22,36.179601,-101.954528
800,"A0373","2026-06-23 21:31:15",2.46,35.325954,-99.027668
801,"A1028","2026-06-18 03:30:06",2.69,33.716413,-94.666708
802,"A0522","2026-06-01 09:35:21",0.4,35.071506,-97.90902
803,"A0720","2026-06-28 23:55:37",2.61,34.632854,-99.594634
804,"A0035","2026-06-10 16:08:48",1.38,35.302656,-101.082924
805,"A0115","2026-06-18 11:17:19",0.97,34.157551,-102.296871
806,"A0883","2026-06-14 01:14:56",1.74,36.227032,-98.597159
807,"A0542","2026-06-25 22:53:10",1.33,34.202976,-95.745202
808,"A0789","2026-06-08 05:28:03",0.29,36.511828,-102.769892
809,"A1149","2026-06-12 17:30:46",0.96,34.255844,-99.148945
810,"A0751","2026-06-05 00:28:41",1.81,35.1061,-102.46715
811,"A1410","2026-06-03 15:02:22",1.64,36.19388,-100.704425
812,"A1070","2026-06-17 20:53:34",1.08,35.593379,-101.216919
813,"A0266","2026-06-26 23:56:28",1.1,34.103981,-100.572986
814,"A0708","2026-06-13 02:33:31",2.29,36.160383,-102.75189
815,"A0867","2026-06-30 21:42:42",2.67,36.279303,-99.111991
816,"A0647","2026-06-18 22:23:47",2.71,33.767395,-96.877385
817,"A0523","2026-06-21 04:07:14",1.08,35.338068,-102.580585
818,"A0630","2026-06-30 20:41:07",1.25,35.921676,-102.496408
819,"A0239","2026-06-10 06:45:03",0.99,33.992982,-99.089571
820,"A0898","2026-06-08 22:01:26",0.34,35.5259,-102.950604
821,"A0873","2026-06-05 21:25:08",1.33,35.632283,-94.640067
822,"A0855","2026-06-10 01:46:01",0.51,33.945901,-102.322486
823,"A0296","2026-06-15 14:34:27",1.25,36.566726,-102.877601
824,"A1403","2026-06-25 07:26:24",1.5,36.55321,-96.531187
825,"A1030","2026-06-24 14:50:00",2.13,35.77674,-96.616824
826,"A0489","2026-06-28 21:49:22",1.56,36.836013,-98.983712
827,"A1381","2026-06-08 16:50:08",2,36.432165,-97.614338
828,"A0176","2026-06-25 15:50:36",0.73,34.511837,-98.672022
829,"A1212","2026-06-17 01:42:37",0.25,35.801002,-94.438712
830,"A0705","2026-06-21 17:58:39",2.69,34.661727,-97.289308
831,"A1290","2026-06-18 13:28:01",0.79,35.473348,-100.5265
832,"A0642","2026-06-24 21:02:14",1.41,35.860718,-99.208836
833,"A1379","2026-06-29 02:00:24",1,33.654359,-100.261463
834,"A0365","2026-06-22 06:04:42",1.57,34.588398,-102.563113
835,"A0959","2026-06-15 13:51:25",2.33,36.466917,-99.517733
836,"A0743","2026-06-19 16:54:18",0.89,34.687938,-102.455912
837,"A0886","2026-06-30 19:04:39",1.43,33.803023,-99.081995
838,"A1244","2026-06-25 20:40:11",1.28,35.221038,-94.537246
839,"A0710","2026-06-12 11:57:14",1.97,33.8876,-101.058072
840,"A0061","2026-06-21 23:03:25",0.58,36.120373,-97.260827
841,"A0783","2026-06-21 12:04:41",1.37,35.931858,-98.298544
842,"A0945","2026-06-12 04:00:52",2.24,34.461311,-96.832837
843,"A0697","2026-06-09 04:05:15",0.99,35.852403,-94.595155
844,"A0586","2026-06-26 16:04:57",2.22,34.296983,-95.896165
845,"A0716","2026-06-29 03:19:22",2.12,35.738442,-97.537856
846,"A1160","2026-06-25 07:06:31",1.08,35.347939,-101.801336
847,"A0136","2026-06-29 18:37:09",2.77,36.842881,-95.997507
848,"A0617","2026-06-30 04:40:02",0.42,35.338429,-101.08725
849,"A1156","2026-06-16 11:19:00",1.46,36.423341,-98.728284
850,"A1140","2026-06-22 21:02:02",1.21,34.892009,-102.825243
851,"A0783","2026-06-10 14:34:57",0.1,34.531801,-95.193577
852,"A0731","2026-06-23 21:41:41",0.97,36.850682,-97.415482
853,"A0674","2026-06-18 00:22:50",0.56,34.067623,-99.416745
854,"A1179","2026-06-01 17:35:10",2.08,36.165847,-95.370416
855,"A0455","2026-06-03 09:42:46",1.21,36.785859,-98.616232
856,"A0475","2026-06-02 11:55:16",2.12,34.149923,-98.583801
857,"A0525","2026-06-07 14:52:10",0.26,34.940125,-101.491191
858,"A0693","2026-06-28 01:10:35",1.66,34.522598,-94.948493
859,"A0181","2026-06-01 21:51:33",1.79,35.271407,-99.125444
860,"A0118","2026-06-12 22:00:44",1.06,35.12445,-101.381614
861,"A1306","2026-06-14 15:12:05",0.85,36.621254,-100.14956
862,"A0396","2026-06-15 07:42:11",2.07,34.878545,-98.428362
863,"A0138","2026-06-16 03:30:48",2.14,34.777494,-98.17757
864,"A0431","2026-06-10 20:53:12",1.22,36.428804,-99.242433
865,"A0262","2026-06-24 21:43:44",2.33,34.742279,-96.69205
866,"A1105","2026-06-16 17:24:36",2.49,33.932921,-95.793735
867,"A0282","2026-06-12 03:46:43",0.19,34.350889,-95.781478
868,"A0357","2026-06-13 02:24:49",0.28,33.945358,-98.42488
869,"A0875","2026-06-26 20:14:00",2.03,36.233168,-97.966649
870,"A0351","2026-06-18 00:50:52",0.69,36.769386,-97.640714
871,"A0844","2026-06-04 08:25:39",2.35,34.26572,-94.675126
872,"A0811","2026-06-21 09:13:07",0.7,36.900072,-98.944815
873,"A0280","2026-06-11 06:16:15",0.77,33.653231,-98.251478
874,"A0712","2026-06-16 02:23:59",0.31,35.827168,-101.426075
875,"A0577","2026-06-30 09:32:13",0.58,34.084277,-99.808861
876,"A0318","2026-06-05 04:57:47",1.26,34.603691,-100.739824
877,"A0074","2026-06-14 11:39:44",0.17,35.140405,-96.359235
878,"A0156","2026-06-12 00:57:05",1.32,34.293041,-98.94973
879,"A1076","2026-06-05 19:13:22",2.35,34.188498,-100.533969
880,"A0151","2026-06-21 04:05:08",0.77,34.51385,-96.004409
881,"A0271","2026-06-12 22:46:14",2.75,35.676026,-98.107176
882,"A0167","2026-06-20 18:23:11",1.89,35.895516,-102.555327
883,"A0733","2026-06-03 02:15:48",1.32,35.717753,-99.564142
884,"A0823","2026-06-25 22:14:47",2.72,36.775928,-96.62326
885,"A0598","2026-06-20 10:14:53",2.44,33.782373,-101.95474
886,"A0716","2026-06-19 01:13:26",1.89,35.644433,-102.964604
887,"A1325","2026-06-24 16:23:48",2.5,34.953578,-97.36937
888,"A0572","2026-06-03 23:34:27",1.79,35.302896,-96.134886
889,"A0251","2026-06-20 07:27:44",1.56,36.377465,-100.316291
890,"A0970","2026-06-28 03:59:01",2.71,33.70111,-97.590905
891,"A0971","2026-06-06 12:54:59",1.49,35.811212,-100.002164
892,"A1001","2026-06-24 08:59:07",1.43,34.40619,-97.58403
893,"A0524","2026-06-13 06:48:22",2.75,35.443551,-100.374452
894,"A1157","2026-06-12 16:33:52",1.77,34.073536,-102.898611
895,"A1086","2026-06-16 08:06:31",0.98,33.725689,-98.043608
896,"A0636","2026-06-09 01:48:27",1.88,36.598868,-97.610202
897,"A1378","2026-06-13 15:42:57",0.42,35.48507,-102.788623
898,"A0608","2026-06-07 02:09:44",0.16,34.610691,-102.585926
899,"A0193","2026-06-08 11:46:09",2.51,36.720446,-102.926741
900,"A1008","2026-06-18 14:57:06",2.5,34.858016,-100.280934
901,"A0907","2026-06-22 23:27:16",0.84,36.642717,-96.237302
902,"A1053","2026-06-11 22:15:12",2.15,35.387023,-101.212456
903,"A0475","2026-06-05 12:05:04",0.29,34.688618,-95.115065
904,"A0472","2026-06-27 11:22:21",2.07,36.394006,-98.5004
905,"A0005","2026-06-17 05:15:59",1.09,36.383977,-97.478487
906,"A0962","2026-06-02 23:45:44",0.2,36.966678,-98.145473
907,"A0425","2026-06-07 23:08:42",0.64,36.358531,-97.814745
908,"A1308","2026-06-21 03:12:00",1.71,34.416542,-95.544192
909,"A0815","2026-06-22 12:02:41",0.53,36.728755,-95.959557
910,"A1242","2026-06-04 17:04:41",0.37,36.51115,-99.808582
911,"A0220","2026-06-14 11:56:10",2.77,36.296916,-101.723982
912,"A0887","2026-06-04 16:41:43",1.9,35.292454,-100.844558
913,"A1275","2026-06-28 07:23:15",1.46,33.867846,-101.467446
914,"A1028","2026-06-29 11:25:24",0.61,34.918554,-101.369197
915,"A0192","2026-06-13 18:24:57",2.02,36.238909,-98.905761
916,"A0891","2026-06-27 00:56:57",1.05,34.957443,-100.028834
917,"A1081","2026-06-14 19:43:19",0.15,33.66829,-94.814523
918,"A0579","2026-06-29 11:35:35",0.33,34.802012,-99.411468
919,"A0725","2026-06-03 23:56:02",1.56,36.554245,-96.979598
920,"A1405","2026-06-23 11:27:10",0.99,35.675369,-99.995759
921,"A0613","2026-06-23 13:28:21",0.2,36.661256,-96.084522
922,"A0217","2026-06-25 14:30:31",0.28,36.433517,-101.794881
923,"A0102","2026-06-05 11:16:52",1.94,35.629573,-94.50019
924,"A1116","2026-06-08 11:25:54",0.65,36.779286,-100.813013
925,"A1187","2026-06-23 20:42:39",2.17,33.688509,-102.202454
926,"A0002","2026-06-18 23:06:35",1.08,34.985372,-96.241146
927,"A0275","2026-06-17 05:52:56",1,36.514516,-99.004344
928,"A0289","2026-06-07 04:53:05",1.09,35.820648,-100.698583
929,"A1111","2026-06-18 20:38:48",0.9,36.393955,-102.77162
930,"A0899","2026-06-01 05:24:37",2,33.749814,-97.410704
931,"A0192","2026-06-20 05:00:31",2.55,36.668429,-100.615172
932,"A0728","2026-06-22 01:55:52",0.7,35.188804,-98.442303
933,"A0829","2026-06-03 02:39:24",0.47,35.079751,-101.347171
934,"A0827","2026-06-25 19:43:34",2.06,35.806263,-100.007127
935,"A1344","2026-06-22 15:39:57",1.78,35.230913,-96.30279
936,"A0224","2026-06-26 13:08:49",1.73,35.482169,-95.429926
937,"A0585","2026-06-19 22:51:33",1.96,36.697898,-100.686658
938,"A0785","2026-06-27 00:54:10",1.22,35.139597,-99.865664
939,"A0974","2026-06-15 07:13:57",2.18,36.050477,-100.137418
940,"A0497","2026-06-30 16:07:53",2.51,36.821683,-99.495134
941,"A0369","2026-06-20 07:36:02",1.32,34.073132,-99.072325
942,"A0863","2026-06-26 02:48:48",2.53,36.352868,-102.746703
943,"A1277","2026-06-02 18:18:59",1.62,36.102811,-95.743091
944,"A0949","2026-06-07 07:37:07",1.06,36.746813,-99.924875
945,"A0780","2026-06-03 04:20:27",0.54,35.856121,-94.809477
946,"A0340","2026-06-19 19:07:22",2.18,33.708706,-98.533309
947,"A0569","2026-06-23 03:18:39",2.33,36.169674,-99.925646
948,"A0179","2026-06-30 21:30:22",0.99,35.172988,-94.79398
949,"A0675","2026-06-14 05:08:11",0.85,35.979239,-97.087474
950,"A0133","2026-06-19 20:45:26",2.01,35.827245,-99.477477
951,"A0456","2026-06-26 07:54:24",0.51,35.975191,-102.058655
952,"A0108","2026-06-22 10:55:56",1.29,34.183816,-95.723181
953,"A1061","2026-06-24 06:39:47",1.06,36.223043,-102.45109
954,"A0666","2026-06-16 07:10:49",1.55,34.188358,-96.056262
955,"A0828","2026-06-07 20:22:04",0.71,34.908554,-96.728786
956,"A0367","2026-06-21 18:08:45",0.86,33.659354,-101.725946
957,"A0184","2026-06-14 17:51:09",2.42,36.744327,-102.863361
958,"A0470","2026-06-16 01:45:39",0.4,34.792636,-99.201142
959,"A0543","2026-06-11 12:52:27",0.8,34.228053,-96.397871
960,"A1398","2026-06-06 22:45:54",1.9,36.981092,-96.346352
961,"A0820","2026-06-17 03:06:54",2.78,35.976667,-96.69127
962,"A0777","2026-06-06 04:48:37",0.92,34.438742,-96.46226
963,"A0785","2026-06-15 17:27:12",1.27,33.674947,-97.567359
964,"A0361","2026-06-01 20:48:44",0.53,34.184171,-102.81349
965,"A1386","2026-06-10 04:30:07",2.32,35.402606,-98.87469
966,"A0357","2026-06-06 23:45:57",0.66,33.689452,-97.289484
967,"A1343","2026-06-06 21:05:29",0.87,35.239614,-98.036249
968,"A0976","2026-06-01 11:34:18",1.57,36.020236,-94.775063
969,"A0155","2026-06-12 22:12:44",1.69,34.631162,-101.187118
970,"A1308","2026-06-09 07:30:54",1.29,33.699061,-102.252134
971,"A1247","2026-06-25 18:49:01",2.45,33.797757,-101.603284
972,"A1165","2026-06-17 05:47:56",0.41,35.599233,-102.697776
973,"A0231","2026-06-18 23:30:37",2.57,33.687841,-96.375555
974,"A0223","2026-06-21 16:14:10",0.39,36.629823,-95.434181
975,"A1226","2026-06-13 00:52:19",1.2,35.108863,-98.777266
976,"A0349","2026-06-30 13:23:03",2.25,36.659381,-100.484478
977,"A0988","2026-06-15 11:59:09",0.25,33.72422,-102.985333
978,"A0590","2026-06-03 06:18:19",2.24,34.249341,-97.72848
979,"A0816","2026-06-09 13:53:18",1.13,35.151135,-102.539217
980,"A1093","2026-06-22 16:34:18",1.18,36.470745,-100.357435
981,"A1229","2026-06-02 05:53:51",1.16,34.131038,-95.950608
982,"A0456","2026-06-08 20:09:56",0.15,34.268487,-100.348043
983,"A0583","2026-06-06 05:12:59",1.42,36.471878,-98.717703
984,"A0995","2026-06-17 16:07:21",0.63,34.954843,-97.847274
985,"A0827","2026-06-01 01:56:41",2.43,36.242734,-94.905362
986,"A0832","2026-06-05 04:50:33",1.65,33.926835,-101.56013
987,"A0825","2026-06-17 02:01:26",0.52,34.574944,-100.694174
988,"A0558","2026-06-16 23:07:10",2.37,33.64877,-96.199741
989,"A0589","2026-06-12 05:51:42",0.24,36.418484,-94.784129
990,"A0953","2026-06-17 09:50:10",2.32,36.205221,-102.512738
991,"A0629","2026-06-18 18:14:04",2.21,36.929179,-98.877756
992,"A0941","2026-06-08 21:18:54",1.99,36.58157,-95.315697
993,"A0978","2026-06-10 08:37:28",1.42,36.203985,-102.335296
994,"A1140","2026-06-12 14:26:28",0.31,35.834215,-96.542504
995,"A1195","2026-06-28 06:04:29",1.83,35.898729,-99.982135
996,"A0143","2026-06-01 21:04:56",2.13,34.769875,-96.870964
997,"A1377","2026-06-03 11:42:37",0.35,34.473634,-100.652065
998,"A0277","2026-06-27 20:05:56",2.52,36.547375,-101.769034
999,"A0178","2026-06-25 00:33:41",0.75,34.270842,-102.683932
1000,"A1385","2026-06-17 14:04:12",1.42,36.894388,-101.465118
1001,"A0849","2026-06-26 06:18:26",1.21,35.160589,-99.042485
1002,"A0493","2026-06-24 00:58:26",0.17,36.790907,-101.398354
1003,"A0545","2026-06-25 17:58:24",2.75,36.240694,-95.00361
1004,"A0317","2026-06-22 09:21:47",0.85,35.563644,-100.393427
1005,"A0454","2026-06-26 13:06:41",2.69,34.209495,-97.284058
1006,"A1022","2026-06-08 00:40:58",1.58,36.239541,-102.029716
1007,"A0337","2026-06-15 08:19:56",1.49,34.2992,-99.754547
1008,"A0284","2026-06-19 13:33:01",0.54,35.604307,-101.730847
1009,"A1126","2026-06-07 04:36:15",2.41,34.648367,-100.173125
1010,"A1156","2026-06-16 17:45:33",2.76,35.232761,-102.831448
1011,"A0266","2026-06-08 22:13:11",0.87,34.435653,-95.428491
1012,"A1199","2026-06-24 13:47:35",1.21,36.850354,-100.649243
1013,"A0471","2026-06-21 16:30:30",1.05,35.117925,-96.797824
1014,"A0514","2026-06-06 23:16:18",0.45,36.202349,-97.154696
1015,"A0732","2026-06-21 14:04:58",1.35,34.007455,-101.234357
1016,"A0903","2026-06-05 05:52:27",0.6,35.541189,-99.010834
1017,"A0850","2026-06-25 10:47:27",0.31,33.8227,-96.393658
1018,"A0041","2026-06-23 01:57:02",0.18,34.579073,-99.477803
1019,"A0001","2026-06-01 14:45:29",1.44,36.751153,-96.566539
1020,"A0267","2026-06-01 20:55:43",1.79,34.052658,-99.278411
1021,"A0370","2026-06-14 22:13:43",1.7,36.052082,-100.869336
1022,"A0526","2026-06-27 15:53:44",1.68,34.511745,-97.576162
1023,"A1032","2026-06-19 03:55:35",0.46,35.764857,-99.242917
1024,"A0264","2026-06-08 13:50:27",1.93,35.975578,-96.541916
1025,"A0711","2026-06-21 13:14:45",0.29,33.778772,-96.352044
1026,"A1215","2026-06-20 22:27:50",1.13,33.785899,-96.699771
1027,"A0063","2026-06-27 07:03:10",2.8,33.608723,-102.530779
1028,"A0690","2026-06-01 16:27:32",0.23,34.850032,-97.072327
1029,"A0329","2026-06-24 17:15:06",0.96,36.420309,-98.116478
1030,"A1190","2026-06-06 04:01:00",0.24,34.377843,-99.849216
1031,"A0317","2026-06-10 01:46:48",1.92,36.164438,-102.059144
1032,"A0944","2026-06-05 21:49:06",0.49,33.643501,-97.600459
1033,"A1386","2026-06-25 11:04:57",0.92,36.010352,-102.038473
1034,"A0549","2026-06-13 07:11:14",0.29,34.635174,-98.455309
1035,"A0056","2026-06-16 01:07:39",2.64,36.204167,-96.513849
1036,"A1405","2026-06-20 19:47:46",2.79,35.227365,-95.123648
1037,"A0052","2026-06-16 22:03:14",1.05,36.364873,-100.022341
1038,"A0073","2026-06-04 15:40:35",1.93,33.922227,-95.450997
1039,"A1152","2026-06-01 06:15:40",1.93,35.369223,-97.282872
1040,"A1155","2026-06-05 13:27:18",2.63,36.15296,-102.577962
1041,"A0034","2026-06-08 01:14:53",2.19,33.791105,-95.810645
1042,"A0099","2026-06-03 09:06:28",0.51,34.349914,-95.895275
1043,"A0936","2026-06-25 16:21:29",0.9,35.09852,-95.395398
1044,"A0442","2026-06-10 08:47:11",1.05,34.523841,-98.999503
1045,"A1155","2026-06-22 03:55:52",0.81,36.811198,-102.3552
1046,"A0096","2026-06-23 13:30:25",0.58,36.711064,-99.174384
1047,"A0774","2026-06-05 17:44:18",2.41,34.551759,-100.87693
1048,"A1128","2026-06-22 12:58:18",1.7,35.682448,-100.227641
1049,"A0719","2026-06-03 15:08:43",2.55,34.0795,-101.132277
1050,"A0991","2026-06-04 03:24:22",2.56,35.13671,-101.439295
1051,"A0020","2026-06-15 09:05:01",1.68,33.699365,-99.756356
1052,"A0915","2026-06-16 08:27:39",2.03,34.742837,-95.698963
1053,"A1170","2026-06-15 13:16:56",0.38,35.731058,-95.097924
1054,"A1123","2026-06-18 23:03:05",1.29,34.984888,-94.42367
1055,"A1399","2026-06-26 22:17:46",2.25,36.19584,-99.174078
1056,"A0651","2026-06-02 00:04:20",0.32,35.467719,-97.091425
1057,"A0581","2026-06-15 19:56:45",0.71,36.367289,-102.69219
1058,"A0204","2026-06-03 22:15:47",1.11,34.599395,-94.649354
1059,"A1316","2026-06-17 12:48:38",1.27,36.068023,-101.215032
1060,"A0796","2026-06-11 09:30:33",1.98,35.392582,-94.757538
1061,"A0311","2026-06-12 21:34:04",2.57,36.464808,-97.056698
1062,"A0021","2026-06-03 16:27:27",0.85,35.172512,-101.528387
1063,"A0096","2026-06-03 20:28:12",0.24,36.68005,-101.739409
1064,"A0127","2026-06-06 10:40:44",1.35,34.986036,-96.319742
1065,"A0138","2026-06-23 10:26:33",2.18,34.691989,-101.205808
1066,"A0788","2026-06-05 22:48:34",1.47,36.892979,-98.770697
1067,"A1193","2026-06-08 08:16:57",1.76,34.323553,-94.936228
1068,"A0303","2026-06-24 08:39:48",2.11,36.778799,-102.88375
1069,"A1202","2026-06-05 09:00:02",1.74,36.264055,-101.539837
1070,"A0331","2026-06-05 22:08:30",1.64,35.154786,-102.90707
1071,"A0284","2026-06-11 15:22:16",1.73,36.879661,-101.247131
1072,"A0082","2026-06-15 01:32:16",0.96,35.797095,-94.970111
1073,"A0194","2026-06-09 05:37:57",1.13,35.429297,-97.473075
1074,"A1045","2026-06-01 02:36:55",0.31,34.50352,-97.346424
1075,"A1268","2026-06-14 03:04:45",1.61,36.368146,-95.865156
1076,"A0954","2026-06-27 10:02:27",2.53,36.285065,-96.022766
1077,"A0695","2026-06-30 17:04:21",1.09,36.453254,-99.511749
1078,"A1171","2026-06-18 05:31:36",1.95,35.066426,-99.549175
1079,"A0911","2026-06-30 15:57:10",1.71,34.694222,-98.545928
1080,"A0220","2026-06-10 03:55:38",2.72,36.781656,-95.093372
1081,"A0088","2026-06-30 08:28:15",0.83,35.49625,-95.225754
1082,"A0226","2026-06-01 21:38:54",1.77,34.770517,-100.525016
1083,"A1194","2026-06-03 18:10:37",1.78,35.874716,-100.312967
1084,"A0309","2026-06-23 07:53:53",0.47,34.117603,-99.301221
1085,"A0247","2026-06-12 05:06:07",2.61,36.176917,-100.663931
1086,"A1170","2026-06-25 02:55:52",2.52,35.209374,-99.898276
1087,"A1019","2026-06-21 02:14:12",0.57,34.727761,-97.555969
1088,"A0587","2026-06-18 03:11:25",1.26,35.046584,-94.868491
1089,"A0861","2026-06-15 16:01:19",0.96,33.978849,-95.111795
1090,"A1089","2026-06-05 02:05:29",0.77,35.530794,-99.570738
1091,"A1031","2026-06-15 10:11:54",0.87,36.1457,-101.32242
1092,"A1070","2026-06-08 08:36:21",1.44,34.212603,-99.510707
1093,"A0163","2026-06-23 08:56:59",2.47,33.824034,-95.241758
1094,"A0497","2026-06-08 14:30:10",0.35,35.261831,-97.143803
1095,"A1037","2026-06-30 01:18:35",1.1,34.681996,-99.398081
1096,"A1360","2026-06-14 12:39:55",1.88,35.960885,-101.493483
1097,"A1404","2026-06-02 07:32:49",2.36,36.471124,-99.705638
1098,"A1308","2026-06-19 22:16:32",0.84,35.384853,-97.494777
1099,"A0865","2026-06-17 05:18:27",1.39,34.669197,-95.612558
1100,"A0881","2026-06-22 12:23:40",0.57,34.233047,-100.988938
1101,"A1288","2026-06-04 05:59:50",0.8,35.56782,-95.162765
1102,"A0051","2026-06-16 15:43:08",1.44,35.980094,-102.960284
1103,"A0068","2026-06-20 07:10:42",2.25,34.267832,-101.514397
1104,"A0620","2026-06-30 16:49:16",1.78,34.650381,-99.472675
1105,"A1291","2026-06-25 06:39:43",0.8,35.683183,-101.12618
1106,"A1034","2026-06-06 02:18:08",2.43,34.871165,-97.795396
1107,"A0960","2026-06-01 06:38:40",0.96,36.212572,-99.644227
1108,"A1141","2026-06-14 02:24:53",1.81,33.782778,-94.636455
1109,"A1227","2026-06-25 03:37:59",0.96,36.572222,-101.600622
1110,"A1101","2026-06-04 09:42:07",1.15,36.877081,-98.027368
1111,"A0571","2026-06-24 04:37:58",2.34,36.053836,-101.788673
1112,"A0125","2026-06-05 09:41:22",2.06,34.857426,-101.893788
1113,"A0663","2026-06-26 17:59:15",2.75,35.133552,-96.900545
1114,"A0276","2026-06-17 09:55:20",2.23,36.756714,-100.31257
1115,"A0708","2026-06-14 22:56:43",0.34,34.245395,-97.806605
1116,"A0291","2026-06-16 04:51:46",2.02,34.724306,-100.716318
1117,"A1364","2026-06-12 16:38:08",0.62,34.937148,-98.52547
1118,"A1107","2026-06-30 01:19:13",1.58,33.823127,-99.385719
1119,"A0167","2026-06-08 04:34:34",0.5,36.19755,-98.525861
1120,"A1146","2026-06-15 13:00:22",1.79,34.818198,-100.721538
1121,"A1319","2026-06-19 10:18:59",0.37,36.859858,-95.237989
1122,"A1120","2026-06-30 02:26:52",0.98,36.90761,-98.931093
1123,"A0352","2026-06-11 17:23:33",1.65,35.647814,-98.507795
1124,"A0063","2026-06-07 16:54:43",0.57,34.183767,-101.295445
1125,"A1061","2026-06-05 15:13:41",1.61,34.624504,-96.412123
1126,"A0059","2026-06-07 06:57:58",1.61,35.175749,-101.347137
1127,"A0176","2026-06-09 06:20:48",1.06,34.025486,-98.162577
1128,"A0799","2026-06-25 19:07:29",0.72,35.453525,-102.314227
1129,"A0187","2026-06-20 06:55:15",0.93,34.852341,-100.289944
1130,"A1205","2026-06-18 15:05:06",2.12,35.400629,-97.481215
1131,"A0341","2026-06-14 07:39:11",2.09,36.805656,-97.490201
1132,"A1116","2026-06-11 01:31:38",1.88,34.766115,-96.621008
1133,"A0431","2026-06-18 13:36:28",0.16,33.845319,-95.272052
1134,"A0762","2026-06-25 07:38:15",2.06,36.820691,-95.977227
1135,"A1369","2026-06-07 01:11:17",2.54,34.134572,-100.750939
1136,"A1164","2026-06-07 06:57:29",2.05,36.581734,-102.077295
1137,"A0860","2026-06-25 12:16:56",1.57,35.718406,-96.601401
1138,"A0353","2026-06-14 15:28:39",0.84,36.578146,-100.969413
1139,"A1047","2026-06-16 23:54:47",2.27,33.603281,-101.513878
1140,"A0122","2026-06-20 08:21:39",1.78,34.998484,-95.936312
1141,"A0471","2026-06-23 19:11:07",1.36,36.717855,-100.879123
1142,"A0215","2026-06-28 09:56:03",1.07,34.544529,-95.079631
1143,"A0489","2026-06-20 17:58:38",1.48,34.947003,-97.922023
1144,"A0532","2026-06-06 00:01:17",1.06,36.26171,-94.814509
1145,"A1388","2026-06-12 01:08:30",1.15,34.984435,-97.060015
1146,"A0522","2026-06-03 02:22:40",2.55,35.650183,-101.90756
1147,"A0707","2026-06-01 18:40:38",0.88,36.029771,-94.657382
1148,"A0283","2026-06-22 11:53:06",2.1,36.999743,-102.299106
1149,"A0843","2026-06-24 04:21:58",2.38,36.989979,-100.041671
1150,"A0359","2026-06-19 01:56:42",1.17,35.502584,-95.916424
1151,"A1001","2026-06-13 11:46:36",1.54,34.13911,-102.166896
1152,"A1007","2026-06-29 11:00:25",1.26,35.234168,-97.455125
1153,"A0860","2026-06-24 08:45:22",0.4,34.454785,-96.687156
1154,"A1087","2026-06-18 07:23:32",1.84,35.477606,-97.443347
1155,"A1148","2026-06-11 13:34:11",1.88,36.023201,-102.345974
1156,"A1247","2026-06-19 07:47:12",1.99,34.120616,-96.343435
1157,"A0481","2026-06-01 11:03:52",0.6,33.795731,-99.776616
1158,"A0023","2026-06-04 19:10:55",1.04,36.436062,-99.562854
1159,"A0357","2026-06-21 00:22:28",0.14,35.246106,-96.758715
1160,"A1320","2026-06-15 01:21:10",0.74,36.123564,-101.296828
1161,"A0964","2026-06-20 22:31:58",1.32,35.602546,-100.954606
1162,"A0087","2026-06-05 00:11:19",1.39,35.656549,-98.322186
1163,"A1331","2026-06-18 23:08:16",1.34,35.633233,-95.578383
1164,"A0528","2026-06-03 08:37:01",1.79,33.904973,-100.43498
1165,"A1164","2026-06-23 16:10:37",1.92,35.373144,-102.581605
1166,"A1141","2026-06-28 12:54:09",0.5,36.052903,-102.466038
1167,"A0096","2026-06-02 17:14:55",2.57,36.177563,-102.973855
1168,"A0822","2026-06-23 15:06:15",2.23,36.047234,-95.272942
1169,"A0903","2026-06-30 21:12:44",2.31,34.799914,-94.72571
1170,"A1283","2026-06-03 17:12:50",1.5,36.408791,-101.245167
1171,"A0821","2026-06-03 11:10:47",0.7,35.615718,-96.434572
1172,"A0916","2026-06-11 23:14:27",0.93,35.657189,-101.513465
1173,"A1341","2026-06-03 00:37:23",2.03,36.413595,-94.72138
1174,"A1156","2026-06-25 11:49:36",0.48,33.976529,-100.318522
1175,"A1306","2026-06-16 15:56:29",1.53,36.050165,-97.339662
1176,"A0628","2026-06-07 16:40:49",1.95,36.116071,-98.057496
1177,"A0945","2026-06-14 18:22:44",1.97,35.58948,-98.712654
1178,"A0911","2026-06-11 15:02:13",2.8,35.590146,-94.677762
1179,"A0729","2026-06-03 04:33:00",1.04,35.435856,-97.507261
1180,"A0013","2026-06-22 17:05:03",2.45,34.714019,-101.326869
1181,"A1141","2026-06-10 11:54:03",0.78,36.973199,-100.867782
1182,"A0491","2026-06-12 04:30:25",0.72,35.02617,-102.516972
1183,"A0701","2026-06-30 17:08:48",2.39,34.948265,-95.130594
1184,"A0750","2026-06-20 13:21:08",2.41,34.237184,-99.115263
1185,"A1253","2026-06-08 12:58:17",1.57,34.977445,-100.312638
1186,"A1055","2026-06-06 09:26:36",2.01,35.532275,-98.900965
1187,"A1048","2026-06-06 10:01:06",2.13,35.622263,-99.810324
1188,"A0598","2026-06-06 04:13:32",0.5,36.318086,-97.60725
1189,"A1249","2026-06-28 10:25:11",0.8,36.43719,-101.243939
1190,"A0866","2026-06-21 21:31:02",1.09,33.92181,-98.271062
1191,"A0932","2026-06-14 03:41:14",0.11,35.288533,-97.392582
1192,"A0187","2026-06-21 07:36:19",2.75,34.457094,-96.733178
1193,"A1349","2026-06-04 10:24:39",0.96,35.35446,-102.088762
1194,"A0603","2026-06-25 02:57:15",2.41,35.409887,-98.407793
1195,"A1341","2026-06-07 12:24:22",1.6,34.351753,-99.316631
1196,"A0019","2026-06-07 15:10:37",0.7,34.46573,-95.942793
1197,"A0033","2026-06-08 08:31:41",2.74,36.721622,-102.91652
1198,"A0458","2026-06-12 05:19:40",2.2,36.322555,-97.816458
1199,"A1055","2026-06-04 09:57:04",1.42,34.764388,-97.851574
1200,"A0804","2026-06-16 17:06:30",1.31,33.759726,-97.769367
1201,"A1167","2026-06-16 17:13:32",0.13,35.719017,-96.931928
1202,"A1308","2026-06-10 04:01:45",2.54,34.096257,-101.052476
1203,"A0740","2026-06-16 17:52:41",0.95,36.608338,-95.643371
1204,"A0730","2026-06-12 14:31:45",0.9,35.146567,-102.917769
1205,"A1366","2026-06-02 16:58:35",0.54,33.768751,-100.986092
1206,"A0814","2026-06-23 01:31:14",2.38,35.732193,-95.787044
1207,"A1147","2026-06-06 02:02:29",1.97,36.701495,-102.539106
1208,"A0072","2026-06-26 00:30:42",0.7,34.823632,-95.878466
1209,"A0810","2026-06-22 21:37:58",1.18,36.019471,-94.804592
1210,"A0838","2026-06-26 14:38:16",2.3,36.888808,-97.772821
1211,"A0708","2026-06-20 12:48:16",2.1,34.960754,-102.652309
1212,"A0811","2026-06-12 19:32:32",1.46,35.157976,-97.719182
1213,"A0103","2026-06-14 13:35:20",2.3,36.111543,-94.895804
1214,"A1022","2026-06-13 15:30:30",1.52,34.765543,-99.235449
1215,"A0223","2026-06-22 22:16:55",0.58,34.559362,-101.778589
1216,"A0485","2026-06-06 22:42:06",2.11,36.68183,-99.55249
1217,"A0474","2026-06-25 17:50:14",2.41,35.287212,-97.061537
1218,"A0750","2026-06-20 06:29:30",1.73,35.807469,-98.967703
1219,"A0276","2026-06-08 14:55:46",0.74,34.304069,-98.436828
1220,"A1132","2026-06-24 00:15:49",0.3,34.119252,-100.907828
1221,"A1035","2026-06-06 10:45:24",1.25,35.928181,-99.073592
1222,"A0561","2026-06-13 03:01:56",0.86,33.780589,-96.210086
1223,"A0253","2026-06-07 22:16:38",1.07,34.945977,-101.353901
1224,"A0029","2026-06-09 10:49:26",0.79,33.718731,-99.364649
1225,"A0215","2026-06-12 09:45:38",0.15,34.990462,-100.802709
1226,"A0677","2026-06-11 15:32:17",1.86,36.150538,-94.769328
1227,"A0341","2026-06-29 09:31:19",1.07,36.727309,-100.89316
1228,"A0030","2026-06-02 11:14:48",2.02,33.983052,-102.16604
1229,"A0436","2026-06-13 14:29:37",0.15,36.763508,-96.727392
1230,"A0134","2026-06-26 08:56:01",1.08,34.888997,-98.922677
1231,"A0703","2026-06-29 12:22:48",0.28,34.424009,-97.131696
1232,"A0311","2026-06-22 07:11:42",0.55,34.596808,-99.740528
1233,"A0931","2026-06-28 20:43:20",1.66,36.338213,-99.925341
1234,"A1268","2026-06-07 08:50:06",2.77,36.723418,-100.559447
1235,"A1051","2026-06-12 06:36:47",1.8,35.939101,-97.841654
1236,"A0462","2026-06-04 17:32:55",1.83,35.22955,-97.015008
1237,"A1056","2026-06-18 15:04:02",2.13,36.219676,-97.230777
1238,"A0316","2026-06-01 18:19:30",0.41,33.609373,-96.571376
1239,"A1108","2026-06-16 01:00:02",0.79,36.100152,-99.783282
1240,"A1028","2026-06-08 02:41:52",0.33,36.350882,-100.486631
1241,"A0615","2026-06-05 03:35:18",1.96,34.538328,-100.031671
1242,"A0179","2026-06-08 22:08:03",0.29,35.680537,-101.310581
1243,"A0422","2026-06-02 22:02:35",2.46,35.302837,-95.14564
1244,"A1186","2026-06-28 01:45:36",1.02,35.154085,-102.10229
1245,"A0018","2026-06-07 20:19:35",0.97,34.469873,-102.880375
1246,"A0359","2026-06-08 03:55:33",1.47,35.161985,-95.985034
1247,"A0291","2026-06-22 13:14:44",2.03,34.8917,-97.935974
1248,"A0237","2026-06-21 09:59:37",2.39,36.272246,-96.157778
1249,"A0288","2026-06-08 21:08:35",0.23,34.644645,-94.799671
1250,"A0542","2026-06-10 09:26:41",1.72,35.987966,-98.40209
1251,"A0153","2026-06-14 13:18:42",1.05,35.096455,-100.569745
1252,"A0275","2026-06-13 20:30:19",0.28,34.954961,-95.411903
1253,"A0556","2026-06-18 15:11:58",1.44,36.280618,-101.101082
1254,"A0615","2026-06-04 16:32:00",2.37,35.386949,-101.646233
1255,"A1042","2026-06-04 12:09:58",1.98,34.000076,-96.463111
1256,"A1354","2026-06-14 07:04:03",1.45,35.002314,-96.80337
1257,"A0307","2026-06-26 09:19:34",0.57,35.866554,-95.595114
1258,"A0882","2026-06-12 18:13:05",0.75,35.13505,-96.997551
1259,"A0624","2026-06-03 00:27:15",1.18,35.591711,-100.98448
1260,"A1071","2026-06-22 22:58:22",1.44,35.997527,-97.25488
1261,"A1327","2026-06-24 05:29:46",1.58,36.428111,-95.625078
1262,"A0387","2026-06-24 03:45:46",1.58,35.242126,-94.541368
1263,"A0688","2026-06-22 13:31:36",2.31,33.803276,-101.70752
1264,"A0183","2026-06-02 03:56:58",1.26,36.356717,-98.124331
1265,"A0630","2026-06-27 14:49:42",2.22,36.004037,-100.627623
1266,"A0287","2026-06-15 15:48:09",0.55,36.721885,-102.897215
1267,"A0436","2026-06-11 18:44:07",1.27,35.736753,-96.518885
1268,"A1121","2026-06-07 12:53:02",0.95,35.842792,-99.827747
1269,"A1004","2026-06-07 07:03:27",1.76,34.66246,-96.520375
1270,"A0701","2026-06-27 09:42:41",1.09,35.116569,-102.034169
1271,"A0532","2026-06-04 09:51:47",1.76,35.467846,-97.081064
1272,"A1002","2026-06-14 16:06:52",0.62,34.65668,-100.917186
1273,"A0952","2026-06-25 17:10:49",0.69,34.804366,-101.57667
1274,"A1110","2026-06-11 07:10:04",2.75,35.361542,-98.378379
1275,"A1396","2026-06-30 03:19:38",2.78,36.838518,-95.860357
1276,"A1196","2026-06-20 15:22:25",0.15,35.754644,-101.050859
1277,"A0570","2026-06-25 00:11:16",1.67,35.706624,-97.475268
1278,"A1098","2026-06-25 10:17:53",0.61,35.361672,-97.558923
1279,"A0874","2026-06-05 19:59:34",1.95,35.124619,-94.808805
1280,"A0903","2026-06-01 11:32:30",0.36,35.409552,-102.897195
1281,"A0107","2026-06-12 19:48:53",0.35,35.216762,-100.586556
1282,"A0017","2026-06-08 01:48:18",1.41,34.344433,-95.192891
1283,"A0296","2026-06-01 01:34:32",1.2,34.527727,-94.646002
1284,"A0165","2026-06-21 09:00:59",0.62,36.293576,-96.282248
1285,"A0207","2026-06-23 23:49:03",1.26,35.660863,-98.278815
1286,"A0977","2026-06-22 01:56:49",2.27,36.04863,-98.039271
1287,"A0143","2026-06-14 20:03:33",2.23,34.16568,-94.547023
1288,"A0337","2026-06-19 05:01:41",1.91,36.077118,-98.037377
1289,"A1173","2026-06-05 09:29:58",1.96,35.55705,-101.39294
1290,"A0670","2026-06-05 09:22:25",2.03,33.690714,-99.450365
1291,"A0164","2026-06-22 15:31:50",1.23,33.705477,-100.845007
1292,"A1406","2026-06-21 20:54:17",1.23,35.709236,-99.05177
1293,"A0950","2026-06-13 21:18:15",1.95,34.910603,-98.196265
1294,"A1090","2026-06-26 12:28:40",0.71,34.312342,-95.865589
1295,"A0524","2026-06-06 06:43:54",1.85,36.542657,-100.121105
1296,"A0283","2026-06-17 06:05:15",0.33,34.144528,-96.883971
1297,"A0067","2026-06-02 16:21:09",2.4,34.76113,-100.464377
1298,"A0787","2026-06-02 04:17:56",1,36.423292,-100.063363
1299,"A0930","2026-06-18 08:59:39",2.45,36.144757,-95.000399
1300,"A0536","2026-06-19 13:45:43",0.99,35.090209,-102.839905
1301,"A1188","2026-06-12 14:15:18",1.97,36.933877,-101.420247
1302,"A0040","2026-06-11 02:45:24",0.91,35.982788,-101.778896
1303,"A1201","2026-06-20 03:05:27",0.44,36.48219,-94.744719
1304,"A1109","2026-06-13 07:53:57",1.71,35.840735,-95.813647
1305,"A1214","2026-06-04 18:40:22",1.12,36.110462,-98.458369
1306,"A0150","2026-06-18 05:41:45",1.9,34.083965,-100.771192
1307,"A0629","2026-06-30 07:25:32",1.06,36.259791,-98.907182
1308,"A0727","2026-06-28 05:39:39",0.32,36.283383,-95.798634
1309,"A0664","2026-06-30 00:30:16",2.63,33.892649,-102.021906
1310,"A0549","2026-06-16 03:37:51",2.44,36.649308,-96.055014
1311,"A1125","2026-06-10 00:52:39",1.22,34.208197,-98.387715
1312,"A0443","2026-06-16 06:37:48",0.81,35.960345,-97.66793
1313,"A0630","2026-06-10 02:33:11",0.8,36.929449,-101.199607
1314,"A0432","2026-06-26 21:15:17",2.28,33.859967,-96.812826
1315,"A0845","2026-06-10 20:44:46",2.74,34.617131,-94.469096
1316,"A0644","2026-06-22 21:00:22",0.17,35.297855,-96.087552
1317,"A1007","2026-06-14 03:20:18",2.64,36.569185,-100.539776
1318,"A1215","2026-06-07 02:38:54",1.79,36.751182,-102.680917
1319,"A1258","2026-06-13 12:17:08",1.33,35.933544,-97.621442
1320,"A1400","2026-06-06 12:11:03",0.94,33.659324,-98.481231
1321,"A1312","2026-06-13 04:09:38",1.98,33.930539,-98.362832
1322,"A1008","2026-06-21 18:51:54",0.46,35.097513,-101.558488
1323,"A1273","2026-06-16 01:54:10",0.44,36.211387,-97.009586
1324,"A0453","2026-06-24 07:07:40",0.12,35.816251,-101.322831
1325,"A0634","2026-06-26 21:15:09",2.05,34.624005,-101.83521
1326,"A0851","2026-06-26 19:05:58",1.35,34.791535,-96.145319
1327,"A0570","2026-06-07 21:00:18",0.87,34.71448,-102.523851
1328,"A0871","2026-06-02 03:16:59",0.3,36.586986,-102.712141
1329,"A0763","2026-06-13 03:26:14",1.3,34.583649,-95.534772
1330,"A1256","2026-06-10 16:56:36",1.7,36.90355,-96.534052
1331,"A0428","2026-06-16 09:56:29",0.64,36.471612,-96.630783
1332,"A1290","2026-06-14 14:16:02",0.44,34.65747,-100.297648
1333,"A0315","2026-06-18 04:48:42",0.14,36.240186,-94.751646
1334,"A0392","2026-06-24 16:07:57",0.41,34.766315,-97.033156
1335,"A0319","2026-06-19 09:12:18",0.32,35.96958,-96.781936
1336,"A1172","2026-06-02 11:11:00",1.69,34.91355,-95.27473
1337,"A0500","2026-06-06 01:57:45",2.26,36.181323,-95.920378
1338,"A0038","2026-06-10 14:05:51",1.08,35.857397,-98.932968
1339,"A0231","2026-06-22 17:24:28",0.34,33.704386,-94.833566
1340,"A0896","2026-06-08 07:40:32",0.8,33.659698,-95.763934
1341,"A0287","2026-06-11 14:10:50",0.84,35.242204,-96.108208
1342,"A0290","2026-06-28 23:21:43",1.23,34.224421,-97.956846
1343,"A1141","2026-06-29 05:27:51",0.56,34.554872,-97.083335
1344,"A0443","2026-06-07 20:18:53",1.2,35.638935,-95.854777
1345,"A0076","2026-06-07 23:51:28",1.29,34.355063,-101.493624
1346,"A0333","2026-06-02 12:56:03",2.25,34.040229,-95.479491
1347,"A0028","2026-06-11 19:21:00",2.05,34.295264,-98.206001
1348,"A0382","2026-06-23 03:55:51",2.55,36.415634,-96.152066
1349,"A0684","2026-06-23 06:47:05",1.09,34.781433,-96.706458
1350,"A0007","2026-06-20 19:08:41",0.72,36.523883,-94.794144
1351,"A1255","2026-06-07 00:34:02",0.56,34.306144,-97.201126
1352,"A0605","2026-06-29 10:23:24",1.36,35.517144,-100.502511
1353,"A0460","2026-06-18 23:32:16",2.05,34.100127,-100.79083
1354,"A1056","2026-06-29 14:01:40",1.34,35.264945,-95.538602
1355,"A1109","2026-06-28 23:01:31",1.57,33.828025,-101.895861
1356,"A1119","2026-06-01 12:12:12",1.19,34.982664,-95.260539
1357,"A0147","2026-06-07 05:49:33",2.6,36.896756,-96.48668
1358,"A0231","2026-06-16 05:58:23",0.57,33.807116,-100.218229
1359,"A1368","2026-06-20 09:58:05",1.36,35.917182,-98.90058
1360,"A1065","2026-06-03 12:04:40",2.53,36.667099,-96.823715
1361,"A0554","2026-06-08 10:16:00",2.38,35.438002,-98.264624
1362,"A0295","2026-06-27 07:01:47",0.95,34.64476,-100.644557
1363,"A0667","2026-06-27 03:45:18",1.05,36.719534,-96.584481
1364,"A1284","2026-06-17 16:37:46",0.29,34.630147,-101.399095
1365,"A0290","2026-06-08 09:46:29",2.33,34.122631,-99.605375
1366,"A0922","2026-06-03 13:33:19",1.75,36.925566,-101.41481
1367,"A0559","2026-06-29 00:06:04",1.56,35.343199,-95.540403
1368,"A0192","2026-06-22 14:08:47",1.07,36.807083,-94.521116
1369,"A1345","2026-06-24 12:51:01",0.9,36.456136,-100.651563
1370,"A0657","2026-06-20 15:15:57",1.33,34.92609,-97.541316
1371,"A1151","2026-06-11 10:13:59",1.53,34.713992,-99.277998
1372,"A0223","2026-06-23 22:35:30",1.56,36.695798,-95.218957
1373,"A0420","2026-06-15 03:29:25",1.71,33.935264,-94.81507
1374,"A1252","2026-06-26 16:26:33",0.73,34.163105,-100.971515
1375,"A1190","2026-06-10 10:03:30",2.68,34.554861,-97.796993
1376,"A1017","2026-06-02 14:07:13",2.54,34.029628,-96.016162
1377,"A0060","2026-06-07 19:49:17",2.39,34.381614,-98.661312
1378,"A1041","2026-06-17 04:53:03",0.92,36.425982,-97.065498
1379,"A1007","2026-06-12 22:36:48",1.01,35.899885,-101.042086
1380,"A0361","2026-06-25 19:10:27",0.34,35.906194,-95.379278
1381,"A0750","2026-06-27 23:34:12",1.41,36.363292,-102.07109
1382,"A0488","2026-06-24 14:59:57",1.65,33.658152,-102.415667
1383,"A0494","2026-06-23 00:17:41",2.2,35.327068,-97.90063
1384,"A0059","2026-06-19 17:34:32",2.06,34.430975,-95.015824
1385,"A0154","2026-06-09 05:47:15",0.28,34.807664,-97.956398
1386,"A0753","2026-06-11 15:56:07",1.59,34.662009,-102.229475
1387,"A0032","2026-06-24 21:15:54",1.68,33.6404,-94.97476
1388,"A0218","2026-06-22 00:40:03",1.51,34.929344,-95.595463
1389,"A0327","2026-06-21 07:49:52",1.71,34.976987,-100.011791
1390,"A0325","2026-06-21 05:18:05",0.72,36.182431,-96.90212
1391,"A0625","2026-06-06 15:22:14",2.48,36.153483,-97.844292
1392,"A0669","2026-06-30 20:22:50",0.73,35.232882,-101.584634
1393,"A1368","2026-06-08 21:44:21",2.09,34.172947,-99.041517
1394,"A0896","2026-06-11 07:03:18",1,36.195712,-102.930733
1395,"A1301","2026-06-19 07:53:37",2.21,35.647612,-95.142618
1396,"A0341","2026-06-03 01:38:31",0.65,34.491239,-95.855448
1397,"A0421","2026-06-03 20:51:48",1.87,35.597311,-100.446887
1398,"A1210","2026-06-12 07:08:14",1.25,36.193846,-97.103814
1399,"A0480","2026-06-23 19:22:36",2.29,33.986157,-97.359825
1400,"A0523","2026-06-28 02:43:55",2.12,34.638422,-101.279308
1401,"A0087","2026-06-01 13:09:40",2.78,36.765458,-95.121698
1402,"A0484","2026-06-13 12:09:59",0.88,36.529034,-95.594285
1403,"A0150","2026-06-25 13:53:40",1.59,35.990455,-96.285143
1404,"A0092","2026-06-13 09:45:12",2.74,33.819289,-96.036296
1405,"A0498","2026-06-01 15:05:56",2.33,36.316299,-96.288244
1406,"A1359","2026-06-07 15:52:50",1.83,34.577336,-95.985336
1407,"A0097","2026-06-15 18:46:34",2.46,34.664728,-99.954183
1408,"A0841","2026-06-03 20:36:46",2.48,35.243683,-95.406791
1409,"A0291","2026-06-10 04:10:20",0.38,36.771365,-97.088158
1410,"A1028","2026-06-10 20:35:20",0.9,33.661574,-99.60386
1411,"A0246","2026-06-15 20:30:26",1.37,34.555988,-101.8021
1412,"A0118","2026-06-08 02:41:06",2.37,36.314371,-97.978273
1413,"A0553","2026-06-14 15:25:20",1.05,35.563777,-97.069387
1414,"A1401","2026-06-12 01:00:04",0.2,34.639354,-100.835637
1415,"A0331","2026-06-17 14:22:39",0.66,33.931965,-97.397838
1416,"A0297","2026-06-04 19:53:17",0.87,34.944381,-102.044407
1417,"A0272","2026-06-28 22:06:44",0.68,34.332725,-96.740294
1418,"A0620","2026-06-24 05:44:17",0.38,35.029186,-98.768953
1419,"A0525","2026-06-11 16:29:27",0.81,35.126688,-95.944383
1420,"A0408","2026-06-23 21:06:21",0.14,34.391452,-102.474195
1421,"A0854","2026-06-06 02:54:02",0.81,36.210944,-96.032708
1422,"A1404","2026-06-30 23:58:36",1.15,33.987595,-99.282558
1423,"A0772","2026-06-12 08:00:19",2.32,34.66064,-95.320744
1424,"A0712","2026-06-08 02:14:58",1.08,33.769887,-95.857712
1425,"A0894","2026-06-22 04:34:41",2.13,34.492632,-100.551034
1426,"A0906","2026-06-07 11:23:43",0.91,35.282736,-102.550413
1427,"A0383","2026-06-19 03:04:26",1.37,35.272463,-100.235174
1428,"A0037","2026-06-02 18:21:23",0.53,36.389135,-98.51972
1429,"A0078","2026-06-30 18:29:37",1.46,33.72604,-96.769769
1430,"A1126","2026-06-15 03:04:14",0.78,35.166247,-98.740255
1431,"A0761","2026-06-05 03:44:49",2.72,34.080921,-96.078718
1432,"A1174","2026-06-15 05:56:46",2.05,36.021083,-101.129346
1433,"A0915","2026-06-22 15:48:12",0.35,33.797549,-101.899456
1434,"A1144","2026-06-29 14:53:34",0.4,35.043977,-96.552395
1435,"A1235","2026-06-30 21:21:10",1.65,36.557753,-99.121957
1436,"A1192","2026-06-06 19:03:15",0.21,35.278989,-97.049078
1437,"A1159","2026-06-27 06:33:51",2.1,35.128764,-102.1231
1438,"A0351","2026-06-22 21:34:50",1.74,35.806666,-95.801715
1439,"A0548","2026-06-30 13:27:03",1.73,35.37164,-98.872151
1440,"A0625","2026-06-08 02:11:39",1.86,35.852565,-99.751369
1441,"A0138","2026-06-23 15:58:13",0.99,35.142298,-95.623847
1442,"A0650","2026-06-10 19:58:10",2.68,35.697299,-94.944158
1443,"A0330","2026-06-22 14:18:02",1.93,33.882504,-98.789027
1444,"A0605","2026-06-17 03:44:12",2.54,34.942324,-98.712038
1445,"A0331","2026-06-23 15:04:32",1.25,34.339032,-101.853868
1446,"A0242","2026-06-20 12:07:17",0.75,36.915915,-100.221226
1447,"A1341","2026-06-21 17:43:30",0.83,36.208149,-102.545061
1448,"A0637","2026-06-29 18:14:45",0.4,36.285516,-99.354961
1449,"A1078","2026-06-07 21:53:20",1.44,35.536314,-94.596429
1450,"A0194","2026-06-04 22:51:55",0.96,35.586635,-94.799501
1451,"A1185","2026-06-14 10:42:10",1.64,36.333165,-102.814928
1452,"A0277","2026-06-16 13:42:16",2.01,36.729673,-102.281063
1453,"A1171","2026-06-03 09:21:30",1.48,35.745845,-100.901877
1454,"A1158","2026-06-26 06:54:39",2.05,36.248291,-100.679707
1455,"A0195","2026-06-10 23:08:28",2.48,35.153078,-100.734069
1456,"A0602","2026-06-24 14:14:53",1.98,34.336838,-94.968969
1457,"A0491","2026-06-05 02:13:34",2.32,34.709919,-99.552764
1458,"A0377","2026-06-27 20:48:52",2.16,33.892701,-100.04347
1459,"A1098","2026-06-01 19:34:27",2.26,36.895047,-98.604492
1460,"A1007","2026-06-21 20:51:03",0.41,35.851277,-102.692132
1461,"A0323","2026-06-01 09:18:01",0.79,34.876416,-100.21549
1462,"A1284","2026-06-12 07:36:02",0.84,36.024174,-98.588394
1463,"A0294","2026-06-10 03:02:34",2.3,34.975589,-96.311538
1464,"A1103","2026-06-26 19:42:22",0.42,35.264409,-97.890417
1465,"A1270","2026-06-29 09:45:34",1.51,35.743711,-95.171233
1466,"A0472","2026-06-06 10:47:27",1.82,36.300747,-101.863096
1467,"A0369","2026-06-10 04:44:34",2.26,35.589098,-100.989309
1468,"A1037","2026-06-09 17:55:20",2.46,36.817891,-98.762014
1469,"A0831","2026-06-25 21:38:39",1.82,33.858514,-96.442614
1470,"A0095","2026-06-16 04:09:29",0.67,33.697371,-102.916287
1471,"A0326","2026-06-28 12:16:36",0.99,35.035731,-98.983243
1472,"A0834","2026-06-14 16:50:59",1.74,34.375837,-97.058757
1473,"A1164","2026-06-20 04:05:57",1.66,36.043546,-102.069017
1474,"A0250","2026-06-23 18:36:21",2.01,36.630142,-95.944983
1475,"A1257","2026-06-17 23:54:58",0.89,33.966393,-102.424443
1476,"A0187","2026-06-09 15:35:22",0.56,35.285101,-100.279909
1477,"A1410","2026-06-18 13:55:02",1.11,36.600311,-101.642543
1478,"A1126","2026-06-23 07:05:49",0.16,36.73413,-101.131506
1479,"A1212","2026-06-14 10:59:51",2.68,34.094655,-101.452939
1480,"A0683","2026-06-06 15:26:51",0.18,34.872404,-96.682435
1481,"A1139","2026-06-25 17:12:28",2.59,33.7018,-94.716748
1482,"A1134","2026-06-29 17:07:52",0.18,35.918766,-95.711992
1483,"A0321","2026-06-28 09:17:40",1.01,33.910687,-101.24112
1484,"A0418","2026-06-29 19:27:34",0.5,34.023268,-101.290136
1485,"A0690","2026-06-07 12:04:27",0.94,36.614967,-100.761732
1486,"A0551","2026-06-10 22:41:09",2.57,35.835974,-96.64609
1487,"A1180","2026-06-26 16:58:15",2.49,36.468474,-94.88664
1488,"A1349","2026-06-17 22:03:56",1.94,35.954305,-96.53239
1489,"A0943","2026-06-07 11:13:12",1.44,36.935347,-101.816682
1490,"A0413","2026-06-24 09:17:56",1.09,35.490024,-98.540695
1491,"A0694","2026-06-23 21:51:22",1.81,35.14079,-97.963812
1492,"A0021","2026-06-28 20:43:27",1.13,35.463971,-101.256619
1493,"A1060","2026-06-04 05:58:40",1.38,34.709561,-102.569003
1494,"A0964","2026-06-05 18:01:48",0.95,36.395943,-102.889199
1495,"A1256","2026-06-19 03:04:41",2.48,36.470416,-102.403931
1496,"A1153","2026-06-25 04:49:51",1.4,36.429538,-95.435464
1497,"A0666","2026-06-17 14:58:34",1.76,36.443393,-102.606903
1498,"A1332","2026-06-28 20:28:31",1.53,33.843743,-101.725915
1499,"A0960","2026-06-28 07:36:42",1.2,33.734062,-98.225521
1500,"A0976","2026-06-03 19:42:16",1.42,33.939095,-95.239847
1501,"A1103","2026-06-30 14:28:42",2.28,35.076405,-100.003543
1502,"A0398","2026-06-13 19:16:48",0.7,36.876696,-96.994727
1503,"A1372","2026-06-07 06:50:02",2.33,35.136803,-98.309055
1504,"A0688","2026-06-15 11:33:33",0.44,34.819063,-99.493084
1505,"A0270","2026-06-13 22:56:05",1.97,33.744242,-98.184186
1506,"A1085","2026-06-27 08:09:43",0.4,35.094394,-100.336394
1507,"A0461","2026-06-27 09:06:14",2.63,34.947185,-96.584133
1508,"A1032","2026-06-23 00:41:21",1.76,34.827628,-97.575205
1509,"A0859","2026-06-24 21:01:57",1.02,34.214087,-100.364612
1510,"A1272","2026-06-05 12:53:08",0.96,33.826646,-100.797163
1511,"A0015","2026-06-05 01:07:42",1.24,35.616013,-94.550451
1512,"A1335","2026-06-17 14:19:16",1.43,36.637025,-100.598847
1513,"A0725","2026-06-23 17:09:53",0.99,36.305954,-95.003747
1514,"A0025","2026-06-08 18:34:08",2.61,36.939864,-101.884514
1515,"A0890","2026-06-30 20:29:04",2.31,34.396693,-100.527471
1516,"A1210","2026-06-12 22:02:53",1.7,35.803578,-102.153282
1517,"A1025","2026-06-14 18:31:53",1.41,35.622737,-100.606077
1518,"A0054","2026-06-18 02:40:47",0.48,35.002791,-95.402109
1519,"A1229","2026-06-29 21:13:05",1.19,34.914619,-100.689846
1520,"A0552","2026-06-08 08:37:19",2.66,35.946683,-98.619982
1521,"A0328","2026-06-18 22:54:51",0.1,34.940021,-94.443656
1522,"A1359","2026-06-25 21:59:57",2.21,36.937035,-100.993528
1523,"A1114","2026-06-28 09:26:48",1.59,36.839736,-102.765609
1524,"A0536","2026-06-17 01:02:07",0.6,35.926091,-99.133859
1525,"A0172","2026-06-13 17:29:32",1.28,34.705816,-97.549062
1526,"A1360","2026-06-05 15:52:34",0.88,34.331589,-97.44089
1527,"A0197","2026-06-06 04:30:17",2.79,35.571388,-102.131256
1528,"A0132","2026-06-05 00:46:17",1.34,34.664328,-98.273946
1529,"A0697","2026-06-26 08:04:12",0.45,34.717063,-101.722835
1530,"A0968","2026-06-30 04:45:48",2.41,35.371272,-98.805297
1531,"A0470","2026-06-26 23:43:18",2.24,35.770956,-96.185853
1532,"A0975","2026-06-18 05:48:53",0.3,34.727593,-96.644877
1533,"A0670","2026-06-28 16:07:32",2.03,36.973245,-95.799605
1534,"A0056","2026-06-20 13:34:24",2.71,36.166896,-100.95367
1535,"A0607","2026-06-15 01:52:11",1.42,34.257527,-99.857858
1536,"A1204","2026-06-16 05:31:51",0.65,34.790266,-98.986006
1537,"A0842","2026-06-26 09:20:16",1.88,34.120578,-97.690397
1538,"A0083","2026-06-01 12:07:26",1.07,36.268543,-97.51288
1539,"A0096","2026-06-07 11:48:14",2.29,34.837042,-99.883857
1540,"A1157","2026-06-04 09:07:52",2.31,34.935889,-98.688809
1541,"A1100","2026-06-20 18:04:07",1.23,34.272125,-101.440002
1542,"A0646","2026-06-22 19:54:21",0.63,36.855897,-97.658257
1543,"A0832","2026-06-07 08:27:34",0.82,34.981514,-97.749567
1544,"A1011","2026-06-07 08:42:35",1.41,36.576897,-98.058057
1545,"A0719","2026-06-11 00:15:23",0.83,33.838265,-101.708469
1546,"A0984","2026-06-09 01:12:48",0.68,36.214374,-96.354938
1547,"A0682","2026-06-23 16:34:51",0.14,35.397187,-97.774708
1548,"A0929","2026-06-10 05:40:26",1.82,34.855837,-96.159249
1549,"A0378","2026-06-01 05:23:32",1.2,33.687526,-96.940081
1550,"A0350","2026-06-30 05:50:52",2.48,35.399221,-96.055355
1551,"A0541","2026-06-16 12:59:44",1.44,34.30018,-97.052233
1552,"A0518","2026-06-20 04:58:35",1.38,34.081778,-97.403989
1553,"A0232","2026-06-13 00:26:13",2.56,34.976975,-94.660057
1554,"A0281","2026-06-14 01:49:03",1.41,34.816912,-96.016299
1555,"A1129","2026-06-08 17:23:19",2,34.02136,-100.486059
1556,"A0370","2026-06-16 22:05:51",1.78,35.155735,-101.893786
1557,"A1295","2026-06-05 03:16:47",2.28,35.690478,-97.990423
1558,"A1096","2026-06-02 19:14:09",2.15,36.895572,-100.06317
1559,"A0790","2026-06-29 11:35:12",0.44,34.087191,-100.771805
1560,"A1022","2026-06-21 01:37:22",1.6,34.086149,-102.75033
1561,"A1074","2026-06-02 02:56:35",1.97,35.170411,-97.294666
1562,"A1396","2026-06-06 00:34:07",2.08,34.770768,-100.894964
1563,"A0036","2026-06-23 21:36:57",0.66,35.664062,-98.567266
1564,"A1193","2026-06-05 16:21:56",0.75,36.393318,-100.516225
1565,"A1099","2026-06-17 15:50:14",1.74,34.278285,-99.798782
1566,"A0312","2026-06-09 02:20:57",1.39,33.857377,-101.44734
1567,"A0671","2026-06-15 04:36:08",2.67,34.307019,-94.631954
1568,"A1104","2026-06-27 21:19:57",2.18,36.938567,-94.444372
1569,"A1252","2026-06-02 13:59:29",0.36,36.46279,-102.138619
1570,"A0673","2026-06-20 14:20:42",2.24,34.686764,-102.896837
1571,"A1163","2026-06-01 10:27:05",1.43,34.610398,-101.299036
1572,"A0834","2026-06-19 05:13:52",1.61,35.386231,-96.035637
1573,"A0904","2026-06-05 21:29:24",1.37,36.500528,-101.731196
1574,"A0118","2026-06-04 14:36:04",1.85,35.571589,-101.400955
1575,"A0791","2026-06-10 19:29:28",2.08,34.155829,-94.553452
1576,"A0877","2026-06-27 09:04:14",2.1,36.676097,-101.291201
1577,"A0754","2026-06-08 16:15:30",2.74,33.880151,-97.73455
1578,"A0042","2026-06-10 17:11:56",2.05,34.60457,-95.475168
1579,"A0479","2026-06-21 04:00:00",0.14,36.088052,-96.243994
1580,"A0180","2026-06-29 17:13:58",1.11,36.926366,-97.289173
1581,"A0435","2026-06-15 16:43:22",2.47,35.377793,-95.969973
1582,"A0260","2026-06-09 16:16:16",2.53,33.654734,-97.604364
1583,"A0173","2026-06-07 08:13:26",0.75,35.408971,-99.616775
1584,"A0931","2026-06-17 00:13:06",0.7,36.760289,-96.642405
1585,"A0251","2026-06-25 13:28:19",1.54,33.925295,-100.246588
1586,"A1202","2026-06-28 17:14:52",0.75,35.360507,-98.168255
1587,"A0017","2026-06-12 19:05:23",2.42,36.7205,-97.243565
1588,"A0747","2026-06-20 14:03:14",2.44,36.368273,-101.542448
1589,"A0202","2026-06-08 09:15:32",2.63,35.331105,-95.265031
1590,"A1007","2026-06-10 10:47:07",1.8,35.433216,-94.423267
1591,"A0831","2026-06-30 17:25:33",2.61,35.346573,-102.947083
1592,"A0912","2026-06-22 21:38:07",1.52,35.279271,-101.635301
1593,"A0287","2026-06-03 15:23:11",2.7,34.3013,-95.341221
1594,"A1018","2026-06-29 06:32:33",1.09,34.810251,-95.110506
1595,"A0622","2026-06-02 07:16:19",0.15,33.621263,-100.268741
1596,"A0070","2026-06-29 17:04:06",2.31,35.963416,-96.222791
1597,"A1058","2026-06-16 19:24:48",0.88,34.33454,-100.512609
1598,"A1364","2026-06-27 08:21:54",1.66,36.628429,-102.50754
1599,"A0512","2026-06-21 01:33:56",1.12,34.611543,-97.123336
1600,"A0395","2026-06-30 19:53:06",0.74,35.567258,-100.095931
1601,"A0386","2026-06-21 10:20:07",2.04,35.765104,-96.505976
1602,"A0357","2026-06-07 22:19:47",0.26,34.146989,-102.595767
1603,"A0121","2026-06-09 21:15:14",0.58,34.583676,-95.277927
1604,"A0388","2026-06-28 19:03:59",2.7,35.918724,-96.831541
1605,"A1086","2026-06-06 14:01:20",0.98,36.601969,-96.851045
1606,"A0915","2026-06-09 03:50:17",0.64,36.474768,-95.199892
1607,"A0379","2026-06-16 17:23:52",1.42,35.210266,-95.302208
1608,"A1135","2026-06-09 17:17:00",0.12,36.688563,-98.409772
1609,"A0325","2026-06-24 23:56:18",0.19,35.821547,-97.775064
1610,"A1042","2026-06-02 08:52:48",0.15,35.885518,-102.733619
1611,"A1166","2026-06-04 04:30:11",1.85,35.968184,-96.771706
1612,"A0733","2026-06-21 14:16:17",2.65,34.573003,-96.943969
1613,"A0907","2026-06-25 09:29:17",1.39,35.662975,-97.281224
1614,"A0479","2026-06-16 12:28:58",1.59,36.051266,-99.924131
1615,"A1213","2026-06-23 17:34:48",2.37,35.601268,-101.406004
1616,"A0163","2026-06-11 13:45:08",2.36,34.852491,-102.292797
1617,"A0171","2026-06-12 20:54:32",0.5,36.511844,-100.580127
1618,"A0948","2026-06-04 17:34:44",0.13,35.07934,-95.917301
1619,"A1217","2026-06-16 03:07:43",1.37,35.695299,-98.131931
1620,"A0026","2026-06-13 21:43:54",0.94,33.875679,-100.582958
1621,"A0252","2026-06-21 07:24:58",2.45,34.684038,-101.963427
1622,"A0772","2026-06-28 09:13:22",0.46,33.739668,-96.569734
1623,"A0338","2026-06-19 10:01:09",0.19,36.962486,-97.003467
1624,"A1195","2026-06-26 14:21:13",1.9,34.802005,-97.994124
1625,"A0765","2026-06-24 18:35:54",2.19,36.484601,-96.880149
1626,"A0107","2026-06-07 06:32:47",0.65,36.772238,-97.167457
1627,"A0470","2026-06-10 21:52:12",1.36,35.008322,-97.781715
1628,"A0302","2026-06-15 09:06:41",2.35,35.407442,-96.917763
1629,"A0582","2026-06-23 19:32:15",0.36,35.848866,-96.706784
1630,"A0964","2026-06-07 10:12:57",0.54,34.481748,-99.716573
1631,"A0012","2026-06-08 15:16:48",0.72,36.649574,-96.777269
1632,"A0368","2026-06-11 19:38:47",1.48,36.715139,-100.84962
1633,"A0181","2026-06-21 03:51:03",0.6,34.957728,-101.942839
1634,"A1053","2026-06-23 07:10:20",1.9,34.656137,-101.115047
1635,"A1269","2026-06-27 21:20:17",1.69,36.552259,-98.683171
1636,"A0458","2026-06-01 21:16:13",0.51,35.236429,-102.38388
1637,"A0327","2026-06-19 09:08:55",2.65,36.196076,-96.43629
1638,"A1000","2026-06-24 13:23:21",0.73,34.618719,-101.786925
1639,"A0727","2026-06-25 12:17:16",1.71,34.356655,-99.758231
1640,"A0872","2026-06-08 16:32:54",1.35,35.229875,-95.36399
1641,"A0931","2026-06-27 07:53:04",0.9,33.755377,-96.504931
1642,"A0799","2026-06-03 03:41:46",2.44,34.275737,-102.339799
1643,"A0642","2026-06-15 04:56:10",1.12,36.51669,-97.476568
1644,"A0635","2026-06-28 17:10:39",1.07,35.937175,-97.300541
1645,"A0429","2026-06-08 21:28:24",1.94,36.988877,-102.509433
1646,"A0888","2026-06-26 10:31:36",0.98,36.362267,-101.094086
1647,"A0242","2026-06-05 10:18:59",1.54,36.776349,-97.505424
1648,"A0286","2026-06-07 19:31:02",0.14,36.150645,-99.521298
1649,"A0639","2026-06-29 08:58:30",2.06,35.507053,-96.394034
1650,"A1279","2026-06-06 16:29:32",2.25,36.582124,-97.514119
1651,"A1281","2026-06-25 01:52:05",1.59,35.839,-95.247881
1652,"A0879","2026-06-12 08:15:27",0.46,35.01558,-101.956162
1653,"A0574","2026-06-30 23:35:15",1.49,36.992477,-101.126405
1654,"A1197","2026-06-16 08:20:50",2.3,36.133466,-99.012532
1655,"A0506","2026-06-30 02:34:45",0.43,36.883428,-98.852125
1656,"A0813","2026-06-08 05:47:35",1.99,34.100542,-94.527762
1657,"A0617","2026-06-25 23:50:27",0.43,35.904541,-102.166912
1658,"A0613","2026-06-25 23:01:03",1.86,36.499607,-94.680384
1659,"A1251","2026-06-22 20:35:16",0.54,35.551502,-97.137548
1660,"A0489","2026-06-20 05:34:37",0.11,36.519763,-102.828068
1661,"A1140","2026-06-23 16:36:41",1.4,36.535819,-97.736608
1662,"A1089","2026-06-30 01:35:00",0.27,33.939228,-101.566624
1663,"A1161","2026-06-20 14:28:20",1.36,36.654291,-100.403089
1664,"A1055","2026-06-17 11:16:43",1.22,35.349853,-99.295911
1665,"A1030","2026-06-02 14:54:08",2.76,35.435182,-101.609469
1666,"A0362","2026-06-10 10:10:29",2.37,34.652212,-101.788127
1667,"A0582","2026-06-21 19:49:33",2.49,33.978145,-99.841401
1668,"A0187","2026-06-01 17:42:33",2.02,35.230335,-102.300073
1669,"A0459","2026-06-11 21:58:40",2.48,34.945633,-97.416043
1670,"A0480","2026-06-28 12:01:31",1.39,34.036404,-97.122871
1671,"A0900","2026-06-12 10:36:15",2.15,33.605278,-102.947166
1672,"A1278","2026-06-07 23:59:15",2.01,36.453184,-99.484931
1673,"A0523","2026-06-01 23:34:58",1.13,34.722077,-95.834753
1674,"A1113","2026-06-18 09:35:48",1.84,35.02182,-98.289054
1675,"A0789","2026-06-08 18:28:22",1.87,34.51291,-97.680457
1676,"A0251","2026-06-14 18:29:50",1.44,35.026369,-99.81245
1677,"A0799","2026-06-03 03:30:50",1.36,35.322267,-99.279263
1678,"A1170","2026-06-20 00:36:38",0.87,33.741688,-96.605984
1679,"A0418","2026-06-23 14:51:54",0.58,33.696652,-98.424743
1680,"A0658","2026-06-11 06:39:50",0.43,36.126145,-96.336167
1681,"A0669","2026-06-26 17:22:26",1.79,33.758888,-94.441403
1682,"A1317","2026-06-11 00:38:55",0.24,34.323746,-102.383454
1683,"A0959","2026-06-25 08:39:53",0.65,36.414138,-100.350161
1684,"A1193","2026-06-05 11:47:50",1.79,35.005251,-97.742892
1685,"A0613","2026-06-18 15:33:20",2.78,34.797977,-102.722969
1686,"A0703","2026-06-22 14:56:39",0.7,36.812658,-100.147054
1687,"A0489","2026-06-12 16:43:19",1.13,36.055028,-102.264085
1688,"A0260","2026-06-20 11:27:02",2.43,33.935421,-98.704339
1689,"A0350","2026-06-15 07:47:16",1.42,36.29735,-98.692498
1690,"A0373","2026-06-21 14:53:17",1.54,34.83728,-99.963479
1691,"A1281","2026-06-03 07:32:18",0.41,36.91243,-98.463257
1692,"A1010","2026-06-04 00:32:08",1.37,34.380272,-96.019509
1693,"A1242","2026-06-24 00:51:50",0.36,34.507753,-101.539194
1694,"A0672","2026-06-09 10:27:28",1.15,34.442683,-99.065061
1695,"A0843","2026-06-12 05:23:02",2.12,35.469144,-96.831608
1696,"A0730","2026-06-25 18:36:24",1.25,34.904532,-96.984388
1697,"A0988","2026-06-23 12:20:34",1.99,36.994039,-100.509715
1698,"A0640","2026-06-27 23:12:38",0.39,36.927301,-98.84669
1699,"A0735","2026-06-11 20:48:00",2.54,35.907233,-98.890209
1700,"A0255","2026-06-26 15:07:48",2.73,33.902802,-94.513943
1701,"A0527","2026-06-05 07:04:26",0.64,36.820619,-96.634277
1702,"A1274","2026-06-02 05:04:29",1.89,34.420397,-102.102128
1703,"A1342","2026-06-16 14:28:57",0.92,36.505188,-97.916973
1704,"A0407","2026-06-04 13:33:12",1.5,36.187317,-99.701423
1705,"A0923","2026-06-08 23:03:46",2.77,34.317768,-100.761392
1706,"A0439","2026-06-06 15:03:57",2.44,35.615077,-94.876186
1707,"A0597","2026-06-04 07:33:00",2.25,36.00792,-100.713473
1708,"A1044","2026-06-13 02:39:10",1.16,35.71323,-100.952066
1709,"A1234","2026-06-14 06:45:32",1.48,33.815835,-94.811337
1710,"A0419","2026-06-07 01:06:53",1.89,34.170099,-101.841565
1711,"A0627","2026-06-06 00:22:34",0.99,36.855208,-100.48294
1712,"A0753","2026-06-11 07:14:17",0.59,35.725455,-97.867415
1713,"A1179","2026-06-09 15:07:25",0.93,35.613259,-94.653192
1714,"A0207","2026-06-01 17:39:33",2.56,35.457336,-98.732815
1715,"A0005","2026-06-16 06:19:20",0.72,34.504763,-98.466773
1716,"A0530","2026-06-11 16:47:17",2.31,34.712494,-96.201229
1717,"A0158","2026-06-18 17:31:28",2.26,34.700818,-97.448262
1718,"A0933","2026-06-22 07:56:05",0.54,35.04123,-100.727444
1719,"A0451","2026-06-25 20:36:00",1.25,36.894149,-96.132364
1720,"A0203","2026-06-06 20:57:31",2.28,33.749727,-99.324409
1721,"A0510","2026-06-27 05:08:07",1.21,35.733492,-98.511371
1722,"A0333","2026-06-26 15:15:36",2.27,34.802746,-102.277237
1723,"A1107","2026-06-20 23:51:00",0.46,36.945205,-99.805425
1724,"A0292","2026-06-06 20:41:02",2.41,36.928689,-100.194732
1725,"A1236","2026-06-20 03:59:52",2.71,34.339795,-95.399709
1726,"A0315","2026-06-15 05:41:43",2.47,34.56532,-95.975804
1727,"A1041","2026-06-14 03:36:22",1.88,36.477069,-102.147548
1728,"A1111","2026-06-15 03:35:18",1.02,34.847198,-95.040761
1729,"A0976","2026-06-18 07:53:57",0.76,34.0717,-94.773719
1730,"A0617","2026-06-12 07:18:00",2.13,36.642398,-95.869063
1731,"A0139","2026-06-23 09:19:09",1.29,34.906264,-95.292766
1732,"A0054","2026-06-12 13:28:02",2.69,34.494342,-102.845184
1733,"A0133","2026-06-16 17:05:45",0.66,36.705286,-95.463659
1734,"A1150","2026-06-27 15:37:11",2.57,35.692166,-95.226655
1735,"A0299","2026-06-30 14:32:06",1.01,36.160352,-95.504137
1736,"A0268","2026-06-12 16:16:34",1.26,33.843958,-94.720007
1737,"A1094","2026-06-01 15:08:44",0.66,35.838589,-94.408254
1738,"A0163","2026-06-28 10:39:28",0.51,35.80976,-96.935221
1739,"A0718","2026-06-24 20:30:58",2.28,36.730007,-100.956139
1740,"A0785","2026-06-09 00:59:43",0.44,34.572341,-98.945421
1741,"A0764","2026-06-01 11:00:44",2.23,36.842373,-94.849028
1742,"A0583","2026-06-21 03:32:41",2.54,34.495036,-101.584256
1743,"A0961","2026-06-01 03:16:28",2.29,35.736045,-98.108049
1744,"A1402","2026-06-27 19:51:51",2.75,36.092673,-100.633262
1745,"A0914","2026-06-02 21:37:22",1.18,35.415212,-101.336981
1746,"A1091","2026-06-07 09:12:49",2.24,33.641058,-96.395712
1747,"A1291","2026-06-17 21:23:10",0.88,34.963218,-100.533474
1748,"A0148","2026-06-28 23:14:23",1.95,36.319936,-101.40378
1749,"A0151","2026-06-27 20:00:37",0.1,35.433641,-102.576806
1750,"A0123","2026-06-05 05:47:55",2.58,35.342263,-96.093512
1751,"A1199","2026-06-27 01:10:26",2.13,34.800177,-95.609648
1752,"A0740","2026-06-28 15:26:10",1.41,33.759562,-97.959104
1753,"A0114","2026-06-23 15:40:28",0.58,33.876816,-95.308235
1754,"A0666","2026-06-27 23:05:21",2.02,33.613205,-99.814099
1755,"A0739","2026-06-05 09:24:12",2.68,34.849864,-95.506563
1756,"A0244","2026-06-22 11:12:32",2.27,34.8668,-96.990165
1757,"A0932","2026-06-08 10:24:07",1.2,34.442876,-94.61022
1758,"A0779","2026-06-02 04:19:38",2.03,34.83747,-101.101929
1759,"A0729","2026-06-28 20:20:09",1.58,35.24013,-99.090618
1760,"A0428","2026-06-19 19:14:53",0.81,35.856957,-101.831493
1761,"A0107","2026-06-03 14:37:21",2.34,34.433516,-96.105071
1762,"A0456","2026-06-19 17:13:25",0.1,34.935031,-96.9531
1763,"A1203","2026-06-07 18:41:12",0.78,34.121787,-98.626671
1764,"A1018","2026-06-21 22:25:12",1.98,36.169751,-98.983931
1765,"A1360","2026-06-18 09:33:53",1.91,34.752332,-99.836735
1766,"A1103","2026-06-27 07:17:42",0.71,34.268145,-98.590672
1767,"A0661","2026-06-28 15:06:17",2.48,35.81503,-100.286562
1768,"A1119","2026-06-28 22:58:47",1.09,35.818235,-99.768656
1769,"A1332","2026-06-09 00:32:44",1.69,34.757225,-102.046384
1770,"A0839","2026-06-22 07:04:08",2.52,36.329766,-96.22565
1771,"A1055","2026-06-16 17:30:04",2.71,33.862445,-97.283283
1772,"A0893","2026-06-12 10:34:54",2.79,33.988276,-95.797884
1773,"A0543","2026-06-25 23:33:47",1.02,36.220283,-101.738074
1774,"A0434","2026-06-25 09:41:00",1.26,35.453235,-98.523774
1775,"A1258","2026-06-02 19:59:20",2.26,34.16065,-97.072511
1776,"A0997","2026-06-26 16:49:11",0.24,35.171424,-99.263868
1777,"A0272","2026-06-08 11:27:30",2.17,33.639042,-98.959299
1778,"A0523","2026-06-19 08:29:12",2.13,34.742844,-99.42073
1779,"A0649","2026-06-03 11:28:32",1.69,35.122491,-95.472342
1780,"A0701","2026-06-19 16:46:37",0.62,34.488375,-96.360972
1781,"A0713","2026-06-10 23:27:27",2.54,34.9796,-97.246548
1782,"A1025","2026-06-11 17:51:46",1.9,36.222271,-98.948924
1783,"A0409","2026-06-19 07:39:45",1.3,35.29045,-101.786618
1784,"A0178","2026-06-19 21:45:45",0.55,35.705404,-94.557869
1785,"A0923","2026-06-28 12:10:02",1.28,33.603219,-98.496655
1786,"A1088","2026-06-14 17:25:15",0.99,36.019728,-99.539456
1787,"A0934","2026-06-17 02:13:03",1.59,34.333828,-102.778002
1788,"A0162","2026-06-04 03:47:47",0.97,36.371198,-95.026888
1789,"A0749","2026-06-26 18:15:05",2.13,33.608326,-102.211524
1790,"A1017","2026-06-13 17:18:52",2.26,35.129492,-100.654023
1791,"A0971","2026-06-04 15:51:05",0.61,34.176721,-96.014795
1792,"A0771","2026-06-07 15:41:53",1.25,36.78613,-99.405325
1793,"A1157","2026-06-16 02:57:55",0.38,35.920854,-95.245614
1794,"A0131","2026-06-13 11:57:43",1.01,36.579447,-100.550391
1795,"A1326","2026-06-14 07:55:48",0.53,36.586002,-99.971694
1796,"A1342","2026-06-13 10:40:54",1.81,35.053067,-99.079254
1797,"A0270","2026-06-01 04:54:28",0.92,35.645768,-100.116732
1798,"A0753","2026-06-06 01:53:01",2.31,33.766715,-94.8287
1799,"A0451","2026-06-29 07:39:00",2.28,34.319492,-100.302654
1800,"A0123","2026-06-03 01:59:52",1.34,35.489738,-101.703973
1801,"A0997","2026-06-24 21:15:41",1.86,35.763329,-97.724151
1802,"A1154","2026-06-18 02:34:28",2.63,34.165491,-102.608638
1803,"A1326","2026-06-25 01:38:31",1.53,35.562748,-94.748032
1804,"A1394","2026-06-28 12:54:47",2.43,34.278656,-97.712634
1805,"A0230","2026-06-13 08:12:06",2.23,35.692704,-101.571805
1806,"A0528","2026-06-16 07:43:02",2,36.342672,-99.984265
1807,"A0001","2026-06-19 17:06:12",2.42,33.913727,-94.585398
1808,"A0291","2026-06-18 20:31:38",1.32,35.502224,-98.910385
1809,"A1184","2026-06-25 06:11:54",0.26,34.316088,-95.766236
1810,"A0797","2026-06-29 08:25:32",2.35,34.093448,-101.574652
1811,"A0951","2026-06-01 04:00:10",1.32,34.975055,-99.693007
1812,"A1043","2026-06-20 05:05:32",1.05,34.619759,-99.376386
1813,"A0186","2026-06-21 17:22:18",1.22,35.845844,-102.56664
1814,"A0524","2026-06-15 01:24:35",0.97,36.905972,-101.856411
1815,"A0850","2026-06-15 14:51:50",2.54,36.3522,-97.515286
1816,"A1265","2026-06-08 06:28:16",0.81,34.30723,-98.072288
1817,"A0927","2026-06-17 10:25:33",1.04,33.633356,-95.317686
1818,"A0317","2026-06-07 07:16:59",0.65,35.510844,-94.737022
1819,"A0590","2026-06-19 21:05:17",1.6,35.805082,-96.349916
1820,"A1194","2026-06-17 19:55:10",2.65,36.414015,-101.466325
1821,"A0558","2026-06-04 11:03:48",2.46,34.736102,-96.309875
1822,"A0159","2026-06-20 15:20:09",1.32,36.862531,-102.915758
1823,"A1203","2026-06-28 21:58:30",2.6,34.551593,-101.340205
1824,"A0373","2026-06-09 01:39:49",2.74,34.957422,-102.497082
1825,"A1171","2026-06-03 11:21:38",2.21,34.646541,-101.56707
1826,"A1199","2026-06-26 09:25:04",0.49,36.966389,-98.964514
1827,"A0209","2026-06-29 16:16:07",1.39,35.226824,-95.206465
1828,"A0529","2026-06-02 08:30:40",2.02,36.831364,-97.923771
1829,"A1256","2026-06-02 17:51:40",1.82,35.090335,-97.92502
1830,"A1401","2026-06-19 08:20:41",0.43,34.527216,-100.468577
1831,"A0483","2026-06-27 11:47:10",0.15,35.346529,-101.998682
1832,"A1130","2026-06-27 15:05:26",0.61,35.096028,-102.758798
1833,"A1042","2026-06-03 20:33:43",0.33,36.758429,-95.586443
1834,"A0246","2026-06-11 01:05:07",1.96,33.853963,-96.516433
1835,"A0835","2026-06-17 16:07:40",0.23,35.118943,-102.500609
1836,"A0954","2026-06-18 04:13:48",2.16,36.439247,-95.077111
1837,"A1346","2026-06-26 14:43:00",2.41,35.549051,-96.172932
1838,"A1091","2026-06-22 11:23:54",1.22,35.437692,-98.10492
1839,"A0400","2026-06-18 05:41:26",2.22,34.444162,-102.666015
1840,"A1114","2026-06-05 11:33:05",1.24,36.150165,-95.13974
1841,"A0209","2026-06-22 15:18:44",2.44,36.492112,-99.372549
1842,"A0302","2026-06-05 01:34:28",1.07,35.034003,-100.169107
1843,"A0489","2026-06-24 14:55:50",2.18,34.367731,-102.37863
1844,"A0803","2026-06-01 20:25:58",0.48,36.603715,-101.684568
1845,"A1089","2026-06-08 17:02:09",1.24,35.262723,-98.365166
1846,"A0870","2026-06-12 21:31:17",1.54,33.900306,-96.85108
1847,"A1226","2026-06-07 08:22:14",1.97,34.437307,-99.684068
1848,"A0359","2026-06-17 09:57:54",0.51,36.747086,-98.410137
1849,"A1239","2026-06-04 22:47:49",2.1,36.354528,-102.373071
1850,"A1306","2026-06-01 02:50:31",2.59,35.029079,-99.020194
1851,"A1232","2026-06-02 16:59:25",2.52,35.651198,-96.893708
1852,"A0754","2026-06-01 01:09:31",1.69,35.700362,-101.960962
1853,"A0765","2026-06-13 17:35:00",0.7,36.955894,-94.642856
1854,"A0606","2026-06-20 04:56:08",0.67,33.626467,-96.874964
1855,"A0533","2026-06-20 15:49:25",1.82,34.509789,-102.623623
1856,"A0420","2026-06-15 12:37:01",2.74,33.81602,-98.055673
1857,"A0793","2026-06-18 21:22:11",0.36,36.562304,-100.731816
1858,"A1356","2026-06-08 13:55:36",2.14,34.470428,-102.690371
1859,"A0055","2026-06-23 10:45:33",0.19,34.511412,-101.16794
1860,"A1280","2026-06-26 03:05:35",1.82,34.278033,-96.947765
1861,"A1031","2026-06-08 18:16:13",0.27,34.28273,-95.855044
1862,"A1113","2026-06-17 06:04:06",2.1,36.083094,-99.719498
1863,"A0152","2026-06-06 12:48:32",0.17,34.441412,-100.316898
1864,"A0603","2026-06-01 10:25:18",0.91,35.824193,-97.618894
1865,"A1062","2026-06-26 20:34:32",0.61,34.251931,-102.554497
1866,"A0819","2026-06-13 19:50:09",1.72,34.076417,-99.343488
1867,"A0498","2026-06-02 00:51:37",0.38,34.58932,-100.478633
1868,"A1298","2026-06-18 18:44:55",2.43,35.262327,-99.105575
1869,"A0910","2026-06-17 23:14:58",2.71,35.841297,-102.332588
1870,"A1397","2026-06-05 21:22:41",2.42,35.312297,-100.572729
1871,"A0986","2026-06-01 08:19:02",2.2,34.12227,-100.220871
1872,"A0102","2026-06-11 04:08:55",1.15,35.045068,-101.477087
1873,"A0811","2026-06-03 11:01:05",1.19,36.004153,-101.465384
1874,"A0680","2026-06-23 08:18:47",0.28,34.743353,-102.773049
1875,"A0797","2026-06-16 14:09:31",1.03,34.314665,-100.983922
1876,"A1019","2026-06-30 11:12:44",0.1,36.796593,-102.850297
1877,"A0761","2026-06-13 11:30:49",2.61,36.568044,-99.88915
1878,"A0327","2026-06-06 15:28:32",2.05,33.91023,-94.655906
1879,"A1412","2026-06-22 15:00:19",1.73,34.888459,-101.204925
1880,"A0972","2026-06-23 05:18:13",1.76,34.707859,-95.510584
1881,"A1005","2026-06-03 04:04:03",0.69,35.001679,-102.049771
1882,"A0444","2026-06-16 02:28:05",0.15,33.795417,-98.904902
1883,"A1234","2026-06-09 09:43:21",1.31,36.845195,-99.568864
1884,"A0666","2026-06-25 19:13:07",2.75,36.654619,-94.7873
1885,"A0673","2026-06-05 01:34:34",1.5,36.554105,-100.597894
1886,"A0678","2026-06-27 09:32:38",2.51,34.204047,-98.843542
1887,"A0162","2026-06-10 12:25:52",1.33,36.296736,-97.1199
1888,"A0938","2026-06-06 15:12:28",0.24,34.524299,-99.100999
1889,"A0818","2026-06-25 12:18:10",2.76,33.933995,-100.275396
1890,"A0609","2026-06-13 14:59:57",0.65,35.467407,-102.471573
1891,"A1394","2026-06-16 23:59:44",2.35,36.69467,-97.723107
1892,"A0472","2026-06-10 14:33:34",0.18,33.821785,-99.725536
1893,"A0760","2026-06-06 10:04:37",2.05,36.23656,-99.959525
1894,"A0162","2026-06-17 19:42:12",2.58,36.554132,-101.620002
1895,"A0469","2026-06-06 02:27:32",0.92,33.965542,-99.626318
1896,"A0843","2026-06-25 09:17:21",1.71,36.438972,-95.07588
1897,"A0738","2026-06-25 22:22:07",2.64,33.96506,-95.965004
1898,"A0695","2026-06-24 12:47:56",2.07,33.941315,-102.503598
1899,"A1358","2026-06-23 08:57:05",2.25,36.766133,-95.971282
1900,"A0132","2026-06-06 10:36:21",1.39,34.001422,-98.406362
1901,"A1050","2026-06-23 00:31:11",0.23,36.713535,-95.244619
1902,"A0946","2026-06-20 09:15:07",1.41,35.938394,-100.717022
1903,"A1132","2026-06-04 19:02:08",0.77,35.799254,-101.314938
1904,"A0125","2026-06-09 14:37:04",0.41,36.804068,-98.981604
1905,"A0337","2026-06-10 00:28:50",2.66,35.783226,-99.850454
1906,"A1034","2026-06-18 22:22:09",0.11,35.885824,-97.96135
1907,"A0435","2026-06-18 21:00:52",0.18,36.816567,-97.946309
1908,"A1277","2026-06-04 05:22:48",2.26,36.406696,-100.975037
1909,"A1338","2026-06-18 05:47:10",0.99,33.818602,-99.476984
1910,"A0065","2026-06-20 01:01:36",1.85,36.782851,-98.275396
1911,"A0910","2026-06-02 14:25:51",1.59,35.305362,-99.790852
1912,"A0333","2026-06-24 15:51:40",0.21,33.78869,-100.831126
1913,"A0988","2026-06-28 07:20:18",0.45,35.087278,-97.32966
1914,"A0230","2026-06-21 18:05:28",1.59,35.841431,-95.730588
1915,"A0956","2026-06-03 22:13:52",2.52,35.887543,-95.373364
1916,"A0852","2026-06-10 20:41:13",1.58,36.480655,-101.006734
1917,"A0873","2026-06-17 21:21:34",0.89,34.710593,-95.080744
1918,"A0199","2026-06-14 09:41:54",2.61,33.664767,-102.01512
1919,"A1312","2026-06-24 16:30:22",1.03,36.003058,-101.992915
1920,"A1045","2026-06-16 23:38:36",2.64,35.69355,-101.339986
1921,"A0184","2026-06-25 03:33:59",0.25,35.278203,-95.278751
1922,"A0416","2026-06-02 22:13:04",1.86,36.053211,-94.549328
1923,"A1388","2026-06-05 03:43:06",1.47,34.734205,-96.010438
1924,"A0423","2026-06-13 21:29:21",0.21,35.347012,-98.614614
1925,"A0036","2026-06-01 03:45:01",0.85,36.864204,-95.332343
1926,"A0299","2026-06-10 11:15:48",0.69,35.545818,-94.912922
1927,"A0546","2026-06-11 23:05:55",0.99,33.772004,-97.504239
1928,"A0355","2026-06-18 01:33:28",0.7,35.630109,-100.813956
1929,"A1123","2026-06-05 09:46:52",1.22,35.266464,-102.909169
1930,"A0517","2026-06-18 11:58:41",1.82,36.973195,-102.350898
1931,"A0805","2026-06-29 19:25:27",2.45,34.180148,-102.395727
1932,"A0004","2026-06-03 03:07:23",0.59,34.912611,-100.490907
1933,"A1042","2026-06-27 23:05:19",0.78,34.622501,-95.838809
1934,"A1190","2026-06-04 17:21:33",1.12,33.622993,-97.878326
1935,"A1315","2026-06-28 03:55:05",0.81,36.57226,-100.248967
1936,"A0374","2026-06-24 06:17:32",0.77,33.719512,-102.625945
1937,"A0221","2026-06-29 02:52:13",1.54,36.790362,-95.294653
1938,"A0599","2026-06-07 15:18:49",0.43,33.913368,-100.789981
1939,"A0834","2026-06-13 22:26:31",1.8,33.973984,-98.763024
1940,"A0567","2026-06-11 10:35:33",1.33,35.980474,-100.795597
1941,"A1250","2026-06-29 03:59:22",0.19,36.037279,-101.985309
1942,"A0609","2026-06-16 08:00:55",0.22,33.985173,-97.244894
1943,"A1224","2026-06-13 02:25:25",0.33,33.651708,-98.907595
1944,"A1110","2026-06-27 17:19:14",0.69,36.134632,-99.842028
1945,"A0694","2026-06-07 16:00:18",1.5,33.608702,-101.186201
1946,"A1193","2026-06-24 20:41:11",2.49,35.865351,-95.056767
1947,"A0639","2026-06-11 07:30:06",2.28,34.170635,-97.935934
1948,"A0398","2026-06-13 03:26:30",1.56,36.293543,-102.629304
1949,"A0217","2026-06-17 13:19:22",1.67,35.532764,-102.171706
1950,"A1357","2026-06-26 02:56:12",1.41,36.483285,-95.525039
1951,"A0999","2026-06-09 16:04:20",0.83,34.044382,-97.018042
1952,"A0740","2026-06-22 21:22:21",1.52,35.384999,-98.07653
1953,"A1289","2026-06-19 09:01:04",1.23,35.032017,-98.874025
1954,"A0809","2026-06-18 13:25:41",0.62,34.617994,-99.874634
1955,"A1161","2026-06-13 06:14:58",2.35,33.722554,-95.903684
1956,"A1019","2026-06-26 14:06:43",1.79,34.252351,-98.000362
1957,"A1106","2026-06-06 16:27:31",2.2,36.762669,-94.514589
1958,"A0415","2026-06-11 07:46:01",1.11,34.325624,-95.516766
1959,"A0905","2026-06-15 09:20:44",0.44,33.71008,-99.676471
1960,"A1128","2026-06-21 13:49:40",1.69,34.726058,-98.812198
1961,"A0250","2026-06-15 15:35:00",2.36,34.411354,-96.21322
1962,"A0124","2026-06-25 04:55:25",0.55,34.225763,-96.890296
1963,"A0490","2026-06-29 05:05:17",0.78,34.715425,-97.03678
1964,"A0482","2026-06-03 17:08:47",1.28,35.56934,-102.982112
1965,"A0994","2026-06-29 23:46:51",2.04,34.171209,-102.811286
1966,"A0442","2026-06-21 14:56:23",2.4,35.178578,-95.98859
1967,"A0165","2026-06-01 11:53:45",1.3,34.713428,-102.406588
1968,"A0362","2026-06-03 17:53:35",2.01,34.564752,-95.117798
1969,"A0706","2026-06-17 02:42:23",1.27,34.512612,-100.504907
1970,"A1300","2026-06-30 05:46:15",2.21,36.935245,-102.624412
1971,"A0614","2026-06-09 14:55:19",2.04,34.904414,-99.830595
1972,"A1380","2026-06-23 11:34:03",0.39,36.280685,-98.232265
1973,"A0212","2026-06-02 04:36:48",2.78,33.767957,-97.335559
1974,"A0746","2026-06-02 17:47:27",1.89,35.931429,-102.525271
1975,"A0980","2026-06-10 01:11:46",1.42,36.001944,-98.382921
1976,"A1141","2026-06-21 17:47:01",2.36,34.009792,-96.072022
1977,"A1266","2026-06-16 07:28:39",0.66,33.863023,-98.892213
1978,"A1296","2026-06-04 04:46:43",0.67,34.404683,-99.88821
1979,"A1215","2026-06-10 22:17:46",2.4,34.551391,-96.600615
1980,"A0258","2026-06-06 16:14:28",0.91,34.123509,-97.782326
1981,"A0528","2026-06-22 22:36:02",1.12,36.477162,-96.424577
1982,"A0788","2026-06-23 22:49:21",2.35,36.852904,-100.45611
1983,"A0238","2026-06-03 12:34:50",1.4,34.779286,-100.501687
1984,"A1089","2026-06-20 21:42:13",1.34,34.542885,-98.169114
1985,"A0370","2026-06-24 10:05:06",0.57,35.189531,-101.651389
1986,"A0777","2026-06-30 08:23:01",2.14,35.730204,-94.89658
1987,"A1256","2026-06-18 03:17:43",1.9,35.022072,-99.874258
1988,"A0601","2026-06-27 19:57:50",1.37,36.642219,-96.291546
1989,"A1226","2026-06-22 21:23:44",0.3,35.052966,-100.792502
1990,"A1010","2026-06-10 02:15:23",2.26,36.746151,-102.538358
1991,"A1114","2026-06-08 03:55:24",0.42,36.738977,-101.541159
1992,"A1043","2026-06-20 05:45:14",2.33,33.932166,-98.801499
1993,"A0896","2026-06-30 04:30:52",1.94,36.910361,-99.237744
1994,"A0079","2026-06-21 22:35:02",2.47,36.126937,-96.69415
1995,"A0903","2026-06-11 14:43:00",2.57,34.075863,-99.675106
1996,"A1372","2026-06-14 03:09:05",2.52,36.031335,-94.655748
1997,"A1411","2026-06-23 08:24:36",2.3,35.759443,-97.89821
1998,"A1362","2026-06-23 05:43:45",1.59,36.425012,-101.679261
1999,"A0819","2026-06-10 11:31:48",2.19,34.559555,-97.330353
2000,"A0537","2026-06-10 03:08:14",2.63,35.890863,-95.833275
2001,"A0018","2026-06-02 21:21:32",0.26,34.685409,-94.729665
2002,"A0993","2026-06-09 09:53:30",2.02,33.608409,-98.857469
2003,"A0371","2026-06-23 05:30:57",1.92,34.760451,-94.637854
2004,"A0644","2026-06-19 09:36:17",1.98,34.569919,-94.620804
2005,"A0275","2026-06-09 16:42:44",0.73,33.949978,-96.181631
2006,"A1173","2026-06-11 11:49:46",2.33,36.940185,-98.279769
2007,"A0164","2026-06-28 13:11:29",1.52,35.268216,-95.470215
2008,"A1224","2026-06-05 12:54:40",0.75,34.91183,-98.794318
2009,"A1008","2026-06-21 15:15:57",2.56,35.939594,-101.223285
2010,"A0033","2026-06-23 01:42:07",2.12,36.255594,-98.305259
2011,"A1186","2026-06-16 21:32:59",0.27,35.973367,-102.768399
2012,"A0269","2026-06-24 16:56:06",2.01,34.136254,-94.821366
2013,"A0099","2026-06-14 02:27:37",2.29,34.224999,-95.193234
2014,"A1136","2026-06-21 10:08:52",2.43,36.265651,-102.310112
2015,"A0032","2026-06-16 05:58:37",0.19,36.220185,-101.045372
2016,"A1292","2026-06-29 12:53:53",1.11,34.066054,-100.485413
2017,"A0997","2026-06-11 19:13:25",0.33,33.788651,-99.108075
2018,"A0772","2026-06-04 01:04:36",0.26,36.36113,-97.520968
2019,"A0729","2026-06-26 04:10:40",1.69,33.832134,-101.38107
2020,"A0240","2026-06-06 08:27:47",0.61,35.989057,-101.705101
2021,"A1331","2026-06-16 07:35:11",2.66,36.440894,-96.839727
2022,"A1356","2026-06-05 23:21:35",0.84,34.202432,-96.646101
2023,"A1278","2026-06-13 15:10:28",0.88,36.175038,-99.821299
2024,"A0368","2026-06-25 10:51:35",2.57,36.025557,-95.317005
2025,"A0372","2026-06-17 17:35:12",0.59,34.379373,-98.604013
2026,"A1369","2026-06-24 08:05:20",0.84,34.791076,-96.034751
2027,"A1040","2026-06-21 08:37:42",1.43,34.679599,-99.528047
2028,"A1254","2026-06-01 08:17:16",2.27,36.689197,-97.025077
2029,"A0485","2026-06-21 20:54:20",2.37,35.098,-102.189859
2030,"A1344","2026-06-30 13:46:10",2.47,33.975221,-100.04609
2031,"A0543","2026-06-08 03:09:10",2.27,33.999958,-100.716321
2032,"A1083","2026-06-07 22:27:10",2.72,35.70341,-97.398898
2033,"A0686","2026-06-07 19:24:35",1.35,34.55727,-94.453483
2034,"A0955","2026-06-03 22:38:25",0.52,34.310726,-102.231279
2035,"A0761","2026-06-12 16:30:05",2.37,34.682198,-97.870998
2036,"A1168","2026-06-05 13:13:45",1.04,34.320755,-94.824206
2037,"A0222","2026-06-16 03:11:16",1.64,34.222055,-100.792528
2038,"A0295","2026-06-18 23:25:48",1.91,36.535342,-99.810429
2039,"A0636","2026-06-15 10:28:51",1.37,34.58758,-99.631223
2040,"A0612","2026-06-29 06:48:46",0.56,35.469236,-98.051463
2041,"A1312","2026-06-27 03:04:54",1.5,34.18529,-98.009574
2042,"A0586","2026-06-20 02:37:43",1.62,34.11365,-98.912732
2043,"A1034","2026-06-08 06:56:39",2.46,34.725185,-97.728925
2044,"A0505","2026-06-02 10:39:21",1.07,33.725694,-97.674088
2045,"A0733","2026-06-24 01:54:26",0.67,34.394949,-96.32103
2046,"A0296","2026-06-19 13:02:47",0.55,35.735732,-100.543305
2047,"A0331","2026-06-02 05:41:30",0.52,36.427925,-102.152067
2048,"A1164","2026-06-14 17:53:27",2,36.115733,-96.604924
2049,"A0311","2026-06-22 19:32:02",1.12,36.853713,-95.879726
2050,"A0769","2026-06-02 14:59:39",1.93,35.932834,-99.345095
2051,"A1219","2026-06-07 14:50:08",1.33,34.415411,-99.654754
2052,"A0966","2026-06-05 04:09:37",1.89,35.23344,-94.658899
2053,"A0760","2026-06-03 08:31:58",2.04,36.816139,-99.124169
2054,"A0732","2026-06-17 02:47:56",0.84,35.434742,-102.473199
2055,"A1026","2026-06-15 06:33:53",1.87,35.068399,-99.42221
2056,"A0735","2026-06-25 22:35:57",1.19,33.847681,-101.124053
2057,"A1006","2026-06-22 05:19:06",2.7,33.787031,-100.188432
2058,"A0676","2026-06-18 03:10:00",2.29,36.429502,-96.713941
2059,"A1272","2026-06-01 09:43:31",1.14,34.479621,-97.06545
2060,"A0583","2026-06-03 00:14:08",0.18,35.077013,-94.543287
2061,"A0090","2026-06-05 08:56:45",2.72,36.057,-99.383898
2062,"A1215","2026-06-06 21:00:00",0.64,35.45956,-95.419008
2063,"A0506","2026-06-24 02:04:10",2.58,34.826681,-95.815511
2064,"A0885","2026-06-15 00:50:17",2.24,36.815419,-96.185587
2065,"A0242","2026-06-15 06:54:45",2.26,36.362371,-100.26538
2066,"A1236","2026-06-15 00:23:50",2.69,34.486324,-95.05175
2067,"A0272","2026-06-26 08:32:13",1.78,35.081949,-98.249264
2068,"A0408","2026-06-15 02:05:49",2.65,34.811755,-98.973162
2069,"A0390","2026-06-04 23:49:53",1.67,33.67638,-98.649582
2070,"A1224","2026-06-16 13:06:24",2.64,35.997092,-99.394295
2071,"A0707","2026-06-20 22:54:44",0.19,33.756668,-97.513972
2072,"A0123","2026-06-05 23:03:58",0.54,36.837478,-98.690507
2073,"A0034","2026-06-12 06:00:58",0.28,36.894343,-97.809054
2074,"A1294","2026-06-25 10:50:24",2.34,36.653433,-97.759103
2075,"A1083","2026-06-26 16:28:57",0.68,36.481667,-96.620357
2076,"A0981","2026-06-18 17:39:08",1.43,34.676671,-98.119785
2077,"A0129","2026-06-04 05:27:08",1.54,35.661043,-96.622
2078,"A0726","2026-06-28 04:41:11",2.43,35.013907,-101.70452
2079,"A0862","2026-06-10 23:05:56",2.52,34.267543,-99.490139
2080,"A0542","2026-06-10 10:00:46",1.58,34.505321,-94.923802
2081,"A0916","2026-06-02 15:32:25",0.56,36.075918,-102.966976
2082,"A1044","2026-06-05 20:31:34",0.64,35.415661,-101.070326
2083,"A0320","2026-06-01 00:17:34",1.78,33.777061,-97.644923
2084,"A1025","2026-06-28 00:02:58",1.97,34.539161,-98.70857
2085,"A0842","2026-06-22 02:34:36",0.14,36.478919,-96.103232
2086,"A0846","2026-06-14 23:48:16",1.38,34.661913,-102.649794
2087,"A1345","2026-06-23 01:56:59",2.78,35.814958,-95.731656
2088,"A1266","2026-06-27 11:25:03",1,36.749328,-98.34295
2089,"A1014","2026-06-24 02:05:34",1.24,34.54539,-97.446066
2090,"A0423","2026-06-16 20:24:08",0.61,36.631179,-100.033268
2091,"A1309","2026-06-16 02:55:30",0.18,34.77508,-98.896977
2092,"A0942","2026-06-16 12:55:31",2.24,35.716395,-101.866158
2093,"A1243","2026-06-16 15:05:36",2.4,34.196038,-98.550471
2094,"A0754","2026-06-15 20:11:28",2.2,36.870966,-95.709118
2095,"A0069","2026-06-26 11:33:25",2.51,35.881934,-100.493845
2096,"A0214","2026-06-16 02:11:39",1.03,35.026263,-102.948739
2097,"A0954","2026-06-04 01:26:25",2.21,34.223744,-102.621772
2098,"A1198","2026-06-27 18:58:21",2.51,34.567,-101.364528
2099,"A0812","2026-06-01 08:48:25",2.33,33.894614,-102.20257
2100,"A0552","2026-06-01 23:10:41",1.7,36.381193,-99.341265
2101,"A1184","2026-06-21 21:53:19",1.22,36.093312,-97.256723
2102,"A0583","2026-06-08 11:58:23",2.46,34.087678,-100.224301
2103,"A0214","2026-06-23 18:00:05",2.55,35.195923,-98.425458
2104,"A1380","2026-06-05 11:09:16",1.68,36.350816,-101.854399
2105,"A1377","2026-06-10 19:39:03",1.2,35.754067,-96.095852
2106,"A0001","2026-06-01 00:11:44",0.87,34.810456,-97.860021
2107,"A0741","2026-06-23 08:30:42",0.18,33.879481,-99.856357
2108,"A1192","2026-06-13 19:08:06",0.7,34.123164,-100.048536
2109,"A1072","2026-06-17 09:21:08",2.72,35.874957,-98.290376
2110,"A0139","2026-06-16 22:51:51",0.88,33.955521,-101.33044
2111,"A0241","2026-06-01 14:05:39",2.49,36.182819,-100.326721
2112,"A1166","2026-06-23 19:37:38",2.15,35.325398,-101.2259
2113,"A0224","2026-06-09 13:02:54",2.18,35.585268,-102.103634
2114,"A0256","2026-06-14 06:00:11",0.23,35.746632,-96.966153
2115,"A0132","2026-06-17 21:54:22",0.37,33.973945,-94.630401
2116,"A1273","2026-06-04 06:28:00",2.66,35.030736,-99.570552
2117,"A0315","2026-06-10 17:27:21",2.32,36.568279,-100.062654
2118,"A0636","2026-06-19 08:23:10",0.77,34.866789,-99.360567
2119,"A0043","2026-06-28 20:26:26",1.3,34.787144,-97.600964
2120,"A0027","2026-06-24 15:12:47",1.04,34.969054,-102.094407
2121,"A1252","2026-06-25 03:52:07",2.47,36.544281,-97.500778
2122,"A0745","2026-06-05 10:05:09",1.52,34.44692,-96.281837
2123,"A0818","2026-06-17 21:30:57",2.73,36.809134,-95.270431
2124,"A1265","2026-06-22 21:23:32",2.23,36.508042,-100.568032
2125,"A1289","2026-06-29 01:05:43",0.93,35.603374,-100.009819
2126,"A0638","2026-06-01 13:38:33",2.35,33.621361,-100.712792
2127,"A0796","2026-06-12 19:11:04",1.99,35.438244,-99.460177
2128,"A0380","2026-06-01 05:33:25",0.84,35.468951,-97.318527
2129,"A0077","2026-06-26 09:36:14",2.57,36.790623,-99.840233
2130,"A0967","2026-06-29 19:33:16",0.79,34.406139,-99.707064
2131,"A1398","2026-06-16 18:49:45",2.44,34.291447,-95.892196
2132,"A0471","2026-06-02 01:37:22",0.34,35.023276,-97.748194
2133,"A1019","2026-06-06 09:47:42",1.5,36.27007,-100.657638
2134,"A0344","2026-06-28 13:35:48",0.11,35.447109,-102.405072
2135,"A1057","2026-06-27 10:20:01",0.87,35.800028,-101.346941
2136,"A0705","2026-06-30 23:15:52",1.47,35.309882,-99.385732
2137,"A1253","2026-06-27 15:26:00",2.09,34.902979,-99.933523
2138,"A0912","2026-06-10 22:43:40",0.44,34.225859,-100.255663
2139,"A0803","2026-06-24 14:46:31",2.13,33.775586,-96.917745
2140,"A0783","2026-06-30 11:19:24",0.65,36.138862,-96.051229
2141,"A0765","2026-06-03 13:05:01",0.65,36.485109,-98.31469
2142,"A1253","2026-06-02 22:39:01",0.23,36.322083,-102.138235
2143,"A0926","2026-06-04 03:45:27",0.26,36.233823,-95.678852
2144,"A0362","2026-06-24 21:36:26",1.65,34.402434,-96.789352
2145,"A0525","2026-06-06 23:52:45",2.02,35.060281,-98.493437
2146,"A1281","2026-06-08 11:12:31",2.42,35.472082,-101.490962
2147,"A0692","2026-06-23 12:43:06",1.43,35.864377,-101.456696
2148,"A1268","2026-06-01 08:45:39",2.36,34.94374,-99.274183
2149,"A0287","2026-06-05 19:14:28",0.71,34.172425,-95.563394
2150,"A0990","2026-06-09 16:49:40",1.83,36.087243,-97.145729
2151,"A1066","2026-06-25 19:15:09",1.45,35.695502,-95.943362
2152,"A1285","2026-06-16 22:30:01",0.77,36.099458,-97.342144
2153,"A0643","2026-06-24 03:35:20",2.38,34.787011,-102.01527
2154,"A0109","2026-06-09 09:16:21",1.26,35.571835,-99.368278
2155,"A0845","2026-06-10 13:03:30",1.75,35.311846,-97.677048
2156,"A0719","2026-06-11 22:46:22",0.27,36.468802,-99.143591
2157,"A1286","2026-06-16 08:23:49",1.24,35.24321,-100.025371
2158,"A0193","2026-06-12 18:30:29",0.11,35.141771,-102.228074
2159,"A0074","2026-06-22 18:44:59",0.75,34.257932,-94.444664
2160,"A1207","2026-06-08 00:51:30",2.21,36.143308,-101.907207
2161,"A0882","2026-06-28 22:34:05",1.51,35.765672,-102.085138
2162,"A0043","2026-06-03 21:13:00",1.47,33.88157,-96.855534
2163,"A1167","2026-06-23 16:27:49",1.19,34.699335,-102.996486
2164,"A0474","2026-06-07 23:14:33",2.44,34.186248,-100.163647
2165,"A0551","2026-06-10 18:37:32",1.49,36.334287,-98.068536
2166,"A0387","2026-06-20 03:46:26",2.34,36.123154,-99.553233
2167,"A1299","2026-06-27 02:22:47",2.24,36.918385,-97.565408
2168,"A1327","2026-06-20 04:44:27",0.6,34.340933,-95.9074
2169,"A1235","2026-06-26 13:41:01",2.39,35.018585,-97.79491
2170,"A0822","2026-06-10 19:05:37",0.47,36.489229,-101.954097
2171,"A0263","2026-06-01 02:58:06",0.31,34.869296,-102.022763
2172,"A0220","2026-06-10 06:58:01",2.28,34.778333,-100.87528
2173,"A1040","2026-06-16 23:19:58",2.01,34.890773,-100.740742
2174,"A0005","2026-06-07 13:33:06",0.13,34.737385,-96.320961
2175,"A0152","2026-06-07 06:26:58",1.05,36.188517,-98.457765
2176,"A0696","2026-06-17 01:54:47",2.12,33.816662,-102.248394
2177,"A1139","2026-06-17 19:19:13",2.07,34.947972,-101.103036
2178,"A0682","2026-06-30 21:24:16",0.17,34.009448,-102.098698
2179,"A0116","2026-06-25 14:56:25",0.14,35.694651,-98.256675
2180,"A0804","2026-06-05 14:55:51",0.23,33.70786,-100.619428
2181,"A0027","2026-06-14 02:28:39",2.79,34.132217,-101.454133
2182,"A0191","2026-06-20 17:00:12",1.78,34.646006,-101.582307
2183,"A1300","2026-06-11 04:31:12",1.41,35.961945,-99.127662
2184,"A0069","2026-06-20 15:35:25",0.87,36.165349,-96.807026
2185,"A0693","2026-06-01 00:00:37",1.23,35.159547,-98.555697
2186,"A0033","2026-06-19 01:48:17",1.6,35.870532,-98.506698
2187,"A0052","2026-06-27 16:41:18",1.74,34.169151,-101.368779
2188,"A1026","2026-06-06 18:04:37",1.81,34.41203,-97.367061
2189,"A0875","2026-06-25 07:16:40",0.6,34.457534,-96.937885
2190,"A0513","2026-06-01 16:00:51",0.54,35.92521,-97.28319
2191,"A1133","2026-06-01 19:47:24",1.48,35.987716,-101.780516
2192,"A1024","2026-06-09 13:29:04",0.9,36.79942,-98.162799
2193,"A0882","2026-06-07 15:54:58",1.9,34.023672,-95.090148
2194,"A0548","2026-06-06 22:40:59",1.65,35.336509,-95.700046
2195,"A0762","2026-06-05 10:50:57",1.1,34.076321,-94.466639
2196,"A0704","2026-06-16 10:50:56",1.79,36.003728,-95.139485
2197,"A0674","2026-06-22 14:51:39",2.32,35.997656,-94.876234
2198,"A0400","2026-06-12 17:05:29",1.62,34.278157,-96.675818
2199,"A0060","2026-06-08 13:33:51",0.96,34.726541,-94.950893
2200,"A0374","2026-06-17 15:33:42",0.84,34.121666,-101.321338
2201,"A0980","2026-06-06 23:39:12",2.04,33.706501,-101.511121
2202,"A0626","2026-06-06 18:55:42",0.54,36.56704,-102.82615
2203,"A0427","2026-06-05 00:19:01",1.17,36.377507,-99.361156
2204,"A1169","2026-06-28 17:22:07",2.02,34.438043,-101.301382
2205,"A1296","2026-06-03 00:07:15",0.2,34.73881,-102.848591
2206,"A0264","2026-06-27 20:53:38",1.29,35.735429,-99.060624
2207,"A0197","2026-06-22 02:53:50",1.78,34.13708,-96.406472
2208,"A0780","2026-06-15 20:50:36",1.18,33.899015,-97.713699
2209,"A0239","2026-06-15 16:45:46",1.58,36.79127,-101.886187
2210,"A0527","2026-06-27 04:30:07",1.26,34.32764,-101.11083
2211,"A0933","2026-06-13 01:11:38",2.19,33.678132,-98.715578
2212,"A0297","2026-06-29 07:17:01",0.13,35.416711,-99.572611
2213,"A0359","2026-06-18 23:55:08",2.66,34.166771,-98.433194
2214,"A1353","2026-06-08 13:53:29",1.74,35.030592,-101.846856
2215,"A0459","2026-06-02 01:23:07",1.49,36.115234,-95.587348
2216,"A0714","2026-06-04 21:41:54",0.1,36.733967,-101.564849
2217,"A0817","2026-06-20 11:31:06",2.51,33.640085,-94.608358
2218,"A0234","2026-06-06 18:35:51",0.31,34.592992,-99.080573
2219,"A1135","2026-06-03 21:17:54",1.49,36.464025,-96.141343
2220,"A0807","2026-06-10 23:56:32",0.92,35.836761,-99.21423
2221,"A1180","2026-06-02 07:21:18",0.92,35.125597,-98.116954
2222,"A0401","2026-06-08 14:03:22",1.79,36.990735,-101.96586
2223,"A0933","2026-06-24 06:48:38",0.95,34.857997,-100.48361
2224,"A0675","2026-06-07 07:42:53",2.52,36.194983,-96.254096
2225,"A1106","2026-06-05 02:10:38",2.35,35.218709,-98.777926
2226,"A1230","2026-06-01 12:44:18",0.39,35.239816,-99.769887
2227,"A0701","2026-06-04 01:25:58",1.49,33.922635,-94.492264
2228,"A0967","2026-06-18 17:49:10",2.66,36.509848,-99.336771
2229,"A1069","2026-06-17 12:30:02",2.2,34.4683,-100.844998
2230,"A0671","2026-06-26 20:54:00",0.37,35.297856,-102.656973
2231,"A0387","2026-06-05 16:49:14",1.57,34.007194,-98.530935
2232,"A1314","2026-06-28 15:41:15",0.98,35.887562,-101.381404
2233,"A1049","2026-06-02 22:40:53",0.57,35.142583,-100.104544
2234,"A1227","2026-06-05 15:27:52",1.24,35.592525,-101.473153
2235,"A0976","2026-06-05 22:21:52",1.58,34.628944,-102.27207
2236,"A0697","2026-06-16 02:46:52",2.18,36.970651,-100.355899
2237,"A0635","2026-06-22 14:05:45",0.59,35.12601,-94.438585
2238,"A0890","2026-06-20 13:57:52",2.27,36.722749,-96.220159
2239,"A1415","2026-06-12 21:25:42",0.16,35.186728,-102.114799
2240,"A0913","2026-06-02 20:25:29",1.75,35.64954,-101.950534
2241,"A1237","2026-06-07 21:31:44",0.6,34.243717,-95.688145
2242,"A1259","2026-06-09 01:39:56",1.15,35.869216,-97.95267
2243,"A0462","2026-06-17 15:42:16",0.29,33.611738,-98.118023
2244,"A0643","2026-06-28 09:53:18",2.37,36.925081,-94.956145
2245,"A0180","2026-06-11 04:03:36",0.41,36.246348,-100.245804
2246,"A0846","2026-06-30 03:21:34",1.26,35.266155,-100.739719
2247,"A0992","2026-06-13 02:48:52",0.73,36.972547,-98.931656
2248,"A0113","2026-06-18 13:19:09",1.11,36.964714,-99.775264
2249,"A1381","2026-06-09 13:06:25",2.22,35.902768,-100.024839
2250,"A0030","2026-06-26 06:55:48",2.7,34.177759,-96.476412
2251,"A0291","2026-06-16 01:02:54",1.01,35.313764,-96.497688
2252,"A0206","2026-06-30 03:00:24",2.41,36.609574,-98.250439
2253,"A0779","2026-06-21 12:09:05",0.96,36.798966,-98.430855
2254,"A0841","2026-06-26 09:59:19",1.89,36.331601,-98.53419
2255,"A0059","2026-06-06 20:40:33",0.46,35.844477,-102.172586
2256,"A0451","2026-06-10 19:13:02",2.35,34.716566,-101.08091
2257,"A0436","2026-06-08 02:57:59",1.29,33.99864,-100.161761
2258,"A0428","2026-06-16 04:36:44",2.33,34.447572,-98.820802
2259,"A0862","2026-06-10 09:25:57",2.34,36.192692,-99.289167
2260,"A0585","2026-06-17 18:44:49",0.61,33.685934,-99.735967
2261,"A0015","2026-06-02 14:54:28",2.21,36.050556,-97.037908
2262,"A0816","2026-06-29 03:03:54",2.47,35.042166,-95.266656
2263,"A0602","2026-06-25 23:36:14",2.19,33.957993,-96.629393
2264,"A1025","2026-06-20 21:09:34",2.33,36.80138,-99.842821
2265,"A0239","2026-06-29 11:07:49",1.92,33.702284,-95.051946
2266,"A1255","2026-06-03 10:12:52",2.75,36.37625,-97.654164
2267,"A1309","2026-06-20 11:29:46",0.42,35.316389,-98.987833
2268,"A0318","2026-06-02 20:48:08",2.35,35.744586,-99.828606
2269,"A0662","2026-06-02 20:20:48",1.73,34.414092,-101.194917
2270,"A0151","2026-06-12 06:19:34",2.31,34.255552,-98.102187
2271,"A0799","2026-06-22 08:05:29",0.83,35.803415,-97.053845
2272,"A1291","2026-06-15 04:06:52",0.32,33.702786,-102.018504
2273,"A1176","2026-06-24 17:43:05",1.25,35.389875,-100.631642
2274,"A0496","2026-06-11 01:08:09",2.33,36.849021,-100.803396
2275,"A0794","2026-06-13 20:46:22",2.47,36.860875,-94.551667
2276,"A1137","2026-06-19 01:11:05",1.54,34.823913,-96.426703
2277,"A1114","2026-06-15 14:00:35",1.54,36.824574,-102.877231
2278,"A0936","2026-06-23 04:09:34",1.17,33.657452,-99.704086
2279,"A0003","2026-06-24 23:44:45",1.86,36.015658,-100.128444
2280,"A1166","2026-06-22 12:17:00",2.17,35.018623,-102.107766
2281,"A0144","2026-06-25 06:26:53",1.93,34.458354,-101.621818
2282,"A0355","2026-06-02 13:23:42",2.46,35.603798,-96.993591
2283,"A1114","2026-06-07 20:52:51",2,33.855471,-96.932562
2284,"A1215","2026-06-30 02:46:00",2.11,34.370611,-95.143183
2285,"A0415","2026-06-25 12:50:33",0.48,34.61089,-102.580462
2286,"A0017","2026-06-21 17:23:24",0.88,33.705144,-97.997232
2287,"A0578","2026-06-16 16:32:28",1.85,33.979341,-98.912494
2288,"A1296","2026-06-03 10:26:11",1.93,35.637913,-99.200305
2289,"A0782","2026-06-13 03:52:12",2.26,36.323726,-99.383725
2290,"A0041","2026-06-14 23:54:38",1.41,36.330404,-102.966728
2291,"A1048","2026-06-15 22:27:18",0.55,34.468137,-101.980936
2292,"A1151","2026-06-03 03:02:22",0.91,36.197728,-99.68618
2293,"A0541","2026-06-14 16:31:30",0.92,35.655546,-100.682471
2294,"A1301","2026-06-22 12:06:32",1.15,34.923204,-101.510744
2295,"A0754","2026-06-02 10:20:14",0.15,36.08339,-95.67599
2296,"A1117","2026-06-10 17:07:57",2.55,36.904143,-98.54082
2297,"A0731","2026-06-22 01:19:36",1.74,36.521953,-100.003706
2298,"A1180","2026-06-03 12:17:28",1.84,34.2449,-100.07538
2299,"A1162","2026-06-30 18:08:23",1.31,36.468836,-99.175271
2300,"A1117","2026-06-09 18:03:40",1.11,35.279582,-97.965418
2301,"A0948","2026-06-27 07:40:18",0.45,35.128717,-98.527101
2302,"A0658","2026-06-09 04:04:17",1.85,36.437648,-99.369577
2303,"A1122","2026-06-26 08:30:48",0.97,35.499793,-102.086264
2304,"A0132","2026-06-22 10:06:24",1.87,34.826558,-102.017411
2305,"A0169","2026-06-28 14:49:15",0.31,34.658045,-97.128371
2306,"A1071","2026-06-06 20:50:55",0.96,35.571833,-100.031227
2307,"A1202","2026-06-30 04:13:02",2.29,35.443285,-99.797993
2308,"A0715","2026-06-20 00:58:16",0.74,36.738962,-101.959941
2309,"A0634","2026-06-18 12:24:30",0.7,33.776306,-94.584696
2310,"A0487","2026-06-04 02:29:17",1.59,35.26213,-96.30924
2311,"A0731","2026-06-14 02:02:25",2,33.846779,-99.750625
2312,"A0030","2026-06-18 21:38:14",0.79,34.659375,-102.663138
2313,"A0010","2026-06-05 01:10:06",1.17,35.945878,-94.953713
2314,"A0087","2026-06-11 06:36:33",2.11,34.546072,-99.923678
2315,"A1392","2026-06-16 12:02:52",1.91,35.38198,-96.332371
2316,"A1056","2026-06-08 21:44:42",1.04,34.975524,-97.900602
2317,"A0690","2026-06-26 11:40:31",0.8,35.558869,-98.786499
2318,"A1286","2026-06-03 20:49:48",1.88,34.72749,-101.12854
2319,"A0721","2026-06-12 12:57:17",2.3,34.019055,-101.36544
2320,"A0488","2026-06-06 01:08:59",1.55,35.919528,-100.353286
2321,"A0896","2026-06-10 04:53:12",1.35,35.682961,-94.97392
2322,"A0715","2026-06-29 14:10:50",1.57,34.512896,-95.614558
2323,"A0858","2026-06-19 19:36:10",1.93,36.970349,-101.388169
2324,"A0984","2026-06-17 04:48:10",1.94,34.276727,-101.146529
2325,"A0467","2026-06-23 02:13:45",1.94,36.67774,-95.30347
2326,"A0303","2026-06-13 17:17:15",2.57,35.214856,-101.254687
2327,"A1131","2026-06-10 21:16:23",2.19,34.610527,-98.636612
2328,"A1162","2026-06-20 20:33:57",1.82,36.105554,-96.718724
2329,"A1394","2026-06-01 22:51:40",1.53,34.194909,-102.333774
2330,"A0929","2026-06-13 02:46:42",2.26,35.408152,-102.665272
2331,"A0415","2026-06-26 18:37:46",1.9,36.768622,-99.12351
2332,"A0662","2026-06-06 09:04:43",0.72,35.129122,-95.704903
2333,"A0884","2026-06-23 06:33:54",0.88,35.606022,-94.43586
2334,"A0727","2026-06-15 09:58:41",1.01,35.25593,-101.932111
2335,"A0669","2026-06-10 08:19:42",0.14,34.591816,-94.468153
2336,"A0743","2026-06-17 00:42:27",2.44,35.818046,-100.342403
2337,"A1412","2026-06-18 22:51:45",2.33,33.760291,-95.777663
2338,"A0898","2026-06-16 13:57:51",2.23,33.963396,-100.935171
2339,"A1236","2026-06-26 12:35:52",1.53,34.688701,-99.369845
2340,"A0636","2026-06-19 00:48:33",1.74,34.736723,-101.258307
2341,"A1275","2026-06-21 01:10:59",0.66,34.085892,-100.055833
2342,"A0369","2026-06-27 21:37:11",0.54,35.493797,-97.933732
2343,"A0992","2026-06-08 16:02:03",0.59,33.785089,-101.378472
2344,"A0310","2026-06-15 18:12:28",2.28,36.101566,-101.132261
2345,"A0717","2026-06-24 22:44:03",1.38,36.128973,-99.968467
2346,"A0760","2026-06-02 03:26:18",1.3,34.160428,-99.242493
2347,"A0894","2026-06-05 01:54:05",0.18,36.224809,-96.422652
2348,"A1073","2026-06-14 18:14:08",2.13,34.196901,-102.839084
2349,"A0472","2026-06-13 21:51:13",2.52,35.977744,-97.995053
2350,"A0704","2026-06-26 16:30:26",0.91,34.399996,-97.767958
2351,"A0840","2026-06-09 06:45:13",1.2,35.615931,-102.687384
2352,"A1091","2026-06-05 12:07:38",0.23,34.033534,-101.124245
2353,"A1233","2026-06-02 05:30:45",1.54,34.240437,-94.653501
2354,"A0917","2026-06-24 19:44:09",0.37,34.62406,-99.82036
2355,"A0375","2026-06-29 09:07:45",1.9,35.833187,-100.167976
2356,"A0301","2026-06-17 14:02:56",0.65,36.532928,-94.948419
2357,"A1354","2026-06-03 01:33:31",0.23,36.250195,-95.358051
2358,"A0293","2026-06-01 21:55:37",0.77,34.015126,-96.794655
2359,"A0699","2026-06-26 20:22:39",2.66,35.566502,-97.815699
2360,"A1028","2026-06-19 16:07:59",0.69,36.304668,-95.074658
2361,"A1368","2026-06-01 21:56:55",2.69,36.943322,-100.629869
2362,"A0660","2026-06-29 03:11:41",0.16,36.314588,-102.121272
2363,"A0939","2026-06-26 13:01:15",0.26,34.434405,-99.752836
2364,"A1070","2026-06-19 18:40:55",2.77,36.234336,-100.736199
2365,"A0100","2026-06-29 03:14:43",0.38,36.124604,-94.732849
2366,"A1121","2026-06-06 02:18:29",0.56,35.383431,-96.119053
2367,"A1262","2026-06-12 05:54:44",1.78,33.738442,-98.282122
2368,"A0270","2026-06-19 19:01:52",2.61,33.971546,-101.344643
2369,"A0471","2026-06-19 18:24:11",2.17,36.987942,-95.552003
2370,"A0949","2026-06-19 08:56:26",0.64,35.585933,-101.067933
2371,"A0215","2026-06-21 10:34:58",0.11,34.310196,-96.243705
2372,"A0703","2026-06-22 03:25:46",1.58,35.602009,-94.699965
2373,"A0759","2026-06-13 18:04:25",2.79,33.944407,-101.786143
2374,"A1060","2026-06-19 17:15:47",1.77,35.540375,-99.776184
2375,"A0160","2026-06-07 21:01:58",0.56,34.192371,-100.547354
2376,"A0337","2026-06-04 01:05:13",0.62,36.891232,-100.33064
2377,"A0987","2026-06-28 10:18:19",1.19,35.630861,-99.466421
2378,"A0213","2026-06-12 06:24:08",0.83,34.734386,-96.779607
2379,"A0364","2026-06-13 22:42:47",1.41,34.114671,-101.832211
2380,"A0061","2026-06-30 17:32:36",1.25,35.618492,-98.107915
2381,"A0834","2026-06-04 18:40:06",1.03,34.61011,-101.16155
2382,"A0496","2026-06-06 00:56:58",2.79,35.328003,-96.96338
2383,"A1315","2026-06-25 15:23:32",0.81,35.622943,-94.750927
2384,"A0898","2026-06-10 06:48:04",0.21,36.730116,-98.323963
2385,"A0363","2026-06-19 01:23:58",1.51,34.972629,-97.447767
2386,"A0161","2026-06-19 01:19:42",1.89,33.690372,-94.660366
2387,"A0394","2026-06-16 17:52:37",2.59,35.379503,-97.809754
2388,"A0723","2026-06-23 13:27:14",2.48,34.583364,-101.140755
2389,"A0926","2026-06-13 12:27:33",2.56,34.200457,-95.00618
2390,"A0058","2026-06-07 05:39:59",1.37,34.740846,-95.177303
2391,"A0987","2026-06-08 05:38:05",0.34,34.612449,-95.339138
2392,"A0353","2026-06-08 23:03:09",2.46,36.599298,-95.023821
2393,"A0063","2026-06-06 23:30:44",0.94,34.664214,-99.861411
2394,"A0132","2026-06-07 03:25:26",0.67,35.331818,-99.087048
2395,"A0958","2026-06-15 15:17:58",2.69,36.826783,-99.732238
2396,"A0151","2026-06-28 09:01:09",0.47,33.929436,-100.514369
2397,"A0258","2026-06-05 00:07:00",2.64,34.840516,-102.607154
2398,"A0928","2026-06-30 16:47:52",0.81,35.640531,-96.072124
2399,"A0096","2026-06-09 12:12:03",0.52,34.47878,-102.543286
2400,"A1281","2026-06-04 05:28:52",0.92,35.737286,-97.88379
2401,"A0224","2026-06-09 12:18:26",2.72,36.162577,-95.558788
2402,"A0061","2026-06-21 03:26:14",0.41,35.20303,-102.303163
2403,"A0193","2026-06-16 09:32:12",0.54,36.316881,-97.82959
2404,"A1128","2026-06-19 19:21:40",2.41,34.732804,-94.563864
2405,"A0040","2026-06-29 10:12:08",0.82,35.346765,-97.912959
2406,"A0092","2026-06-29 12:45:18",2.74,33.818624,-100.749581
2407,"A0414","2026-06-11 15:54:47",1.67,36.426265,-102.024183
2408,"A0545","2026-06-17 03:08:54",0.97,35.578283,-98.358346
2409,"A0970","2026-06-19 02:44:19",1.25,34.408345,-101.191348
2410,"A0327","2026-06-22 04:16:42",2.39,33.927544,-99.734549
2411,"A0760","2026-06-03 10:19:42",0.18,36.701287,-99.110081
2412,"A0742","2026-06-13 19:56:49",0.31,36.224318,-98.433222
2413,"A0279","2026-06-17 02:49:15",0.4,34.303195,-99.255149
2414,"A1366","2026-06-05 11:57:53",1.38,36.041323,-97.511356
2415,"A0686","2026-06-20 01:21:27",2.24,36.248588,-96.181306
2416,"A0441","2026-06-07 01:21:46",1.62,34.786675,-98.731325
2417,"A0959","2026-06-23 23:41:55",0.12,34.412471,-95.535234
2418,"A0253","2026-06-18 07:48:40",0.28,36.795995,-99.249135
2419,"A0586","2026-06-26 08:37:15",1.92,36.677627,-95.076817
2420,"A0203","2026-06-23 03:29:31",0.36,36.578157,-94.74448
2421,"A1068","2026-06-23 18:31:41",0.31,35.272729,-99.657941
2422,"A0951","2026-06-15 23:26:16",2.24,33.810545,-94.419774
2423,"A0912","2026-06-26 08:23:18",1.28,34.100757,-97.264148
2424,"A0943","2026-06-03 13:21:12",0.47,34.394817,-98.205927
2425,"A1149","2026-06-19 19:54:14",1.41,34.722206,-97.013861
2426,"A1033","2026-06-06 03:00:56",2.3,36.051584,-100.613174
2427,"A1052","2026-06-20 03:59:08",2.52,35.671385,-99.772506
2428,"A0705","2026-06-04 17:58:39",0.58,33.669985,-96.254036
2429,"A0306","2026-06-15 19:37:18",0.96,35.335212,-96.001511
2430,"A1066","2026-06-13 11:54:28",2.1,36.10225,-99.729477
2431,"A0913","2026-06-21 14:28:15",0.89,33.759462,-97.821689
2432,"A1242","2026-06-20 03:47:17",1.08,36.901475,-99.288059
2433,"A0690","2026-06-03 02:08:32",2.26,36.673005,-95.763253
2434,"A0678","2026-06-30 22:54:27",2.04,35.519714,-97.339451
2435,"A1337","2026-06-02 14:09:00",1.03,35.165249,-96.656839
2436,"A0843","2026-06-13 06:30:40",0.92,36.476914,-101.50234
2437,"A1355","2026-06-28 16:39:51",1.96,33.738765,-96.455326
2438,"A0532","2026-06-01 02:34:01",0.31,36.720115,-95.218341
2439,"A1358","2026-06-25 11:51:09",2.39,36.110129,-102.696201
2440,"A1011","2026-06-18 03:35:59",0.91,34.36634,-94.749464
2441,"A0710","2026-06-05 23:14:40",0.72,34.6752,-97.155827
2442,"A0307","2026-06-08 00:12:01",1.74,34.277993,-96.974699
2443,"A0666","2026-06-22 21:45:02",2.19,36.149412,-99.870671
2444,"A1410","2026-06-05 11:50:41",2.53,36.065871,-99.985553
2445,"A0276","2026-06-28 08:17:14",1.06,36.121108,-101.183109
2446,"A0141","2026-06-07 01:49:53",2.38,33.996811,-95.094207
2447,"A0716","2026-06-14 17:21:11",1.94,33.748348,-94.862708
2448,"A1327","2026-06-28 01:27:21",1.88,33.92373,-102.896534
2449,"A0098","2026-06-01 14:37:50",1.01,36.066274,-102.112482
2450,"A0471","2026-06-30 11:29:30",0.78,33.83919,-101.259024
2451,"A1085","2026-06-25 15:33:28",2.66,34.604497,-95.199597
2452,"A0700","2026-06-20 01:16:28",0.88,35.794729,-96.750148
2453,"A0214","2026-06-15 19:23:54",2.38,34.774068,-98.38852
2454,"A0774","2026-06-20 04:52:16",2.08,34.95875,-95.403677
2455,"A1104","2026-06-10 08:45:46",1.24,35.318338,-102.76107
2456,"A0473","2026-06-15 06:42:00",1.67,36.897292,-102.742638
2457,"A0474","2026-06-13 07:02:44",0.11,35.620917,-97.566887
2458,"A0051","2026-06-26 19:23:00",0.64,35.112737,-101.194669
2459,"A1086","2026-06-18 15:10:03",2.53,35.146623,-102.895807
2460,"A1288","2026-06-06 09:17:39",1.84,35.506846,-97.421644
2461,"A0512","2026-06-17 01:39:43",1.26,36.215295,-96.797543
2462,"A0181","2026-06-07 01:50:11",1.54,34.054515,-96.458766
2463,"A0231","2026-06-17 12:38:18",0.35,33.888577,-95.334102
2464,"A0350","2026-06-12 10:43:10",2.58,34.801474,-98.005325
2465,"A1184","2026-06-19 12:37:46",1.58,34.591979,-98.948022
2466,"A0493","2026-06-28 09:35:33",0.85,36.787693,-94.438003
2467,"A0250","2026-06-19 14:30:29",1.47,35.655026,-97.290356
2468,"A0590","2026-06-15 14:48:04",0.58,35.493996,-102.673215
2469,"A0916","2026-06-27 15:49:20",0.97,35.365967,-94.8022
2470,"A1346","2026-06-23 02:28:42",0.73,33.833613,-96.670775
2471,"A0117","2026-06-13 01:40:23",2.39,36.746321,-101.220316
2472,"A0934","2026-06-29 01:20:08",1.84,34.912596,-100.618542
2473,"A0732","2026-06-11 23:38:29",0.64,35.338359,-97.810623
2474,"A0875","2026-06-07 21:54:27",1.77,33.795857,-96.752511
2475,"A1003","2026-06-22 12:51:17",1.65,36.594893,-95.133166
2476,"A0747","2026-06-04 16:27:24",0.89,33.667829,-96.947067
2477,"A0669","2026-06-16 06:43:15",0.38,33.761541,-96.712737
2478,"A0839","2026-06-22 01:06:33",0.63,33.765188,-102.389179
2479,"A0359","2026-06-15 20:25:38",1.85,35.227265,-98.062577
2480,"A0775","2026-06-13 18:26:52",0.52,33.84317,-100.321152
2481,"A0787","2026-06-03 17:22:08",1.79,35.39882,-101.308825
2482,"A0982","2026-06-30 18:58:27",1.21,36.344896,-96.811241
2483,"A0863","2026-06-16 06:22:14",0.29,34.095268,-102.082811
2484,"A1322","2026-06-06 09:06:30",1.37,33.955777,-100.733783
2485,"A0688","2026-06-16 21:14:37",1.06,36.805561,-100.795727
2486,"A0150","2026-06-30 10:24:04",2.43,35.301959,-99.88355
2487,"A0513","2026-06-08 21:43:57",2.14,34.514802,-95.997151
2488,"A0001","2026-06-15 06:03:34",2.67,36.661339,-100.838869
2489,"A0308","2026-06-14 04:38:54",2.49,35.966614,-97.020073
2490,"A0229","2026-06-08 09:37:28",1.12,34.941031,-95.13035
2491,"A1025","2026-06-11 16:09:39",2.01,36.467426,-95.464025
2492,"A0211","2026-06-04 22:20:28",2.07,35.060732,-98.690234
2493,"A0578","2026-06-26 07:51:20",1.08,36.897847,-101.031462
2494,"A0577","2026-06-26 21:26:58",1.47,34.803467,-101.835374
2495,"A0415","2026-06-27 22:50:35",2.76,35.949686,-101.529662
2496,"A0265","2026-06-08 07:08:24",0.2,34.797775,-95.21077
2497,"A1407","2026-06-23 08:40:23",0.96,34.745842,-96.354191
2498,"A0514","2026-06-10 04:12:01",1.66,34.451094,-101.88177
2499,"A0569","2026-06-03 09:40:05",0.43,33.620298,-96.735883
2500,"A0702","2026-06-08 21:28:52",1.26,36.845748,-100.748281
2501,"A0938","2026-06-06 18:37:28",0.78,35.398725,-101.659605
2502,"A1389","2026-06-24 02:21:07",2.46,36.717495,-100.479446
2503,"A0066","2026-06-11 18:32:11",2.56,34.805155,-96.945193
2504,"A1050","2026-06-12 05:54:31",1.58,34.979931,-100.593188
2505,"A0119","2026-06-17 02:50:53",1.03,36.334485,-102.484793
2506,"A1150","2026-06-10 08:33:47",1.97,34.017063,-95.724
2507,"A1236","2026-06-20 05:47:59",1.99,36.777225,-99.650412
2508,"A0365","2026-06-23 09:26:57",2.35,36.704371,-96.017093
2509,"A1005","2026-06-20 22:44:36",2.66,33.777993,-102.238143
2510,"A0576","2026-06-20 06:29:54",2.71,36.225437,-102.966544
2511,"A1083","2026-06-25 20:28:00",1.09,35.489583,-101.896813
2512,"A1215","2026-06-20 21:52:24",0.72,34.975833,-101.293825
2513,"A1225","2026-06-08 06:46:58",0.79,34.160852,-101.106681
2514,"A0588","2026-06-29 04:19:00",1.71,36.948963,-102.168891
2515,"A0675","2026-06-10 18:49:10",0.94,36.539705,-98.613897
2516,"A0870","2026-06-07 09:47:15",0.62,34.024299,-102.707056
2517,"A1244","2026-06-23 04:13:21",2.79,35.307407,-95.101941
2518,"A0542","2026-06-16 16:03:27",0.11,36.406691,-99.307502
2519,"A1407","2026-06-11 10:51:16",0.69,35.937525,-97.416069
2520,"A0112","2026-06-11 10:12:54",0.28,33.744729,-102.847312
2521,"A0502","2026-06-03 21:42:50",1.79,34.850236,-101.275546
2522,"A0855","2026-06-23 14:00:07",2.14,35.059767,-99.648894
2523,"A1230","2026-06-16 15:08:13",2.29,36.742131,-100.399993
2524,"A0438","2026-06-13 23:48:14",2.55,35.590101,-94.411824
2525,"A0873","2026-06-21 06:45:01",0.45,33.879625,-95.188614
2526,"A0799","2026-06-07 08:36:20",0.74,36.182229,-98.513648
2527,"A0798","2026-06-05 12:43:30",1.89,36.546277,-102.303498
2528,"A0720","2026-06-24 06:14:38",1.79,35.568714,-98.305741
2529,"A0022","2026-06-24 10:37:19",2.34,36.937808,-99.319257
2530,"A0567","2026-06-30 19:42:57",0.96,34.705115,-98.713652
2531,"A0917","2026-06-16 09:41:37",1.43,36.250869,-102.898857
2532,"A1220","2026-06-02 05:36:45",1.68,34.551005,-96.142009
2533,"A0885","2026-06-25 06:21:38",0.67,35.05638,-99.134291
2534,"A1228","2026-06-16 22:52:37",0.92,35.622146,-99.263965
2535,"A0014","2026-06-11 20:26:44",1.24,34.797519,-96.313505
2536,"A1270","2026-06-24 00:19:51",1.98,36.107826,-101.617935
2537,"A0822","2026-06-07 13:18:00",1.84,35.079103,-99.949615
2538,"A1133","2026-06-29 01:35:54",2.11,35.913058,-101.512135
2539,"A0478","2026-06-25 10:39:09",0.93,35.407832,-99.023591
2540,"A0526","2026-06-02 18:34:24",2.71,35.058165,-99.926062
2541,"A0274","2026-06-28 10:07:32",2.14,35.800176,-99.477976
2542,"A0376","2026-06-22 22:49:58",2.44,34.772043,-98.47681
2543,"A0798","2026-06-10 06:53:14",1.18,36.806349,-97.382597
2544,"A0114","2026-06-09 21:00:24",0.45,33.916907,-97.713028
2545,"A1369","2026-06-24 13:08:17",0.79,35.839826,-98.26093
2546,"A0336","2026-06-16 11:43:03",0.47,35.65207,-98.641046
2547,"A0269","2026-06-09 21:37:45",2.62,35.696155,-97.173303
2548,"A0428","2026-06-17 01:56:55",0.96,36.038544,-102.043522
2549,"A0730","2026-06-14 04:47:31",0.3,35.874007,-98.59115
2550,"A1176","2026-06-17 10:26:42",1.35,33.899248,-97.113644
2551,"A0169","2026-06-30 03:44:37",1.79,36.637819,-95.278559
2552,"A1307","2026-06-11 19:10:22",1.5,36.186739,-99.302294
2553,"A0906","2026-06-08 20:52:03",1.17,36.567679,-99.822069
2554,"A0474","2026-06-27 14:03:13",0.66,36.950103,-101.275671
2555,"A0500","2026-06-11 09:21:31",1.33,34.56881,-95.580243
2556,"A0770","2026-06-27 03:26:58",0.26,36.384254,-98.344313
2557,"A0326","2026-06-01 03:27:42",1.34,35.457016,-97.826481
2558,"A0988","2026-06-07 01:48:15",2.73,33.838992,-102.126537
2559,"A0057","2026-06-10 17:15:37",0.66,34.926914,-99.886207
2560,"A0760","2026-06-01 04:49:01",2.4,36.649561,-100.986091
2561,"A0173","2026-06-19 09:22:44",0.81,34.348246,-94.621457
2562,"A1042","2026-06-22 05:35:21",0.2,35.361061,-99.053913
2563,"A1355","2026-06-03 10:40:53",0.92,34.703781,-96.1638
2564,"A0640","2026-06-30 09:44:08",1.91,35.691697,-101.432002
2565,"A1031","2026-06-14 19:17:34",2.33,35.384992,-95.245937
2566,"A0526","2026-06-27 01:39:45",2.02,35.287871,-97.384065
2567,"A0568","2026-06-23 10:12:56",2.35,33.7334,-101.27045
2568,"A0358","2026-06-25 20:14:56",0.54,34.044731,-95.673933
2569,"A0674","2026-06-09 22:03:28",2.21,35.453142,-97.677292
2570,"A0816","2026-06-24 22:15:04",1.29,33.83238,-102.393434
2571,"A0210","2026-06-19 23:54:41",2.32,33.737775,-96.717788
2572,"A1342","2026-06-07 03:56:14",0.97,36.731384,-99.193985
2573,"A0886","2026-06-19 13:21:12",2.76,35.292253,-98.291665
2574,"A0457","2026-06-26 14:10:04",1.57,34.80505,-102.702001
2575,"A0809","2026-06-20 13:08:00",2.79,34.4024,-97.300741
2576,"A1025","2026-06-23 13:35:22",2.07,34.369483,-96.437389
2577,"A1344","2026-06-28 17:07:58",0.98,34.505281,-101.709027
2578,"A0505","2026-06-22 20:14:29",0.38,34.457092,-102.503608
2579,"A0674","2026-06-20 07:15:23",0.21,34.35441,-98.055591
2580,"A0754","2026-06-16 09:43:17",1.46,36.794001,-95.488068
2581,"A1370","2026-06-14 23:25:26",2.01,34.263133,-96.704444
2582,"A0166","2026-06-14 19:16:03",1.67,34.38695,-99.400284
2583,"A0145","2026-06-29 21:21:28",0.73,36.42324,-99.967509
2584,"A0866","2026-06-30 06:27:06",2.22,33.683859,-97.46249
2585,"A0258","2026-06-24 19:52:23",1.84,34.692787,-97.772949
2586,"A0096","2026-06-14 18:00:38",0.68,35.77433,-100.802153
2587,"A0782","2026-06-10 07:56:13",0.44,35.369759,-101.227956
2588,"A0763","2026-06-01 03:42:40",0.21,35.143379,-96.276906
2589,"A0897","2026-06-14 13:40:42",1.97,36.452925,-102.648231
2590,"A1274","2026-06-15 20:12:47",0.7,34.42535,-97.143342
2591,"A0697","2026-06-27 18:42:50",0.4,35.526229,-101.493632
2592,"A0447","2026-06-22 16:34:58",2.39,34.016735,-95.819873
2593,"A0445","2026-06-11 22:19:36",2.73,35.430066,-100.709646
2594,"A0612","2026-06-28 06:40:49",2.23,34.221309,-96.622979
2595,"A0954","2026-06-02 17:43:02",0.58,34.093817,-97.738012
2596,"A0788","2026-06-28 14:53:28",1.41,34.095258,-94.577587
2597,"A0039","2026-06-10 22:40:39",2.45,36.245495,-101.251763
2598,"A1399","2026-06-15 11:43:55",1.09,34.153461,-97.986845
2599,"A0732","2026-06-29 22:08:23",0.57,36.711673,-94.704785
2600,"A1339","2026-06-27 21:13:52",1.69,36.028063,-96.328931
2601,"A0278","2026-06-27 21:47:15",1.87,35.955908,-98.909776
2602,"A1406","2026-06-10 00:09:38",0.13,36.215738,-100.338354
2603,"A0697","2026-06-01 06:26:30",0.98,34.7683,-95.59352
2604,"A0932","2026-06-24 13:22:51",1.14,35.362857,-94.532535
2605,"A0081","2026-06-13 14:47:01",2.13,36.184873,-97.975164
2606,"A1350","2026-06-09 00:30:31",1.71,34.324775,-99.809433
2607,"A0674","2026-06-23 14:01:38",2.56,33.618542,-97.198674
2608,"A0573","2026-06-11 12:59:58",0.34,36.825005,-94.876823
2609,"A1279","2026-06-05 00:32:33",2.69,34.477954,-99.274586
2610,"A1190","2026-06-02 03:26:20",1.78,35.227064,-97.962752
2611,"A0431","2026-06-28 16:34:20",1.7,35.406955,-96.106386
2612,"A1102","2026-06-14 03:50:22",2.32,34.108607,-95.772271
2613,"A0136","2026-06-14 07:25:47",0.46,36.934661,-102.516305
2614,"A1059","2026-06-15 06:37:19",1.98,36.669034,-100.538792
2615,"A0680","2026-06-18 12:41:27",0.72,34.021235,-99.605861
2616,"A0584","2026-06-04 18:02:11",0.14,36.494888,-100.441208
2617,"A1158","2026-06-16 05:50:16",2.73,34.391453,-97.219711
2618,"A0154","2026-06-09 13:04:44",1.38,36.216456,-98.89231
2619,"A1204","2026-06-30 08:26:00",1.59,34.640053,-98.06216
2620,"A0502","2026-06-16 14:04:12",2.19,34.559699,-102.618439
2621,"A1028","2026-06-05 08:01:42",1,34.65215,-99.831395
2622,"A1035","2026-06-16 11:19:04",1.92,36.105389,-98.58949
2623,"A1401","2026-06-12 16:55:04",1.98,35.601288,-101.072633
2624,"A0148","2026-06-24 14:21:09",0.94,34.266976,-97.630693
2625,"A0664","2026-06-29 11:29:44",0.31,35.843033,-102.845302
2626,"A0343","2026-06-24 17:25:50",2.28,35.130561,-97.974555
2627,"A1146","2026-06-19 11:49:04",1.01,34.62846,-97.810869
2628,"A1028","2026-06-18 05:04:34",2.4,34.761182,-102.691403
2629,"A0753","2026-06-10 12:16:27",0.65,35.433838,-101.240988
2630,"A0644","2026-06-27 00:48:47",2.35,36.388043,-95.152452
2631,"A0832","2026-06-21 05:49:11",0.12,35.454559,-101.811083
2632,"A0867","2026-06-11 08:25:47",0.67,35.344979,-97.985932
2633,"A0897","2026-06-10 21:51:40",1.94,34.15569,-94.699805
2634,"A0336","2026-06-12 07:46:12",2.12,34.16304,-95.244353
2635,"A0338","2026-06-07 14:05:13",0.9,33.856666,-101.241139
2636,"A0523","2026-06-27 20:08:28",1.97,34.524025,-100.411666
2637,"A0569","2026-06-11 10:51:41",1.69,35.601706,-99.639838
2638,"A0673","2026-06-12 21:21:35",1.64,34.595107,-101.83264
2639,"A1165","2026-06-23 05:41:24",2.27,35.153315,-101.144357
2640,"A0513","2026-06-13 14:35:35",1.9,36.89061,-101.806848
2641,"A0191","2026-06-14 09:11:50",1.4,35.129706,-94.95654
2642,"A1140","2026-06-18 06:43:03",1.72,35.402873,-99.986136
2643,"A0576","2026-06-30 03:09:06",2.38,36.814977,-97.411095
2644,"A1274","2026-06-08 23:23:54",2.78,35.119843,-102.20861
2645,"A1315","2026-06-03 19:09:01",0.58,36.478006,-100.712418
2646,"A1044","2026-06-18 19:34:15",1.94,34.938347,-96.279684
2647,"A0844","2026-06-23 02:46:15",1.48,35.93783,-95.765402
2648,"A1360","2026-06-15 03:34:22",0.76,35.147225,-98.571665
2649,"A0993","2026-06-28 12:55:14",0.52,33.872632,-98.345572
2650,"A0343","2026-06-09 12:40:53",2.39,35.17845,-97.547394
2651,"A0898","2026-06-13 01:17:12",2.54,34.177485,-101.824255
2652,"A0580","2026-06-09 21:55:52",2,33.690153,-101.883157
2653,"A0083","2026-06-11 14:33:02",2.22,36.753116,-99.793245
2654,"A0448","2026-06-22 11:26:04",1.29,35.116805,-101.960062
2655,"A0319","2026-06-06 14:49:13",0.4,36.648167,-96.720862
2656,"A0291","2026-06-10 11:29:57",1.71,35.975009,-97.215755
2657,"A1058","2026-06-06 12:16:02",2.1,33.823284,-96.420388
2658,"A1000","2026-06-30 15:21:56",0.51,34.353184,-98.83229
2659,"A1364","2026-06-01 05:23:37",1.89,36.306512,-97.496415
2660,"A0666","2026-06-14 01:35:49",0.57,34.915291,-101.223507
2661,"A0959","2026-06-01 20:50:59",2.11,34.312569,-97.15694
2662,"A1337","2026-06-08 12:51:43",2.8,34.059686,-101.108059
2663,"A1399","2026-06-15 12:03:34",2.76,36.784218,-95.774321
2664,"A0005","2026-06-11 19:35:38",1.56,36.35116,-99.570006
2665,"A0534","2026-06-21 23:33:37",0.67,35.096701,-97.017368
2666,"A0516","2026-06-18 01:19:32",1.98,34.346683,-98.406638
2667,"A0864","2026-06-20 17:17:16",1.74,35.973517,-97.356363
2668,"A0643","2026-06-30 21:56:44",1.28,36.434573,-97.501595
2669,"A0217","2026-06-29 04:03:26",2.24,36.699526,-97.799116
2670,"A0246","2026-06-12 19:42:35",0.56,34.643987,-94.980371
2671,"A0171","2026-06-09 00:55:19",1.29,36.570988,-101.995883
2672,"A1064","2026-06-22 12:28:05",0.34,34.416428,-100.984829
2673,"A0244","2026-06-07 01:03:50",1.05,35.1865,-100.287926
2674,"A0546","2026-06-22 17:15:33",0.91,36.87005,-102.883023
2675,"A1330","2026-06-20 01:37:06",1.82,36.59266,-98.339576
2676,"A1070","2026-06-04 22:57:04",1,35.50903,-101.280481
2677,"A1027","2026-06-13 07:44:13",2.25,34.493056,-100.521114
2678,"A0642","2026-06-27 13:38:19",1.77,36.724471,-99.206361
2679,"A0331","2026-06-21 18:21:19",0.42,35.715442,-95.923531
2680,"A0127","2026-06-21 03:34:36",2.43,36.735029,-102.507472
2681,"A0716","2026-06-12 12:39:55",1.27,34.598418,-96.312777
2682,"A1408","2026-06-07 03:41:56",1.23,36.07211,-101.28997
2683,"A0402","2026-06-11 08:29:49",1.17,35.833187,-95.441247
2684,"A0542","2026-06-24 17:47:15",2.72,34.163142,-99.173457
2685,"A1016","2026-06-01 15:29:41",1.5,33.919111,-95.578788
2686,"A1006","2026-06-24 22:26:25",1.21,34.410451,-95.633975
2687,"A0266","2026-06-30 10:31:48",2.64,36.065675,-101.301416
2688,"A1168","2026-06-28 15:26:10",2.22,36.663189,-101.462134
2689,"A1261","2026-06-13 12:20:16",0.65,36.633291,-101.613061
2690,"A0693","2026-06-07 11:16:48",0.61,34.043262,-95.63435
2691,"A0385","2026-06-02 02:08:49",1.31,36.657965,-102.383469
2692,"A0057","2026-06-15 17:00:32",0.85,33.849958,-98.802049
2693,"A1031","2026-06-16 23:23:52",0.27,35.118564,-97.352216
2694,"A0163","2026-06-30 01:23:37",0.94,33.770574,-101.329352
2695,"A0094","2026-06-27 22:32:59",0.81,36.968921,-102.093063
2696,"A1104","2026-06-10 10:52:04",1.52,35.516,-101.201684
2697,"A1098","2026-06-29 08:49:42",1.28,34.57207,-102.680354
2698,"A1361","2026-06-05 00:16:40",0.33,36.568993,-96.440552
2699,"A1089","2026-06-22 13:26:08",1.02,35.756403,-94.619757
2700,"A0060","2026-06-09 08:24:29",0.18,34.206866,-98.111915
2701,"A0572","2026-06-12 05:45:27",0.84,33.915892,-98.739766
2702,"A0665","2026-06-19 17:27:31",2.61,36.398849,-95.678723
2703,"A0954","2026-06-22 09:13:33",1.82,35.782574,-94.48748
2704,"A0438","2026-06-19 12:55:00",2.62,34.1453,-96.458488
2705,"A1154","2026-06-18 21:12:07",1.38,35.637305,-98.197135
2706,"A0930","2026-06-01 01:24:03",2.29,36.19193,-100.459222
2707,"A0805","2026-06-10 18:34:47",0.75,33.839512,-98.007781
2708,"A1349","2026-06-30 13:50:44",1.6,34.55356,-100.14847
2709,"A0758","2026-06-12 06:58:05",0.45,35.352606,-102.02511
2710,"A0750","2026-06-11 20:48:56",0.34,34.388085,-95.621493
2711,"A1095","2026-06-22 06:40:34",2.14,35.725812,-95.59704
2712,"A0034","2026-06-05 00:42:40",0.14,33.769066,-101.81076
2713,"A0702","2026-06-05 04:55:06",0.46,35.941917,-97.71549
2714,"A0750","2026-06-18 05:20:14",0.97,35.758343,-101.952633
2715,"A0292","2026-06-22 20:49:48",2.26,35.565436,-95.887317
2716,"A0364","2026-06-15 18:28:57",2.56,36.78773,-101.542752
2717,"A1212","2026-06-13 23:58:29",1.35,34.392515,-97.060555
2718,"A0915","2026-06-13 19:42:59",0.35,34.746973,-96.917389
2719,"A0609","2026-06-02 16:20:05",1.88,33.889477,-95.335835
2720,"A0733","2026-06-03 17:11:01",2.22,34.035822,-96.849885
2721,"A0342","2026-06-13 12:03:33",0.26,36.762995,-97.864914
2722,"A1039","2026-06-11 05:21:21",2.44,33.876331,-102.96265
2723,"A0267","2026-06-29 08:26:39",1.42,34.87583,-101.925784
2724,"A0306","2026-06-26 10:32:54",0.44,35.662838,-98.133142
2725,"A1091","2026-06-21 22:06:28",1.66,36.634316,-98.254439
2726,"A0637","2026-06-17 12:29:43",2.66,35.125349,-99.937191
2727,"A0536","2026-06-07 04:48:11",2.7,33.678671,-101.476877
2728,"A0801","2026-06-13 00:29:53",2.2,34.495954,-102.710946
2729,"A0397","2026-06-13 04:59:09",2.38,36.92642,-98.937371
2730,"A1201","2026-06-21 07:42:15",2.56,35.334708,-95.988027
2731,"A0885","2026-06-11 09:14:40",1.02,34.077718,-100.858797
2732,"A0309","2026-06-08 17:23:40",2.07,33.737675,-96.011061
2733,"A0607","2026-06-04 20:36:14",2.76,34.928597,-102.948961
2734,"A1211","2026-06-12 08:33:13",1.39,36.64295,-101.153792
2735,"A1094","2026-06-26 22:31:31",0.35,36.281181,-101.680248
2736,"A1400","2026-06-01 13:59:27",2.44,34.990035,-102.330826
2737,"A0903","2026-06-05 23:40:57",1.87,35.639914,-94.745982
2738,"A0316","2026-06-18 14:06:40",1.35,35.290423,-99.014134
2739,"A1334","2026-06-21 10:57:44",1.8,34.401191,-97.214936
2740,"A0511","2026-06-09 19:44:04",2.11,36.872475,-94.772301
2741,"A0149","2026-06-13 23:54:24",2.41,33.6312,-99.812573
2742,"A1113","2026-06-05 17:32:39",1.41,36.615151,-100.732264
2743,"A0340","2026-06-11 20:38:08",1.98,35.355065,-100.482979
2744,"A0261","2026-06-06 08:14:57",2.69,35.068784,-100.322695
2745,"A1119","2026-06-27 11:31:29",1.38,34.240419,-98.053072
2746,"A0560","2026-06-22 03:07:12",1.09,36.472417,-102.670566
2747,"A0417","2026-06-17 15:03:12",0.99,33.605134,-101.746352
2748,"A0010","2026-06-15 16:34:51",0.82,33.968939,-95.76195
2749,"A0271","2026-06-03 15:25:43",0.35,34.760266,-98.715303
2750,"A1272","2026-06-30 08:52:50",1.79,36.20254,-94.662086
2751,"A1075","2026-06-25 08:57:00",2.48,35.838505,-97.997659
2752,"A0373","2026-06-10 05:01:50",2.22,34.42024,-97.773065
2753,"A0382","2026-06-05 22:29:27",1.43,34.490352,-97.202333
2754,"A0559","2026-06-14 09:53:20",1.54,36.95831,-102.309985
2755,"A0629","2026-06-15 06:57:53",0.83,35.261689,-96.313214
2756,"A0351","2026-06-25 21:06:32",2.48,36.383234,-99.856005
2757,"A0315","2026-06-24 23:56:09",2.32,35.820556,-99.916881
2758,"A0053","2026-06-01 06:52:35",0.39,35.739246,-96.352203
2759,"A0609","2026-06-28 04:44:33",2.23,33.734623,-98.128729
2760,"A0929","2026-06-30 20:00:05",1.75,35.842423,-94.633588
2761,"A1371","2026-06-10 16:08:50",1.75,36.648116,-97.049175
2762,"A1032","2026-06-24 13:03:13",0.81,34.283694,-102.327671
2763,"A0881","2026-06-05 10:42:16",0.23,35.197314,-99.125457
2764,"A0035","2026-06-22 23:00:39",0.86,36.32591,-98.659782
2765,"A0028","2026-06-11 09:35:26",1.95,36.991024,-99.984903
2766,"A0338","2026-06-13 12:18:51",0.21,35.512243,-96.725642
2767,"A0608","2026-06-12 00:29:14",2.79,36.630674,-98.777356
2768,"A0627","2026-06-17 13:13:39",1.23,36.484686,-97.987418
2769,"A1189","2026-06-24 07:17:08",0.29,36.888032,-101.363648
2770,"A0900","2026-06-14 11:21:40",1.07,36.245191,-97.775493
2771,"A1128","2026-06-01 14:06:38",0.85,34.906285,-98.022437
2772,"A0016","2026-06-20 01:03:58",2.08,36.420184,-99.843738
2773,"A1054","2026-06-26 18:40:57",2.46,34.569933,-95.619823
2774,"A0906","2026-06-01 06:53:14",2.24,35.670333,-98.632892
2775,"A1261","2026-06-19 17:09:06",1.63,35.879305,-98.685975
2776,"A0281","2026-06-19 18:44:45",2.73,36.084298,-97.90708
2777,"A0240","2026-06-30 04:26:06",1.92,35.567845,-98.577634
2778,"A0531","2026-06-28 19:07:00",1.75,35.25896,-98.457614
2779,"A1383","2026-06-22 00:23:49",1.8,33.856203,-101.208769
2780,"A0985","2026-06-21 07:29:03",1.7,34.607414,-95.311193
2781,"A0792","2026-06-22 06:45:19",1.06,36.395475,-98.876492
2782,"A0230","2026-06-13 03:19:19",2.52,33.815447,-99.002948
2783,"A0569","2026-06-06 07:09:25",2.05,36.063111,-100.890374
2784,"A0019","2026-06-13 01:21:01",1.09,36.761332,-97.887528
2785,"A0483","2026-06-13 11:35:23",1.71,35.803046,-97.624466
2786,"A1408","2026-06-14 13:19:32",0.7,36.612631,-95.037685
2787,"A0936","2026-06-29 08:53:33",0.49,35.257361,-95.46219
2788,"A0014","2026-06-02 15:58:05",2.48,34.421716,-94.407503
2789,"A1202","2026-06-28 21:29:24",0.21,34.424806,-99.693294
2790,"A0938","2026-06-11 05:00:20",1.76,36.769361,-99.765375
2791,"A0652","2026-06-27 16:19:46",1.42,34.190343,-100.431828
2792,"A0633","2026-06-29 06:03:22",0.24,35.514371,-98.721032
2793,"A0812","2026-06-13 23:21:28",0.14,34.171357,-99.442379
2794,"A0390","2026-06-18 23:48:58",2.1,34.091345,-102.38742
2795,"A1260","2026-06-10 04:56:22",0.9,33.631498,-95.455546
2796,"A0642","2026-06-16 20:37:46",1.63,35.673097,-99.822804
2797,"A0363","2026-06-20 21:21:00",1.35,36.906461,-98.942836
2798,"A0083","2026-06-02 04:26:14",0.52,36.892021,-98.636634
2799,"A1134","2026-06-17 20:08:30",2.78,36.509867,-102.91284
2800,"A0460","2026-06-30 10:48:39",1.85,35.589609,-97.028571
2801,"A0029","2026-06-01 20:19:42",0.11,34.178717,-100.228146
2802,"A0881","2026-06-09 13:23:21",0.44,35.107314,-96.817633
2803,"A0856","2026-06-18 15:51:36",2.36,35.129245,-96.64586
2804,"A1365","2026-06-21 07:24:42",0.2,34.312193,-99.745031
2805,"A0745","2026-06-12 23:13:19",0.74,34.900898,-97.191842
2806,"A1235","2026-06-27 16:51:04",0.29,36.665837,-95.117126
2807,"A0995","2026-06-03 22:47:34",0.17,34.950034,-100.783238
2808,"A0593","2026-06-23 10:25:12",2.76,35.96614,-99.231421
2809,"A0987","2026-06-27 04:52:44",0.38,34.993579,-102.801553
2810,"A0651","2026-06-12 01:13:30",1.93,36.581654,-97.187691
2811,"A0032","2026-06-20 19:10:38",2.04,36.164254,-99.374608
2812,"A0616","2026-06-25 08:58:23",0.47,36.841883,-101.957791
2813,"A0079","2026-06-02 07:59:14",1.23,35.082286,-95.451106
2814,"A0584","2026-06-17 19:23:15",0.46,36.160685,-100.105746
2815,"A1137","2026-06-23 23:55:13",1.5,35.672954,-95.063712
2816,"A0231","2026-06-15 17:24:09",1.4,34.469215,-97.396014
2817,"A0438","2026-06-25 03:18:58",1.03,36.220089,-94.757323
2818,"A1004","2026-06-04 12:50:08",2.76,36.415372,-101.985555
2819,"A0786","2026-06-19 18:01:54",1.31,35.911795,-97.052107
2820,"A0422","2026-06-30 00:47:37",2.22,35.642891,-101.145133
2821,"A0660","2026-06-01 17:31:12",0.28,35.139391,-101.186928
2822,"A0754","2026-06-29 01:09:19",1.98,33.848259,-96.041714
2823,"A0342","2026-06-21 04:36:24",2.29,35.836004,-98.734505
2824,"A1198","2026-06-14 13:16:12",1.13,34.539875,-95.895192
2825,"A0462","2026-06-06 17:09:52",2.49,33.628474,-102.466987
2826,"A0864","2026-06-28 07:55:06",0.66,35.356522,-99.497942
2827,"A0390","2026-06-14 02:26:39",2.14,34.64266,-101.01568
2828,"A0195","2026-06-16 15:51:25",1.37,35.253693,-99.475978
2829,"A1026","2026-06-01 08:46:32",0.39,36.767289,-102.867735
2830,"A0904","2026-06-28 13:59:40",2.62,35.46113,-102.996393
2831,"A0671","2026-06-15 06:30:25",1.11,35.713455,-102.7753
2832,"A0025","2026-06-29 09:46:31",1.81,35.888732,-98.770963
2833,"A0374","2026-06-25 05:05:30",2.06,36.746652,-95.820438
2834,"A0861","2026-06-08 15:13:10",0.24,36.918993,-100.303923
2835,"A0796","2026-06-08 18:53:35",1.98,34.865344,-102.533916
2836,"A1275","2026-06-28 19:05:08",0.85,34.770438,-98.552282
2837,"A0434","2026-06-14 06:06:06",0.13,34.128282,-100.381632
2838,"A1117","2026-06-26 14:15:43",1.56,34.597072,-96.578879
2839,"A0641","2026-06-20 14:57:22",0.28,34.189329,-96.180362
2840,"A0616","2026-06-08 01:01:55",0.78,34.18714,-98.837264
2841,"A0767","2026-06-22 22:41:28",0.71,35.367317,-97.800965
2842,"A0020","2026-06-09 17:21:20",0.27,36.810833,-95.188438
2843,"A1372","2026-06-03 10:18:20",0.18,33.918568,-96.560081
2844,"A0562","2026-06-06 14:02:58",2.27,36.351213,-94.877212
2845,"A0949","2026-06-13 20:28:55",2.26,36.607206,-99.428845
2846,"A0005","2026-06-03 12:06:36",1.77,34.38751,-99.819642
2847,"A1289","2026-06-26 23:16:43",1.04,35.663712,-98.811955
2848,"A0686","2026-06-19 12:59:47",0.85,33.633158,-99.37404
2849,"A0878","2026-06-29 02:51:37",2.33,34.853597,-102.278697
2850,"A0759","2026-06-01 21:34:57",2.67,35.971368,-96.399653
2851,"A0955","2026-06-11 01:59:03",1.27,36.643521,-98.943123
2852,"A0094","2026-06-24 17:36:43",1.12,35.801091,-99.58219
2853,"A1354","2026-06-18 06:46:35",2.54,35.623748,-96.230259
2854,"A1129","2026-06-14 00:57:18",0.84,34.45278,-97.433703
2855,"A0522","2026-06-05 14:23:26",0.11,34.902288,-98.696698
2856,"A0842","2026-06-15 04:50:42",0.15,36.988847,-98.147389
2857,"A0318","2026-06-05 22:39:42",0.73,33.743475,-94.706362
2858,"A0254","2026-06-17 20:18:26",1.16,36.18369,-96.195637
2859,"A1226","2026-06-21 02:32:11",2.31,33.88298,-99.641199
2860,"A1370","2026-06-02 10:37:15",1.44,34.896992,-98.921792
2861,"A0967","2026-06-07 02:10:06",1.78,34.626974,-96.581078
2862,"A0401","2026-06-11 08:01:28",0.29,36.478993,-102.019619
2863,"A1341","2026-06-30 20:44:55",1.17,34.722754,-101.745195
2864,"A1073","2026-06-27 12:18:23",0.99,34.230444,-95.541631
2865,"A0361","2026-06-15 11:19:34",2.62,35.621085,-101.378931
2866,"A0032","2026-06-01 13:11:08",2.6,36.095376,-96.323981
2867,"A0550","2026-06-17 17:41:33",1.05,33.951047,-102.556258
2868,"A0675","2026-06-01 20:52:52",2.67,36.660649,-99.011197
2869,"A1280","2026-06-22 21:52:01",2.79,33.758352,-95.853871
2870,"A0900","2026-06-01 23:57:44",1.51,35.832162,-101.430865
2871,"A0167","2026-06-08 23:05:16",1.42,34.413525,-102.537851
2872,"A0132","2026-06-19 05:27:53",2.73,33.647479,-99.651396
2873,"A0740","2026-06-30 20:36:11",0.65,36.735885,-101.895075
2874,"A0173","2026-06-24 11:33:14",1.43,34.88308,-99.280037
2875,"A0127","2026-06-16 03:03:15",1.28,34.423539,-99.856153
2876,"A1249","2026-06-10 13:31:29",2.32,34.093283,-102.403189
2877,"A0967","2026-06-21 07:06:09",2.15,35.546456,-102.98774
2878,"A0168","2026-06-28 03:28:47",2.6,34.340132,-100.711055
2879,"A0686","2026-06-03 06:56:57",2.53,35.172463,-99.604758
2880,"A0897","2026-06-12 23:18:17",0.2,36.511405,-99.621572
2881,"A1251","2026-06-14 07:07:07",2.35,34.434763,-102.620223
2882,"A1351","2026-06-28 16:51:51",0.34,36.068884,-101.525795
2883,"A1409","2026-06-20 22:19:55",0.61,34.125432,-94.853673
2884,"A0222","2026-06-16 22:32:45",1.06,36.281192,-99.181116
2885,"A0507","2026-06-09 22:08:47",0.17,34.428345,-98.814507
2886,"A0967","2026-06-20 08:08:52",0.74,35.428089,-97.944999
2887,"A0432","2026-06-04 12:19:55",2.02,34.028376,-98.356098
2888,"A1410","2026-06-01 07:42:48",1.94,34.211491,-95.282385
2889,"A0342","2026-06-25 17:10:01",1.57,36.336251,-95.227508
2890,"A0570","2026-06-20 02:33:21",2.3,36.960777,-101.076432
2891,"A0720","2026-06-25 13:46:08",2.69,35.275838,-100.81646
2892,"A0109","2026-06-29 21:03:02",0.25,34.096137,-102.227572
2893,"A1063","2026-06-01 17:26:28",1.82,35.496404,-96.68126
2894,"A0605","2026-06-04 23:40:52",2.05,34.781356,-100.947102
2895,"A0359","2026-06-10 04:12:52",2.59,35.197864,-98.459565
2896,"A1294","2026-06-02 05:35:08",2.66,34.876316,-97.302789
2897,"A0183","2026-06-17 01:55:56",1.21,34.984745,-97.298417
2898,"A1340","2026-06-08 03:44:11",2.68,36.075139,-97.939649
2899,"A1249","2026-06-10 06:54:58",1.41,35.558454,-102.755404
2900,"A0333","2026-06-25 22:10:57",2.16,33.891002,-101.699294
2901,"A0624","2026-06-14 04:35:28",1.25,35.410621,-95.698343
2902,"A0557","2026-06-13 10:37:45",2.4,36.268533,-102.18205
2903,"A0451","2026-06-15 18:21:17",2.63,34.753626,-95.946983
2904,"A0923","2026-06-17 14:27:41",2.5,35.16235,-96.330665
2905,"A0509","2026-06-29 10:11:48",2.18,36.609552,-94.541197
2906,"A0017","2026-06-26 06:19:59",2,34.021626,-95.253912
2907,"A0276","2026-06-04 14:34:03",0.79,36.477605,-99.265687
2908,"A1076","2026-06-10 13:58:48",0.72,36.875531,-95.886034
2909,"A0334","2026-06-22 06:06:54",1.56,34.891278,-97.703825
2910,"A0651","2026-06-04 05:39:04",0.92,36.256586,-96.751212
2911,"A1362","2026-06-17 16:30:23",0.63,35.329105,-98.627556
2912,"A0954","2026-06-09 14:33:24",1.63,34.109773,-101.327204
2913,"A0244","2026-06-29 16:25:02",0.11,35.255458,-94.783215
2914,"A1399","2026-06-23 10:38:04",1.13,36.5525,-94.656895
2915,"A1070","2026-06-01 04:04:05",0.76,35.906702,-102.369564
2916,"A0918","2026-06-25 10:41:58",1.22,34.926803,-94.706314
2917,"A1060","2026-06-26 08:50:46",0.98,36.499316,-101.270362
2918,"A0231","2026-06-04 14:43:56",0.26,34.953065,-100.712604
2919,"A0504","2026-06-15 10:17:52",0.87,34.060496,-98.98006
2920,"A0067","2026-06-11 16:47:03",1.07,35.327711,-97.986052
2921,"A0896","2026-06-12 08:12:47",2.26,34.891959,-102.750306
2922,"A0599","2026-06-09 07:07:43",1.95,33.717929,-100.578671
2923,"A0354","2026-06-08 13:59:47",0.27,33.845477,-99.113195
2924,"A0448","2026-06-05 08:27:09",1.95,36.80508,-99.907142
2925,"A0907","2026-06-13 15:08:15",1.11,34.678483,-98.101335
2926,"A0583","2026-06-01 12:40:34",0.22,34.653869,-96.147263
2927,"A0028","2026-06-29 03:33:43",1.78,35.69647,-95.91635
2928,"A1205","2026-06-11 08:29:21",0.67,34.739788,-101.239578
2929,"A0881","2026-06-11 05:18:55",1.58,34.98312,-95.324462
2930,"A0896","2026-06-07 08:02:07",0.79,35.353925,-100.507676
2931,"A1186","2026-06-27 16:41:32",0.83,34.180026,-102.612009
2932,"A0693","2026-06-15 13:50:59",1.04,35.359227,-102.902094
2933,"A0454","2026-06-08 20:21:11",2.5,35.289524,-94.866349
2934,"A0588","2026-06-17 16:13:52",2.21,35.894028,-96.192206
2935,"A1293","2026-06-27 15:41:17",2.79,34.633277,-100.27099
2936,"A0652","2026-06-24 00:34:10",2.49,36.378897,-99.640271
2937,"A0321","2026-06-05 15:56:02",1.48,35.128754,-95.532499
2938,"A0124","2026-06-28 17:59:08",0.23,36.640018,-102.892908
2939,"A0552","2026-06-01 04:56:33",1.61,34.803813,-100.95094
2940,"A0424","2026-06-25 20:06:57",1.35,36.927106,-94.692277
2941,"A0612","2026-06-16 16:46:38",2.57,34.467345,-96.70652
2942,"A0345","2026-06-29 14:05:42",0.67,33.637525,-96.006431
2943,"A0969","2026-06-16 23:04:00",2.19,36.622016,-99.486344
2944,"A0481","2026-06-17 07:03:32",2.66,34.762495,-102.885788
2945,"A1199","2026-06-02 03:29:38",2.01,33.662978,-97.61046
2946,"A0307","2026-06-03 03:42:27",2.28,35.333364,-100.538814
2947,"A0880","2026-06-21 03:57:13",0.39,35.266642,-100.602467
2948,"A1014","2026-06-24 10:48:45",0.22,34.631251,-97.606495
2949,"A1325","2026-06-06 02:41:45",1.01,35.775592,-99.604879
2950,"A0318","2026-06-17 07:07:57",2.58,35.838596,-100.791006
2951,"A0523","2026-06-13 22:01:15",0.36,34.735389,-95.441873
2952,"A0234","2026-06-07 14:09:58",2.06,36.714862,-98.292207
2953,"A1022","2026-06-23 11:14:53",0.55,35.115479,-99.110658
2954,"A0503","2026-06-27 22:10:10",0.27,34.080241,-94.613794
2955,"A0795","2026-06-21 17:26:11",0.5,35.345635,-100.090546
2956,"A0720","2026-06-29 09:01:40",2.5,33.624237,-101.881282
2957,"A0886","2026-06-15 06:49:47",2.3,35.420258,-99.696293
2958,"A1005","2026-06-23 23:19:03",2.05,33.840018,-97.074396
2959,"A0090","2026-06-30 14:35:08",0.25,35.277584,-97.888095
2960,"A0047","2026-06-16 17:16:41",2.46,35.42986,-94.9817
2961,"A0634","2026-06-18 11:54:42",1.74,33.841365,-101.678534
2962,"A0765","2026-06-15 10:56:03",0.46,36.938112,-102.805699
2963,"A0819","2026-06-09 08:34:15",1.03,36.880071,-95.516634
2964,"A0547","2026-06-01 18:43:27",1.63,36.335006,-97.762833
2965,"A0215","2026-06-23 17:56:03",1.74,35.515828,-99.90873
2966,"A0100","2026-06-15 09:12:53",1.7,36.846692,-99.075801
2967,"A0061","2026-06-13 03:37:09",0.39,34.835321,-100.055597
2968,"A0295","2026-06-07 03:00:00",2.37,35.079294,-99.334886
2969,"A0447","2026-06-09 11:41:56",2.19,34.138405,-99.591959
2970,"A1297","2026-06-23 17:12:26",2.32,36.689994,-101.739994
2971,"A0420","2026-06-03 22:35:37",1.76,36.401975,-101.900241
2972,"A1170","2026-06-27 10:43:44",1.83,34.350962,-100.432839
2973,"A0381","2026-06-22 02:21:30",2.13,35.55941,-96.337062
2974,"A1300","2026-06-22 20:21:28",1.83,34.44525,-101.297113
2975,"A0201","2026-06-26 10:41:45",0.69,35.939761,-101.539695
2976,"A0831","2026-06-03 20:42:45",1.12,35.940839,-94.442769
2977,"A0514","2026-06-12 06:00:07",0.52,35.690861,-95.62626
2978,"A0090","2026-06-24 13:27:03",2.53,36.367104,-98.329909
2979,"A1093","2026-06-08 19:50:58",0.24,36.475597,-101.971841
2980,"A1174","2026-06-13 07:48:21",1.99,35.555831,-102.66731
2981,"A0188","2026-06-18 11:12:03",0.84,35.915277,-102.744599
2982,"A0928","2026-06-15 22:32:57",2.79,36.986971,-102.983529
2983,"A1153","2026-06-02 07:15:14",0.65,35.267345,-99.488404
2984,"A0393","2026-06-29 02:34:28",1.88,35.860689,-97.115507
2985,"A1134","2026-06-05 07:36:02",1.56,35.225025,-99.913277
2986,"A0149","2026-06-20 18:28:38",1.35,33.601657,-98.848863
2987,"A0598","2026-06-30 21:47:23",1.22,36.2574,-99.03408
2988,"A0025","2026-06-09 15:09:28",1.9,36.023592,-95.121925
2989,"A0980","2026-06-06 20:00:47",1.96,35.572552,-99.352592
2990,"A0828","2026-06-30 10:56:33",0.21,35.418286,-98.541852
2991,"A0219","2026-06-05 08:48:52",2.06,34.727522,-102.543107
2992,"A0009","2026-06-30 17:09:59",2.27,36.503648,-100.179553
2993,"A0010","2026-06-19 23:31:31",1.46,36.171561,-94.658293
2994,"A1106","2026-06-29 04:23:03",1.61,35.618167,-102.397457
2995,"A0355","2026-06-02 19:07:29",2.17,34.817834,-100.58757
2996,"A0596","2026-06-25 23:10:01",0.14,35.371979,-98.661596
2997,"A0744","2026-06-05 17:05:19",2.55,33.886111,-96.016561
2998,"A0539","2026-06-14 11:05:54",1.04,35.804439,-96.099622
2999,"A0227","2026-06-16 14:40:35",2.07,36.955429,-96.272385
3000,"A1361","2026-06-07 06:06:33",1.84,33.896865,-101.636209
3001,"A0802","2026-06-23 00:33:47",2.37,35.018762,-101.652901
3002,"A0403","2026-06-06 01:05:55",2.17,36.635713,-98.737629
3003,"A0087","2026-06-19 04:12:51",2.61,34.846982,-99.197705
3004,"A0819","2026-06-10 15:39:44",2.22,36.71094,-101.150192
3005,"A0604","2026-06-15 01:49:48",1.81,36.896922,-96.551611
3006,"A1407","2026-06-12 09:19:06",0.3,35.23751,-98.138886
3007,"A1335","2026-06-23 15:27:05",1.4,36.804977,-97.786433
3008,"A0180","2026-06-27 23:36:22",1.14,36.133424,-94.806227
3009,"A0696","2026-06-12 06:48:26",1.99,33.70234,-101.763689
3010,"A0333","2026-06-18 00:24:24",2.47,33.60842,-102.676004
3011,"A0625","2026-06-29 15:16:06",1.94,34.968231,-102.163915
3012,"A0082","2026-06-07 16:04:56",0.52,36.220083,-96.930018
3013,"A0404","2026-06-10 17:23:27",1.59,33.632683,-97.048459
3014,"A0666","2026-06-24 01:37:43",2.1,34.337334,-98.275082
3015,"A1122","2026-06-16 00:25:29",0.84,34.55899,-98.537961
3016,"A0099","2026-06-27 18:46:29",1,33.68754,-97.350658
3017,"A1190","2026-06-24 09:04:21",2.06,35.041839,-96.298899
3018,"A1286","2026-06-23 00:10:37",1.1,36.15872,-97.395054
3019,"A0859","2026-06-25 13:13:46",0.65,35.017677,-95.922965
3020,"A1138","2026-06-30 23:26:25",2.11,35.686385,-95.771549
3021,"A0457","2026-06-30 16:37:39",0.84,33.929668,-99.761098
3022,"A1298","2026-06-22 20:16:27",1.86,33.924962,-98.692773
3023,"A1411","2026-06-13 12:51:25",1.16,34.718469,-96.915588
3024,"A0469","2026-06-07 20:54:26",0.82,36.40329,-94.561859
3025,"A0196","2026-06-05 20:39:32",0.73,35.059389,-97.576759
3026,"A0095","2026-06-14 13:04:34",1.96,34.077672,-99.32594
3027,"A0785","2026-06-23 17:33:41",1.18,34.175266,-102.235528
3028,"A0704","2026-06-02 07:06:17",2.53,34.339546,-98.608068
3029,"A0144","2026-06-26 13:26:19",2.78,34.946716,-95.644184
3030,"A0300","2026-06-19 15:27:50",1.72,36.340874,-95.122917
3031,"A0406","2026-06-26 18:32:28",2.34,34.015926,-100.943212
3032,"A0083","2026-06-11 21:49:54",2.79,34.110763,-97.727235
3033,"A0256","2026-06-03 17:50:20",0.7,33.60904,-95.476378
3034,"A0171","2026-06-12 17:47:51",2.37,34.020553,-102.993254
3035,"A1137","2026-06-29 14:36:56",2.79,35.119087,-102.684552
3036,"A0384","2026-06-15 00:16:22",1.82,34.786285,-99.624928
3037,"A1323","2026-06-28 08:29:17",0.83,35.081865,-98.057758
3038,"A1147","2026-06-15 15:20:56",0.25,34.391262,-100.47269
3039,"A1270","2026-06-04 22:31:02",1.69,33.79619,-95.749029
3040,"A0291","2026-06-20 03:11:45",0.78,34.1167,-94.722599
3041,"A1130","2026-06-05 05:56:50",2.52,35.97504,-101.379756
3042,"A0108","2026-06-10 15:21:41",2.06,34.683149,-100.080558
3043,"A0153","2026-06-06 00:31:09",2.47,36.460569,-102.275958
3044,"A0655","2026-06-28 02:12:10",1.26,34.494749,-100.044924
3045,"A0370","2026-06-01 05:09:25",2.4,35.598241,-100.493537
3046,"A0970","2026-06-14 11:33:35",1.68,36.067122,-102.302854
3047,"A0850","2026-06-16 11:53:57",0.63,35.753388,-94.750781
3048,"A1323","2026-06-07 09:44:13",1.21,36.84802,-99.653093
3049,"A1388","2026-06-30 11:50:56",0.34,35.13968,-99.885052
3050,"A0261","2026-06-13 20:56:56",0.42,36.266419,-100.257765
3051,"A0713","2026-06-21 17:57:10",2.59,34.91416,-97.365253
3052,"A0413","2026-06-02 22:29:37",2.48,35.466043,-101.770462
3053,"A1411","2026-06-24 11:01:22",1.39,35.899548,-102.421152
3054,"A0555","2026-06-02 07:24:15",1.93,34.670562,-97.620292
3055,"A0794","2026-06-07 01:58:54",1.72,34.571482,-96.574573
3056,"A0476","2026-06-23 11:45:35",0.55,35.15449,-99.633569
3057,"A1393","2026-06-13 02:33:37",1.93,36.30091,-97.116349
3058,"A0652","2026-06-24 20:58:04",1.58,36.107536,-98.094637
3059,"A1038","2026-06-24 13:39:22",0.21,34.877648,-96.936876
3060,"A0789","2026-06-30 06:47:11",0.23,35.052572,-101.299557
3061,"A0458","2026-06-12 06:49:55",1.32,36.134818,-101.106054
3062,"A0325","2026-06-27 21:29:33",1.63,35.044233,-100.859181
3063,"A0600","2026-06-11 22:31:08",2.3,36.938644,-102.191251
3064,"A0594","2026-06-15 02:27:40",2.05,34.576573,-96.043204
3065,"A0886","2026-06-03 01:11:55",2,35.305039,-97.764887
3066,"A1312","2026-06-29 21:06:06",1.98,34.863171,-99.328499
3067,"A0375","2026-06-24 08:50:13",2.52,34.455504,-96.539373
3068,"A0969","2026-06-19 02:23:57",0.83,35.959434,-102.167243
3069,"A0837","2026-06-30 11:32:14",0.99,36.434587,-96.508236
3070,"A0552","2026-06-07 05:47:48",0.29,34.884572,-97.220422
3071,"A1392","2026-06-06 03:03:24",1.37,34.635297,-96.370869
3072,"A0193","2026-06-13 18:32:36",2.7,34.372172,-102.256147
3073,"A0556","2026-06-17 09:28:02",1.49,36.114346,-94.992916
3074,"A0170","2026-06-10 03:55:24",0.95,33.620504,-97.489333
3075,"A0144","2026-06-06 10:19:01",1.18,34.606211,-95.939318
3076,"A1248","2026-06-24 16:56:37",2.55,36.774466,-102.030316
3077,"A0447","2026-06-11 06:19:03",0.97,35.318617,-100.096426
3078,"A1101","2026-06-03 01:10:22",2.01,36.481673,-96.063245
3079,"A0915","2026-06-27 13:24:31",0.55,35.554223,-100.319955
3080,"A1331","2026-06-09 08:03:03",2.54,35.634401,-101.555053
3081,"A1238","2026-06-01 20:08:58",1.18,34.794863,-102.814369
3082,"A0610","2026-06-01 11:32:12",2.43,35.771509,-102.157473
3083,"A0173","2026-06-21 20:22:10",0.35,36.860922,-100.614912
3084,"A0268","2026-06-13 03:42:30",0.68,36.248185,-95.156122
3085,"A1325","2026-06-20 17:53:00",0.29,34.888686,-96.326622
3086,"A0236","2026-06-07 21:10:53",1.17,35.163882,-99.062889
3087,"A0410","2026-06-28 12:42:54",0.9,35.296383,-99.039138
3088,"A1325","2026-06-04 13:32:13",0.55,34.992247,-98.133465
3089,"A0345","2026-06-08 01:21:09",0.35,36.155236,-96.32867
3090,"A0466","2026-06-13 05:09:37",0.39,36.416401,-101.332174
3091,"A0911","2026-06-11 17:00:22",2.77,36.186898,-95.758622
3092,"A0119","2026-06-18 01:58:10",0.93,36.601228,-99.760803
3093,"A1352","2026-06-30 10:51:20",1.82,35.480394,-95.934876
3094,"A0741","2026-06-03 18:13:23",0.58,33.806426,-102.751043
3095,"A0885","2026-06-08 22:25:30",2.31,35.109823,-94.562169
3096,"A0376","2026-06-09 09:47:57",2.35,33.718877,-97.004491
3097,"A0438","2026-06-07 01:04:20",0.92,36.47274,-96.15735
3098,"A0775","2026-06-29 19:10:20",1.99,35.828319,-98.569452
3099,"A1256","2026-06-07 05:49:03",0.28,35.76447,-100.410308
3100,"A1083","2026-06-13 17:28:38",2.3,33.96355,-101.899284
3101,"A0707","2026-06-14 00:37:20",0.95,36.45931,-100.812866
3102,"A0003","2026-06-26 04:44:37",2.2,33.704477,-96.128876
3103,"A0636","2026-06-05 20:32:38",2.48,34.694628,-94.884254
3104,"A0326","2026-06-01 19:21:08",1.57,36.078775,-97.019742
3105,"A1105","2026-06-18 05:43:50",2.42,36.940124,-98.739138
3106,"A0767","2026-06-27 03:25:54",0.88,34.649472,-99.143295
3107,"A0112","2026-06-06 07:44:55",0.65,36.828096,-95.572117
3108,"A0331","2026-06-29 00:41:09",0.38,35.025402,-101.655272
3109,"A1073","2026-06-23 23:21:55",0.17,34.204647,-99.705515
3110,"A0227","2026-06-19 22:38:23",0.83,34.687943,-100.773136
3111,"A0935","2026-06-23 02:12:16",1.08,34.886147,-100.853195
3112,"A1199","2026-06-17 06:33:49",1.74,34.797147,-100.426666
3113,"A0098","2026-06-11 15:09:46",1.14,34.395822,-96.196992
3114,"A1008","2026-06-23 19:24:20",0.7,35.886054,-101.345785
3115,"A0546","2026-06-28 19:34:47",2.25,36.658858,-102.687606
3116,"A0738","2026-06-14 15:12:00",0.75,33.924068,-97.127231
3117,"A1308","2026-06-27 16:54:43",0.82,35.71267,-98.867885
3118,"A1208","2026-06-25 00:25:57",0.66,36.806314,-96.85057
3119,"A0137","2026-06-09 12:21:57",0.26,35.549363,-102.800766
3120,"A0366","2026-06-09 06:37:27",0.96,34.455331,-99.893609
3121,"A0185","2026-06-03 09:11:42",2.13,34.34872,-95.589301
3122,"A0229","2026-06-01 06:28:22",2.22,35.523819,-100.443046
3123,"A1350","2026-06-09 00:53:26",0.71,36.868375,-100.553316
3124,"A0335","2026-06-01 12:33:21",0.61,36.775734,-95.548627
3125,"A1331","2026-06-28 17:33:42",1.79,36.588186,-100.18147
3126,"A1119","2026-06-13 11:24:54",0.58,33.713871,-101.4853
3127,"A0650","2026-06-12 00:20:26",1.25,35.852435,-96.264063
3128,"A0083","2026-06-27 10:25:39",1.46,34.746425,-100.460846
3129,"A0894","2026-06-12 10:59:34",0.99,36.847585,-102.392615
3130,"A0328","2026-06-11 03:13:13",2.32,36.358163,-100.591333
3131,"A0515","2026-06-24 16:09:52",1.78,35.520573,-102.374735
3132,"A0903","2026-06-07 18:31:49",0.92,34.024689,-99.23484
3133,"A0653","2026-06-25 02:36:00",1.97,34.777706,-98.334614
3134,"A0780","2026-06-11 12:19:23",2.06,35.654395,-101.18517
3135,"A1015","2026-06-20 23:27:56",0.57,33.619697,-100.134439
3136,"A0013","2026-06-01 09:13:52",2.61,34.770745,-100.089278
3137,"A1403","2026-06-15 11:48:51",1.14,34.200319,-96.526909
3138,"A0135","2026-06-27 15:41:00",0.68,35.769003,-98.282688
3139,"A0511","2026-06-16 20:07:45",2.42,33.733509,-97.515824
3140,"A1094","2026-06-23 14:22:59",1.67,35.344176,-101.439566
3141,"A0181","2026-06-09 08:55:58",1.16,33.632416,-97.172085
3142,"A0740","2026-06-26 18:07:04",1.96,33.760861,-100.223523
3143,"A0050","2026-06-06 08:21:12",0.28,33.615129,-102.350804
3144,"A0738","2026-06-09 17:01:31",1.28,36.414123,-95.315948
3145,"A1071","2026-06-06 17:38:05",0.42,34.567846,-94.782336
3146,"A0460","2026-06-28 21:15:40",0.86,34.253803,-98.701349
3147,"A1021","2026-06-04 05:33:38",2.19,35.763662,-102.812588
3148,"A1347","2026-06-07 06:28:25",0.57,36.09712,-95.007978
3149,"A0673","2026-06-25 06:03:25",0.98,34.236702,-96.388119
3150,"A0671","2026-06-18 15:03:36",2.41,34.624878,-102.903643
3151,"A0489","2026-06-02 09:01:47",1.65,35.596537,-101.918076
3152,"A0612","2026-06-21 21:10:03",2.26,36.412345,-94.687852
3153,"A0193","2026-06-02 19:46:30",2.62,34.049914,-102.093279
3154,"A0818","2026-06-25 11:19:55",2.54,36.541239,-97.7122
3155,"A0201","2026-06-19 03:05:07",2.47,36.653699,-97.486711
3156,"A1211","2026-06-22 05:51:28",2.17,36.867236,-96.096402
3157,"A1059","2026-06-04 17:06:48",1.58,33.957162,-99.332818
3158,"A1196","2026-06-02 01:44:38",2.52,33.820166,-94.52398
3159,"A1380","2026-06-19 12:13:31",1.14,36.535054,-101.016914
3160,"A1360","2026-06-18 22:34:41",0.72,35.951741,-94.994345
3161,"A0114","2026-06-20 02:03:21",1.78,35.001196,-102.052077
3162,"A0781","2026-06-21 10:29:23",2.56,34.505352,-99.607911
3163,"A1062","2026-06-28 22:57:02",0.84,33.92947,-97.62672
3164,"A1297","2026-06-19 14:47:56",1.22,36.791246,-96.48332
3165,"A1213","2026-06-14 15:32:17",1.64,35.949036,-96.30941
3166,"A1046","2026-06-11 01:10:55",1.28,36.01601,-96.633408
3167,"A0931","2026-06-17 06:41:16",2.4,36.735349,-98.18497
3168,"A0691","2026-06-19 17:26:07",1.87,35.231052,-98.251326
3169,"A1081","2026-06-20 07:26:46",0.82,34.998278,-97.733811
3170,"A0821","2026-06-21 04:53:27",0.35,36.473223,-97.686624
3171,"A0964","2026-06-27 08:45:22",2.34,36.040988,-97.141387
3172,"A1389","2026-06-19 18:37:17",0.72,35.901681,-102.126669
3173,"A0387","2026-06-12 03:51:24",2.29,35.299394,-98.521183
3174,"A1317","2026-06-22 00:34:58",2.32,35.392776,-97.072077
3175,"A1315","2026-06-15 03:49:52",2.16,35.602447,-100.155216
3176,"A0963","2026-06-21 07:28:55",0.18,36.59633,-102.857238
3177,"A1139","2026-06-15 14:51:23",2.11,34.899762,-101.1225
3178,"A1184","2026-06-25 10:20:31",1,34.611243,-101.995763
3179,"A0292","2026-06-11 23:52:30",0.97,34.673927,-95.087128
3180,"A0534","2026-06-07 07:06:49",1.95,33.62741,-102.846505
3181,"A1173","2026-06-12 08:07:19",2.32,34.252635,-94.915614
3182,"A0610","2026-06-10 05:01:05",0.4,34.244058,-99.964501
3183,"A0589","2026-06-21 13:46:13",1.98,35.374468,-96.093369
3184,"A0056","2026-06-20 02:26:27",1.06,36.109228,-99.665939
3185,"A1025","2026-06-28 01:56:20",0.12,34.212771,-102.429331
3186,"A0533","2026-06-14 01:09:15",2.54,36.563489,-101.268586
3187,"A1068","2026-06-23 00:52:24",1.8,35.917599,-97.138306
3188,"A1165","2026-06-16 11:23:17",0.19,33.664558,-95.073689
3189,"A0574","2026-06-30 04:50:55",2,35.198902,-95.899829
3190,"A0366","2026-06-10 06:00:58",1.13,35.179561,-99.498161
3191,"A0249","2026-06-28 02:40:36",1.79,33.650306,-99.952825
3192,"A0466","2026-06-24 21:17:12",1.72,34.500191,-98.40874
3193,"A0361","2026-06-05 06:32:17",1.38,33.60468,-102.776262
3194,"A0600","2026-06-15 12:10:02",2.29,33.919968,-98.172013
3195,"A1040","2026-06-12 23:06:49",2.07,33.721335,-95.548531
3196,"A0346","2026-06-06 02:11:57",2.2,35.976405,-97.031181
3197,"A0730","2026-06-07 08:49:51",0.89,33.98209,-99.731097
3198,"A0444","2026-06-21 17:20:22",1.59,34.314032,-100.385427
3199,"A1079","2026-06-08 01:15:01",2.54,34.579435,-97.994911
3200,"A0968","2026-06-27 04:17:45",1.19,36.284537,-98.437289
3201,"A0457","2026-06-08 12:57:14",1.91,35.803302,-97.537471
3202,"A1250","2026-06-18 10:36:28",2.41,35.75509,-102.100774
3203,"A0550","2026-06-11 11:43:20",0.97,33.933276,-101.093837
3204,"A0961","2026-06-05 23:50:13",1.26,36.146423,-97.897241
3205,"A0172","2026-06-08 01:03:59",2.27,33.666192,-95.683476
3206,"A0357","2026-06-28 13:12:30",2.58,36.682945,-95.172404
3207,"A1276","2026-06-06 18:34:18",2.55,35.700883,-94.468009
3208,"A0072","2026-06-19 03:49:55",2.72,36.065699,-100.327777
3209,"A0600","2026-06-12 22:13:40",0.69,35.557946,-94.990609
3210,"A0020","2026-06-20 09:39:36",0.96,34.050704,-94.806455
3211,"A0521","2026-06-30 15:58:46",0.6,34.349699,-97.149902
3212,"A1345","2026-06-05 18:49:22",0.97,34.305996,-101.660131
3213,"A0436","2026-06-04 07:50:14",0.68,35.606544,-102.751464
3214,"A0478","2026-06-28 15:43:02",1.45,34.194233,-97.801644
3215,"A0897","2026-06-04 16:12:43",0.18,34.837895,-102.915058
3216,"A0149","2026-06-30 07:09:34",0.11,33.897456,-99.187055
3217,"A1224","2026-06-10 14:15:57",1.2,36.820764,-97.436334
3218,"A0480","2026-06-05 05:48:36",1.56,35.221695,-95.10898
3219,"A1071","2026-06-04 23:22:29",0.23,35.048603,-98.40715
3220,"A0935","2026-06-08 11:43:10",0.74,35.443407,-102.608187
3221,"A1232","2026-06-25 13:05:35",2.49,34.048865,-99.961817
3222,"A0908","2026-06-28 11:50:34",1.31,35.472075,-102.184761
3223,"A1217","2026-06-27 21:36:41",1.9,36.324614,-97.52331
3224,"A1217","2026-06-10 18:12:59",2.07,36.766249,-97.228941
3225,"A0116","2026-06-14 00:54:07",1.08,36.354653,-97.483362
3226,"A0261","2026-06-15 01:38:26",2.07,36.950019,-99.493657
3227,"A1267","2026-06-26 11:52:47",0.53,36.356417,-98.481232
3228,"A1236","2026-06-25 05:47:41",0.81,35.448724,-95.845762
3229,"A0641","2026-06-04 08:26:42",2.13,36.259105,-97.289771
3230,"A1302","2026-06-14 16:53:05",2.47,36.688337,-99.434048
3231,"A0942","2026-06-17 21:29:48",1.97,33.8834,-94.593137
3232,"A0025","2026-06-14 10:45:56",2.37,36.849552,-96.197574
3233,"A0420","2026-06-03 01:05:25",1.17,35.772945,-101.508858
3234,"A0010","2026-06-23 07:33:21",2.23,34.333274,-101.023146
3235,"A1006","2026-06-08 14:30:52",2.64,33.986661,-101.360554
3236,"A0277","2026-06-15 12:20:09",2.71,36.624973,-98.900772
3237,"A0592","2026-06-09 07:45:01",0.2,35.298739,-102.398119
3238,"A0700","2026-06-02 16:52:52",1.33,34.278824,-98.290272
3239,"A1078","2026-06-23 14:16:12",1.43,35.32323,-99.516698
3240,"A0130","2026-06-19 13:54:56",2.03,35.798126,-102.719984
3241,"A1248","2026-06-09 19:53:59",1.67,35.286296,-97.690346
3242,"A0990","2026-06-19 18:21:49",2.11,36.155889,-96.701387
3243,"A0794","2026-06-17 08:47:27",2.07,34.374327,-97.388231
3244,"A0462","2026-06-06 15:08:55",1.1,34.509027,-98.641896
3245,"A1249","2026-06-28 08:45:52",0.5,34.446441,-97.858111
3246,"A0328","2026-06-02 06:20:10",2,33.78614,-98.627245
3247,"A0607","2026-06-11 10:25:49",2.33,34.390882,-102.977919
3248,"A0484","2026-06-08 17:08:02",1.42,36.368878,-98.077497
3249,"A0831","2026-06-27 21:57:01",0.99,36.60945,-98.123328
3250,"A0235","2026-06-03 20:33:15",1.95,34.426718,-94.725008
3251,"A1261","2026-06-21 01:36:10",2.21,33.869482,-101.742279
3252,"A1309","2026-06-30 10:41:11",1.07,34.1908,-95.982122
3253,"A0146","2026-06-12 12:55:24",0.95,33.744845,-102.585397
3254,"A0609","2026-06-09 07:47:16",0.89,36.887104,-97.66527
3255,"A0536","2026-06-08 10:56:35",0.47,36.140198,-96.280674
3256,"A1262","2026-06-06 14:24:47",2.63,35.997152,-102.537632
3257,"A0735","2026-06-10 18:06:09",0.38,34.733235,-95.979368
3258,"A0005","2026-06-23 05:04:08",0.46,36.967749,-97.805243
3259,"A1046","2026-06-29 07:07:20",2.47,34.861615,-97.193623
3260,"A0152","2026-06-10 22:18:12",0.85,34.156931,-100.550933
3261,"A0812","2026-06-07 13:23:01",1.48,36.799434,-98.061569
3262,"A0922","2026-06-05 15:57:33",0.49,33.963764,-98.027176
3263,"A0981","2026-06-17 21:12:32",0.37,33.61604,-100.936728
3264,"A1256","2026-06-19 18:51:11",0.6,34.967102,-97.027161
3265,"A0821","2026-06-27 03:01:54",1.31,34.188119,-95.53017
3266,"A0358","2026-06-13 15:29:33",0.69,36.342408,-102.302602
3267,"A1175","2026-06-11 23:10:59",0.69,35.230011,-94.418402
3268,"A1041","2026-06-20 02:15:55",1.15,35.418402,-102.725051
3269,"A0426","2026-06-02 08:28:50",0.34,36.111151,-96.87262
3270,"A0169","2026-06-30 06:59:55",0.67,35.492311,-95.588859
3271,"A1407","2026-06-01 03:06:57",1.77,36.484198,-100.878255
3272,"A1224","2026-06-29 14:22:37",1.23,34.097473,-97.349036
3273,"A0595","2026-06-07 06:24:35",0.83,36.715617,-96.908853
3274,"A0179","2026-06-27 13:17:31",2.27,34.911271,-102.973905
3275,"A1222","2026-06-11 15:42:59",0.63,35.640385,-100.394415
3276,"A0162","2026-06-02 23:03:54",1.39,33.737815,-97.291999
3277,"A0615","2026-06-27 16:03:05",2.49,36.027329,-100.622664
3278,"A1153","2026-06-29 12:46:23",2.19,35.450831,-100.951089
3279,"A0220","2026-06-25 13:03:06",1.65,36.030757,-99.704422
3280,"A0382","2026-06-05 08:51:34",1.18,36.379019,-94.807142
3281,"A0714","2026-06-22 02:21:25",1.87,36.66088,-101.230636
3282,"A1264","2026-06-16 10:41:18",0.13,34.910528,-96.7359
3283,"A0637","2026-06-09 09:25:02",2.64,35.499686,-97.384177
3284,"A1254","2026-06-09 03:53:47",0.56,35.865203,-101.521821
3285,"A1034","2026-06-08 21:54:15",1.68,35.980164,-95.75503
3286,"A0256","2026-06-20 03:34:49",0.55,36.614878,-102.167901
3287,"A0032","2026-06-23 10:07:06",0.28,35.326602,-97.631351
3288,"A0463","2026-06-11 21:22:10",0.15,34.780362,-94.979285
3289,"A0950","2026-06-15 00:40:42",1.91,36.050931,-96.617393
3290,"A0077","2026-06-06 15:20:23",2.13,34.950717,-101.667738
3291,"A0938","2026-06-22 11:17:33",2.63,36.44817,-98.628003
3292,"A0275","2026-06-20 14:59:12",2.03,36.756684,-98.387823
3293,"A0927","2026-06-06 09:57:13",0.92,35.294992,-98.782836
3294,"A0829","2026-06-10 12:39:42",2.8,36.321552,-95.750244
3295,"A0995","2026-06-10 21:01:23",2.79,34.553676,-96.267243
3296,"A0343","2026-06-20 13:17:16",0.26,35.878031,-97.633433
3297,"A1078","2026-06-24 04:38:35",1.71,34.073867,-101.948377
3298,"A1205","2026-06-01 12:47:48",2.65,34.535023,-96.824758
3299,"A0273","2026-06-28 08:21:37",1.72,33.953988,-95.181373
3300,"A0644","2026-06-10 03:22:32",2.37,33.794246,-95.266363
3301,"A0997","2026-06-28 11:35:27",1.89,34.043558,-100.380505
3302,"A1212","2026-06-06 06:28:03",1.99,33.721524,-97.63096
3303,"A1166","2026-06-06 05:52:45",2.42,35.265755,-100.495312
3304,"A1356","2026-06-14 12:35:30",0.61,33.799007,-100.88012
3305,"A1330","2026-06-05 10:42:39",0.52,33.951504,-98.376673
3306,"A0257","2026-06-14 05:57:11",0.86,34.744453,-94.455415
3307,"A0631","2026-06-19 03:53:56",2.59,33.607054,-100.605302
3308,"A0047","2026-06-02 14:46:16",0.98,34.837292,-100.270395
3309,"A0617","2026-06-24 02:06:29",2.63,36.82956,-100.607131
3310,"A0551","2026-06-25 17:59:07",0.17,35.638646,-101.516149
3311,"A0817","2026-06-05 19:14:42",2.6,36.525745,-100.811701
3312,"A1087","2026-06-01 06:20:21",2.11,35.510485,-99.788116
3313,"A0289","2026-06-30 18:21:30",1.84,35.309838,-97.587396
3314,"A1009","2026-06-25 02:03:40",0.55,34.532014,-96.402644
3315,"A0818","2026-06-04 15:27:09",0.12,35.733939,-95.030219
3316,"A0909","2026-06-06 11:14:32",0.69,36.303657,-102.598658
3317,"A0082","2026-06-19 01:17:07",1.45,35.411114,-100.535071
3318,"A1403","2026-06-23 01:34:07",2.52,35.538576,-99.629555
3319,"A0838","2026-06-12 13:06:58",2.07,35.70162,-102.677793
3320,"A1173","2026-06-28 18:04:18",0.46,36.490316,-96.818086
3321,"A0850","2026-06-07 16:43:21",2.23,35.025135,-100.03399
3322,"A1148","2026-06-16 19:19:05",2.54,34.807225,-99.592275
3323,"A1084","2026-06-15 11:49:27",1.74,36.179139,-97.255585
3324,"A0392","2026-06-06 01:17:09",2.53,35.563684,-95.574503
3325,"A1070","2026-06-23 15:49:39",2.59,36.144475,-100.426611
3326,"A0485","2026-06-01 12:29:34",2.58,36.947423,-97.12896
3327,"A1209","2026-06-16 20:25:29",2.26,36.92579,-100.888167
3328,"A0059","2026-06-11 09:43:38",2.22,34.659274,-99.662723
3329,"A0314","2026-06-19 05:35:06",1.45,36.215636,-95.093019
3330,"A1391","2026-06-21 13:13:55",1.28,35.299935,-102.050048
3331,"A0988","2026-06-17 11:04:22",0.83,36.967823,-100.008251
3332,"A0090","2026-06-18 11:23:03",2.2,35.518858,-96.464065
3333,"A0985","2026-06-30 07:26:25",0.61,36.321787,-97.383031
3334,"A0974","2026-06-03 14:56:18",2.12,34.476253,-99.887743
3335,"A0742","2026-06-03 05:21:03",2.58,36.854055,-100.15136
3336,"A0243","2026-06-18 23:19:54",0.48,34.554975,-97.274814
3337,"A1324","2026-06-17 22:16:41",1.75,35.915731,-95.002196
3338,"A0790","2026-06-16 21:59:42",0.75,35.939101,-100.899644
3339,"A1409","2026-06-19 14:32:38",2.56,35.441402,-98.450462
3340,"A0461","2026-06-19 05:34:35",1.66,34.793043,-99.658807
3341,"A1343","2026-06-22 18:12:16",0.17,35.832963,-98.180719
3342,"A0483","2026-06-04 08:18:10",1.07,34.439447,-96.184091
3343,"A0974","2026-06-09 07:37:08",0.78,36.770754,-102.282497
3344,"A0402","2026-06-14 20:09:30",1.93,34.697355,-99.014629
3345,"A0065","2026-06-20 21:48:39",0.15,36.011561,-101.029126
3346,"A1284","2026-06-14 10:05:06",1.29,36.025477,-95.840215
3347,"A0267","2026-06-03 19:35:45",2.03,36.314285,-94.786574
3348,"A0781","2026-06-28 04:13:38",0.55,35.738028,-99.851462
3349,"A1408","2026-06-25 16:06:51",2.23,33.66494,-95.868949
3350,"A0511","2026-06-18 22:16:16",2.65,35.26402,-97.745971
3351,"A1058","2026-06-03 17:17:20",0.66,34.908541,-95.09487
3352,"A0968","2026-06-08 19:42:43",2.58,35.503705,-101.154632
3353,"A0980","2026-06-22 20:59:32",2.35,35.799297,-98.578014
3354,"A0901","2026-06-16 04:51:37",0.69,34.146579,-98.491135
3355,"A0172","2026-06-09 01:58:52",2.48,34.893061,-100.652237
3356,"A0319","2026-06-09 11:00:55",0.65,36.095367,-100.912452
3357,"A0277","2026-06-11 19:26:56",2.49,35.703468,-99.679721
3358,"A1079","2026-06-14 19:25:29",1.86,36.24362,-94.888394
3359,"A0752","2026-06-29 11:56:18",0.66,36.491112,-95.409197
3360,"A0381","2026-06-28 14:14:08",1.22,34.073097,-97.805732
3361,"A0154","2026-06-20 08:32:20",1.15,36.249417,-96.422734
3362,"A0986","2026-06-15 22:27:04",0.13,34.268359,-102.761074
3363,"A0271","2026-06-03 03:23:43",2.51,35.360928,-101.063916
3364,"A0142","2026-06-14 19:56:51",2.03,34.951028,-97.73518
3365,"A0442","2026-06-25 02:21:52",1.49,36.268016,-97.19135
3366,"A1053","2026-06-26 11:56:03",0.6,35.921161,-96.604616
3367,"A1234","2026-06-02 19:03:18",2.67,35.389322,-97.614993
3368,"A1101","2026-06-08 15:51:55",1.25,34.307824,-94.572873
3369,"A1391","2026-06-01 02:47:50",2.5,36.739117,-98.807558
3370,"A0469","2026-06-22 13:45:07",0.78,34.351402,-97.947027
3371,"A0688","2026-06-14 13:55:55",2.42,34.052622,-99.196974
3372,"A0654","2026-06-28 19:05:14",1.84,34.83935,-95.430633
3373,"A0950","2026-06-18 07:48:53",0.5,36.944863,-98.177664
3374,"A0442","2026-06-30 02:21:18",0.37,34.019042,-99.312632
3375,"A0608","2026-06-22 21:49:21",2.23,33.806658,-95.551196
3376,"A1087","2026-06-12 11:06:17",1.94,35.921761,-98.408156
3377,"A0408","2026-06-28 23:37:55",1.55,34.481834,-95.504349
3378,"A0364","2026-06-13 08:50:22",0.15,36.489567,-98.843099
3379,"A1003","2026-06-25 11:07:28",2.58,35.902673,-98.900871
3380,"A0130","2026-06-22 05:50:58",1.37,34.104731,-99.580154
3381,"A0561","2026-06-16 20:33:22",0.57,36.927201,-95.981242
3382,"A0092","2026-06-07 20:09:31",2.24,35.437838,-101.86734
3383,"A0178","2026-06-30 22:06:03",1.52,34.940074,-100.903422
3384,"A0723","2026-06-30 19:30:49",0.26,33.789446,-99.477421
3385,"A0630","2026-06-09 21:46:27",1.84,36.015196,-102.489223
3386,"A0270","2026-06-22 00:27:22",2.19,35.882003,-101.994157
3387,"A0546","2026-06-27 18:52:51",1.96,34.533424,-100.69633
3388,"A0265","2026-06-07 00:49:11",1.88,36.829367,-98.620567
3389,"A0030","2026-06-08 05:38:27",1.09,36.609846,-102.454838
3390,"A0219","2026-06-28 23:33:44",0.25,34.281065,-101.838305
3391,"A0400","2026-06-20 14:03:06",2.73,33.869345,-95.570984
3392,"A0385","2026-06-26 07:29:18",0.2,33.611889,-97.629974
3393,"A1340","2026-06-17 22:21:22",1.94,36.007371,-96.374078
3394,"A1101","2026-06-12 20:02:12",0.42,35.241125,-102.199884
3395,"A0960","2026-06-07 07:02:15",0.45,36.741798,-99.560772
3396,"A0193","2026-06-23 07:49:37",1.88,36.486441,-97.158845
3397,"A0396","2026-06-06 08:44:15",0.12,36.476357,-95.531434
3398,"A0063","2026-06-13 22:38:52",1.56,35.831142,-102.16707
3399,"A0465","2026-06-02 07:53:28",1.56,36.42523,-97.324717
3400,"A1048","2026-06-22 19:56:56",1.42,34.306351,-100.165367
3401,"A0807","2026-06-30 08:39:51",2.22,35.609149,-96.51372
3402,"A0632","2026-06-20 12:35:26",1.99,36.981819,-100.323836
3403,"A0612","2026-06-18 12:11:57",2.14,34.186751,-96.065182
3404,"A0435","2026-06-30 23:47:00",0.92,34.965089,-102.068397
3405,"A0792","2026-06-30 05:27:05",1.48,36.710471,-100.274286
3406,"A0570","2026-06-05 07:27:41",0.35,34.493882,-96.260945
3407,"A0423","2026-06-27 18:02:49",1.05,34.344847,-96.302099
3408,"A0520","2026-06-25 17:49:56",2.23,35.412755,-94.479924
3409,"A0018","2026-06-02 01:56:47",1.11,36.345609,-98.155362
3410,"A0315","2026-06-22 09:35:43",1.25,36.80095,-100.994427
3411,"A0511","2026-06-04 22:04:31",2.23,34.380554,-100.48443
3412,"A0070","2026-06-16 09:07:13",2.05,34.614179,-99.370758
3413,"A0730","2026-06-18 04:57:56",1.09,35.139123,-95.343268
3414,"A0577","2026-06-15 07:53:07",0.2,34.701255,-100.920866
3415,"A0262","2026-06-23 18:36:00",2.65,34.436798,-94.507529
3416,"A0266","2026-06-11 15:00:31",2.31,34.215521,-102.710883
3417,"A0676","2026-06-18 04:54:22",0.9,33.743238,-94.978284
3418,"A1333","2026-06-15 13:18:54",1.91,34.106259,-100.539514
3419,"A0548","2026-06-14 10:24:38",2.73,35.654191,-101.62504
3420,"A0924","2026-06-15 16:03:40",1.82,33.967381,-98.91739
3421,"A0700","2026-06-29 11:34:32",1.84,36.49406,-99.233296
3422,"A1007","2026-06-18 06:05:35",0.61,35.968375,-101.814059
3423,"A0536","2026-06-30 04:14:07",1.53,35.849479,-96.989334
3424,"A0090","2026-06-08 08:56:02",0.29,34.522537,-96.072676
3425,"A0641","2026-06-26 23:44:57",0.32,35.76418,-94.512544
3426,"A0849","2026-06-26 18:44:10",1.75,36.232952,-100.725669
3427,"A1209","2026-06-18 10:56:23",2.44,34.432422,-102.157263
3428,"A0098","2026-06-19 06:56:22",2.65,36.639311,-95.940759
3429,"A0390","2026-06-01 15:04:11",1.32,36.843456,-96.959348
3430,"A1044","2026-06-20 03:13:16",0.82,34.826675,-95.490746
3431,"A1105","2026-06-11 01:37:19",0.74,34.324614,-96.109576
3432,"A1362","2026-06-22 13:59:55",0.15,34.257791,-94.761786
3433,"A1208","2026-06-28 21:00:12",0.46,36.622125,-95.421088
3434,"A0627","2026-06-25 21:48:27",2.15,34.271785,-94.972492
3435,"A1037","2026-06-09 18:00:33",1.44,36.827911,-94.496926
3436,"A0733","2026-06-27 04:08:56",2.67,36.086461,-94.827192
3437,"A0494","2026-06-28 20:45:27",0.97,36.449478,-98.897728
3438,"A0676","2026-06-22 17:00:28",2.36,34.323201,-95.607288
3439,"A0450","2026-06-26 19:57:48",2.36,33.788654,-101.265312
3440,"A0730","2026-06-06 11:33:34",0.98,35.640909,-97.336373
3441,"A1131","2026-06-08 21:00:23",1.85,35.240951,-100.166749
3442,"A1292","2026-06-29 19:57:17",1.43,36.819451,-100.414713
3443,"A0070","2026-06-22 04:24:21",0.51,35.240305,-99.633989
3444,"A1217","2026-06-18 19:50:25",2.21,35.01234,-96.622934
3445,"A0925","2026-06-15 17:49:39",0.96,36.682454,-102.353501
3446,"A0238","2026-06-07 12:51:57",2.64,36.755211,-97.847952
3447,"A1064","2026-06-07 05:57:50",1.41,34.478215,-102.510531
3448,"A0241","2026-06-29 23:16:01",2.06,36.68301,-95.461427
3449,"A0101","2026-06-09 17:23:08",1.75,35.745037,-100.770886
3450,"A1000","2026-06-30 06:52:09",1.72,34.179546,-101.020954
3451,"A0655","2026-06-15 06:16:59",0.8,35.268442,-100.458047
3452,"A0421","2026-06-10 16:49:51",2.79,35.679394,-101.471545
3453,"A0382","2026-06-10 02:26:29",2.52,35.289487,-101.685793
3454,"A0403","2026-06-07 08:34:40",2.47,34.865162,-98.114657
3455,"A0897","2026-06-19 22:45:22",0.94,35.60634,-97.614294
3456,"A0691","2026-06-13 14:26:33",0.91,34.251582,-98.280372
3457,"A0439","2026-06-17 10:52:07",1.3,35.464997,-102.219398
3458,"A1074","2026-06-18 09:40:59",1.88,36.206483,-97.599103
3459,"A1398","2026-06-15 03:05:39",1.79,36.323167,-101.723299
3460,"A0105","2026-06-30 19:44:05",1.83,36.09941,-94.993217
3461,"A1373","2026-06-01 09:48:20",1.66,34.635729,-100.465305
3462,"A0079","2026-06-05 11:03:47",2.17,34.185286,-99.712693
3463,"A0795","2026-06-20 06:14:48",0.7,36.916005,-94.7785
3464,"A0663","2026-06-05 17:30:04",1.74,34.075313,-100.193388
3465,"A1209","2026-06-12 08:31:47",1.51,36.62714,-98.527906
3466,"A1405","2026-06-04 22:14:01",0.37,35.354317,-100.155332
3467,"A0830","2026-06-19 16:20:10",2.39,35.313906,-95.723987
3468,"A0336","2026-06-08 10:47:13",0.29,33.818366,-95.716689
3469,"A0055","2026-06-14 19:41:14",0.33,34.152151,-101.637759
3470,"A1334","2026-06-06 16:05:12",0.51,35.436623,-94.541529
3471,"A0715","2026-06-10 14:39:51",0.73,35.262884,-98.002502
3472,"A0525","2026-06-11 02:28:51",2.57,35.87842,-99.288008
3473,"A0020","2026-06-11 06:38:37",2.57,35.349813,-102.701287
3474,"A0659","2026-06-08 16:00:17",1.17,36.747497,-97.137593
3475,"A0923","2026-06-18 06:22:29",2.7,35.942839,-94.680974
3476,"A1240","2026-06-05 22:12:59",1.57,35.034974,-98.309391
3477,"A0253","2026-06-24 03:21:58",1.94,35.220969,-96.7221
3478,"A0910","2026-06-21 19:00:23",2.16,35.271471,-97.9734
3479,"A1313","2026-06-19 04:07:09",0.11,33.95023,-102.742749
3480,"A0353","2026-06-29 00:07:13",1.49,34.479399,-98.088395
3481,"A1297","2026-06-18 05:48:12",2.05,36.82745,-94.914915
3482,"A0957","2026-06-30 23:59:45",1.6,36.162586,-95.502717
3483,"A0088","2026-06-30 07:08:52",1.37,34.469616,-95.011499
3484,"A0678","2026-06-17 13:34:38",0.17,34.482461,-96.764994
3485,"A0124","2026-06-28 01:00:01",2.24,34.186514,-98.585212
3486,"A0971","2026-06-01 05:56:25",2.22,36.177688,-100.942544
3487,"A0680","2026-06-08 05:22:45",1.19,33.682345,-102.077645
3488,"A0336","2026-06-01 10:27:51",1.92,36.50848,-101.537305
3489,"A0223","2026-06-14 21:30:18",0.42,33.852864,-97.958335
3490,"A0134","2026-06-20 21:02:35",1.97,35.926431,-100.536879
3491,"A0592","2026-06-06 15:32:49",0.97,34.019222,-98.554702
3492,"A0504","2026-06-11 20:18:36",0.86,33.823628,-96.579527
3493,"A0119","2026-06-29 03:13:28",1.22,35.114591,-94.584966
3494,"A1321","2026-06-19 22:16:52",0.17,36.98537,-102.28575
3495,"A0568","2026-06-05 12:39:20",0.69,36.752346,-98.372237
3496,"A0172","2026-06-12 03:58:47",2.27,33.832039,-96.377437
3497,"A1163","2026-06-18 00:48:46",2.27,35.058508,-102.497354
3498,"A0002","2026-06-10 15:12:39",0.12,36.173898,-100.933171
3499,"A0892","2026-06-02 16:29:31",1.43,35.74038,-97.376579
3500,"A0677","2026-06-24 06:02:50",0.57,34.675101,-98.60262
3501,"A0797","2026-06-09 10:33:14",1.54,35.217,-96.317809
3502,"A0156","2026-06-23 06:11:16",2.04,35.069077,-98.208349
3503,"A0265","2026-06-22 20:19:52",0.73,36.889331,-96.163993
3504,"A1223","2026-06-23 10:19:18",0.59,36.608661,-96.862022
3505,"A0412","2026-06-23 10:26:02",2.11,35.506498,-95.514242
3506,"A0050","2026-06-23 09:04:33",0.52,33.8902,-98.589625
3507,"A1037","2026-06-01 09:12:38",1.33,36.002415,-99.372875
3508,"A1345","2026-06-15 23:03:54",1.08,36.166799,-98.995447
3509,"A0563","2026-06-20 03:21:44",2.37,35.493273,-97.086081
3510,"A1082","2026-06-24 04:40:05",1.99,35.220885,-95.972576
3511,"A0768","2026-06-02 18:14:15",1.02,34.118073,-96.571028
3512,"A0391","2026-06-26 09:31:52",2.28,36.696482,-95.386416
3513,"A0638","2026-06-10 19:55:07",1.05,35.453194,-101.205087
3514,"A1149","2026-06-17 16:05:14",2.45,34.036515,-99.476344
3515,"A0970","2026-06-23 19:11:25",1.31,34.725031,-100.561266
3516,"A0809","2026-06-05 18:17:01",1.79,35.474436,-99.914703
3517,"A0568","2026-06-07 21:25:12",0.45,36.702358,-102.175691
3518,"A0871","2026-06-05 19:18:36",1.04,36.893582,-101.326753
3519,"A0537","2026-06-16 15:00:03",2.59,34.365322,-99.745522
3520,"A0018","2026-06-13 05:46:16",2.04,33.607541,-100.386864
3521,"A1246","2026-06-17 11:46:10",2.68,35.442942,-96.435479
3522,"A0519","2026-06-05 21:08:36",2.72,36.327043,-96.775033
3523,"A0686","2026-06-26 05:43:22",0.88,36.164237,-100.753571
3524,"A1296","2026-06-02 14:54:51",1.89,33.804671,-95.089608
3525,"A0002","2026-06-22 16:36:57",1.82,35.727577,-101.791078
3526,"A0694","2026-06-05 19:35:09",2.28,33.798973,-94.935406
3527,"A0689","2026-06-02 03:17:07",1.69,34.617424,-99.798906
3528,"A0301","2026-06-09 02:05:51",1.47,35.075106,-102.753084
3529,"A0327","2026-06-02 08:54:49",1.29,34.799101,-96.267727
3530,"A0560","2026-06-08 07:11:05",2.44,36.794189,-97.284279
3531,"A0724","2026-06-13 11:00:45",1.81,36.585405,-101.057563
3532,"A0042","2026-06-19 12:12:54",2.67,34.673178,-101.963129
3533,"A0078","2026-06-26 20:04:40",1.79,34.685945,-95.71624
3534,"A1281","2026-06-15 01:10:35",1.24,33.686281,-95.309479
3535,"A1129","2026-06-08 17:51:55",0.94,35.907531,-100.319853
3536,"A0193","2026-06-30 05:36:30",0.9,36.926925,-100.549061
3537,"A0008","2026-06-30 23:10:00",1.28,36.447392,-95.817139
3538,"A0576","2026-06-18 16:21:46",1.8,36.392677,-98.578289
3539,"A0083","2026-06-14 16:06:35",2.03,35.761755,-102.505322
3540,"A0366","2026-06-14 05:24:53",2.13,34.507474,-98.437614
3541,"A0362","2026-06-26 04:24:38",1.95,33.77672,-102.244126
3542,"A1100","2026-06-05 02:58:03",2.57,35.491519,-96.295341
3543,"A0549","2026-06-23 17:49:01",0.55,36.300596,-100.581961
3544,"A0224","2026-06-03 09:58:42",0.17,36.937368,-98.272588
3545,"A0689","2026-06-14 00:54:39",2.62,36.822429,-101.326381
3546,"A0800","2026-06-19 07:12:35",2.15,35.4904,-100.080817
3547,"A0101","2026-06-15 10:05:45",1.57,35.789533,-95.822067
3548,"A0874","2026-06-10 11:38:43",1.84,36.8052,-100.012802
3549,"A1335","2026-06-05 17:07:48",2.38,35.632014,-96.704027
3550,"A1225","2026-06-27 00:24:16",2.66,34.930043,-101.52909
3551,"A0884","2026-06-08 06:12:36",0.81,36.001982,-95.11344
3552,"A0811","2026-06-21 20:17:35",2.34,34.746132,-102.668755
3553,"A0542","2026-06-18 05:50:45",0.99,33.988989,-102.411143
3554,"A0036","2026-06-14 09:46:08",1.95,35.160392,-101.789922
3555,"A1376","2026-06-30 22:59:21",1.62,35.062125,-96.6476
3556,"A0305","2026-06-06 20:04:01",0.17,36.058262,-102.00808
3557,"A1225","2026-06-01 08:03:38",1.82,34.674598,-97.443788
3558,"A0823","2026-06-27 19:39:49",1.94,33.749911,-94.873916
3559,"A1235","2026-06-05 13:01:32",1.96,36.893059,-97.458343
3560,"A0699","2026-06-28 18:57:17",1.23,36.36351,-96.727836
3561,"A1045","2026-06-14 20:11:17",2,36.728804,-96.668407
3562,"A0916","2026-06-07 14:06:31",1.35,35.392764,-100.149512
3563,"A0532","2026-06-19 07:33:29",0.63,36.331108,-102.437178
3564,"A1318","2026-06-07 00:30:11",1.06,34.786304,-99.399645
3565,"A1274","2026-06-07 21:10:25",2.24,34.659651,-96.83537
3566,"A1330","2026-06-07 21:34:16",1.73,36.450585,-97.844992
3567,"A1132","2026-06-29 05:50:33",1.2,36.008168,-99.339471
3568,"A0038","2026-06-23 13:05:08",1.02,34.536,-98.702222
3569,"A1374","2026-06-16 12:07:04",1.8,33.780766,-98.152259
3570,"A0149","2026-06-27 21:00:06",0.26,36.641663,-97.49913
3571,"A0668","2026-06-13 18:27:14",0.17,36.43484,-99.960655
3572,"A1371","2026-06-15 11:26:02",0.93,36.937459,-102.722595
3573,"A0853","2026-06-05 23:24:34",1.53,36.035477,-96.418323
3574,"A0008","2026-06-17 10:09:01",2.53,35.255635,-100.070628
3575,"A0785","2026-06-18 12:21:09",1.47,35.948304,-95.848463
3576,"A1114","2026-06-18 02:52:55",2.66,34.514174,-102.702862
3577,"A0296","2026-06-19 11:24:53",1.03,35.08968,-99.40095
3578,"A0460","2026-06-04 22:11:02",1.13,35.212625,-97.124617
3579,"A0124","2026-06-23 20:40:52",2.35,36.436967,-97.830653
3580,"A1232","2026-06-25 10:43:16",2.3,34.719815,-98.544012
3581,"A0414","2026-06-12 07:02:37",0.99,36.840983,-94.835601
3582,"A0609","2026-06-19 12:02:23",2.32,33.966685,-96.830379
3583,"A0375","2026-06-02 12:07:24",2.58,33.767269,-102.855109
3584,"A0170","2026-06-08 06:20:44",1.21,34.848852,-101.372996
3585,"A0891","2026-06-16 04:29:41",1.04,35.646005,-98.399206
3586,"A1031","2026-06-24 03:37:49",2.42,34.727934,-98.1728
3587,"A0227","2026-06-24 04:29:43",1.49,36.042633,-94.729502
3588,"A1071","2026-06-17 03:22:51",0.74,36.718526,-99.769879
3589,"A0781","2026-06-13 17:38:20",0.85,34.064496,-100.034071
3590,"A1171","2026-06-16 13:03:34",1.21,33.646782,-98.058151
3591,"A0065","2026-06-17 09:28:10",2.08,36.46315,-101.217862
3592,"A0159","2026-06-05 02:05:09",1.12,36.718935,-100.499066
3593,"A0792","2026-06-10 08:27:55",2.14,36.815081,-97.990471
3594,"A1059","2026-06-03 08:30:41",0.18,36.676787,-96.568491
3595,"A0291","2026-06-18 14:07:27",1.85,36.771941,-101.284815
3596,"A0001","2026-06-18 00:26:36",0.65,35.102281,-101.192372
3597,"A1042","2026-06-11 22:01:02",0.7,35.815064,-102.569858
3598,"A0334","2026-06-03 16:03:09",0.49,36.235981,-96.948365
3599,"A0496","2026-06-10 00:20:16",0.55,36.853653,-100.348183
3600,"A0077","2026-06-21 02:01:24",0.79,35.720648,-97.318945
3601,"A0729","2026-06-15 01:11:32",1.47,35.833584,-102.912379
3602,"A0337","2026-06-09 01:20:23",0.98,35.642796,-96.528697
3603,"A1182","2026-06-11 02:43:11",0.79,34.948048,-101.472704
3604,"A0809","2026-06-30 05:28:20",2.24,36.270195,-99.344095
3605,"A1384","2026-06-06 16:08:14",0.9,34.9949,-97.457654
3606,"A1384","2026-06-15 05:12:34",1.06,36.500285,-99.611892
3607,"A0112","2026-06-07 02:27:37",2.44,36.223884,-96.36832
3608,"A0851","2026-06-13 17:53:51",1.32,34.859654,-95.451493
3609,"A1324","2026-06-01 16:36:43",2.05,36.510859,-98.710324
3610,"A0018","2026-06-01 01:32:32",1.92,36.315928,-102.375656
3611,"A1312","2026-06-10 21:17:07",2.72,34.097005,-98.996893
3612,"A0306","2026-06-25 11:02:40",2.25,35.824085,-94.677778
3613,"A0502","2026-06-29 23:25:44",2.08,35.869349,-99.011783
3614,"A1209","2026-06-10 04:10:23",2.6,34.484111,-96.322272
3615,"A1035","2026-06-08 00:52:04",1.41,34.674486,-96.952806
3616,"A1106","2026-06-21 10:26:22",2.38,36.103023,-95.856879
3617,"A0035","2026-06-03 09:46:06",0.37,35.695978,-102.463282
3618,"A0913","2026-06-06 19:22:02",0.53,35.539317,-96.859051
3619,"A1088","2026-06-14 18:52:17",2.27,34.204858,-99.815053
3620,"A0410","2026-06-09 19:26:02",0.77,35.993977,-100.923587
3621,"A0045","2026-06-02 08:38:20",0.65,34.352866,-96.098452
3622,"A0277","2026-06-23 13:29:41",2.51,33.790598,-97.498735
3623,"A1255","2026-06-27 03:33:16",2.54,35.367873,-100.52321
3624,"A0370","2026-06-24 03:47:46",1.52,34.694845,-99.68238
3625,"A0281","2026-06-19 04:42:37",2.75,33.838512,-101.839572
3626,"A0875","2026-06-30 09:53:58",1.31,36.258017,-97.581019
3627,"A1407","2026-06-06 20:05:27",0.57,34.488729,-98.132701
3628,"A0464","2026-06-26 20:24:30",2.43,33.978598,-102.140861
3629,"A0026","2026-06-05 23:27:14",0.6,33.602,-97.215961
3630,"A0747","2026-06-22 00:27:37",2.68,35.895365,-101.179294
3631,"A0708","2026-06-19 21:33:13",2.27,35.166016,-97.712759
3632,"A0542","2026-06-30 13:30:15",1.2,35.926231,-100.313001
3633,"A0998","2026-06-25 20:58:50",1.33,36.891869,-96.692408
3634,"A0324","2026-06-17 04:50:39",1.88,36.836619,-100.135983
3635,"A0449","2026-06-16 17:25:29",2.34,34.123887,-101.706737
3636,"A0582","2026-06-19 15:50:21",2.34,35.188093,-97.957369
3637,"A0831","2026-06-03 19:42:58",2.23,35.48639,-96.049939
3638,"A1301","2026-06-06 17:25:28",2.75,35.725251,-101.71007
3639,"A1023","2026-06-18 12:46:17",1.43,34.315182,-96.509829
3640,"A0856","2026-06-20 00:42:52",2.56,36.871626,-95.170766
3641,"A0097","2026-06-10 17:24:23",0.65,35.922308,-97.759212
3642,"A0077","2026-06-18 03:01:26",2.24,34.601235,-97.642371
3643,"A0244","2026-06-02 09:30:00",2.52,35.877899,-97.046789
3644,"A0526","2026-06-09 06:10:24",1.54,36.223173,-101.882473
3645,"A0808","2026-06-09 00:45:19",0.78,35.816501,-102.390307
3646,"A0986","2026-06-19 15:10:13",0.45,34.591298,-102.162842
3647,"A0206","2026-06-12 06:06:39",2.34,35.588145,-94.61451
3648,"A0232","2026-06-16 19:56:40",0.93,36.993982,-97.006294
3649,"A0964","2026-06-25 03:19:22",2.21,36.407058,-100.729668
3650,"A0339","2026-06-27 20:23:11",2.79,33.727367,-94.707467
3651,"A0769","2026-06-16 03:26:34",0.15,33.799813,-95.453368
3652,"A0844","2026-06-17 14:45:05",2.05,33.693317,-96.21962
3653,"A0624","2026-06-17 19:19:03",0.17,34.953307,-95.350423
3654,"A0809","2026-06-16 20:38:35",0.97,35.858359,-97.720885
3655,"A0776","2026-06-19 08:47:57",0.65,35.173139,-102.267582
3656,"A1360","2026-06-13 09:17:34",1.86,34.236752,-99.300618
3657,"A1040","2026-06-09 10:19:24",2.66,33.844964,-100.238527
3658,"A0575","2026-06-03 09:07:03",0.87,36.195644,-102.144552
3659,"A0816","2026-06-24 07:58:12",0.91,35.631797,-98.801619
3660,"A0023","2026-06-12 11:11:06",2.5,35.39491,-100.113754
3661,"A0852","2026-06-21 12:10:26",1.18,35.913153,-101.439179
3662,"A0741","2026-06-30 23:30:40",1.71,35.871205,-101.115629
3663,"A0234","2026-06-14 16:09:22",0.97,34.904373,-97.504838
3664,"A0861","2026-06-13 23:06:00",0.48,36.156249,-99.667888
3665,"A0815","2026-06-24 01:51:42",0.11,34.744984,-99.135858
3666,"A0067","2026-06-17 11:59:53",0.87,36.231244,-98.016614
3667,"A0084","2026-06-21 04:40:53",2.55,36.851385,-100.508097
3668,"A0288","2026-06-29 07:55:35",1.78,36.75584,-99.507682
3669,"A0522","2026-06-20 04:33:17",2.27,36.479048,-101.087623
3670,"A0838","2026-06-20 10:48:11",1.6,35.055974,-96.799847
3671,"A0812","2026-06-30 05:55:12",1.71,33.749138,-96.021045
3672,"A1404","2026-06-25 03:38:48",1.32,34.517305,-97.33859
3673,"A0531","2026-06-20 12:45:07",0.37,34.881794,-97.555457
3674,"A0814","2026-06-26 15:41:54",1.38,35.787492,-100.408848
3675,"A1023","2026-06-20 17:41:12",2.56,34.940328,-102.081698
3676,"A0416","2026-06-27 07:45:42",0.32,35.170197,-101.789293
3677,"A0974","2026-06-17 04:38:46",2.1,35.600164,-94.813731
3678,"A0398","2026-06-01 02:57:51",1.27,33.996046,-99.457184
3679,"A0979","2026-06-18 16:03:05",2.08,35.286369,-95.515698
3680,"A0153","2026-06-13 15:25:57",0.73,33.79204,-96.899602
3681,"A0180","2026-06-22 11:02:22",2.23,35.73034,-98.741365
3682,"A0816","2026-06-12 01:50:16",1.07,36.867756,-98.704291
3683,"A0693","2026-06-24 07:54:43",1.57,35.249951,-94.611072
3684,"A0297","2026-06-29 06:48:58",2.16,34.515052,-100.522681
3685,"A0491","2026-06-28 22:04:00",2.11,36.378244,-101.913612
3686,"A0440","2026-06-26 01:00:58",2.44,34.484251,-99.045039
3687,"A0089","2026-06-11 05:34:39",1.55,36.547118,-102.564988
3688,"A0549","2026-06-24 10:40:23",2.79,34.797904,-96.733842
3689,"A0508","2026-06-02 18:15:18",2.43,33.644738,-102.947678
3690,"A0903","2026-06-04 13:43:17",0.81,35.616486,-98.799328
3691,"A0981","2026-06-27 01:07:45",2.08,36.811134,-100.771276
3692,"A0274","2026-06-27 16:26:12",2.07,34.394241,-99.755208
3693,"A1178","2026-06-24 18:08:08",2.12,34.336367,-100.573506
3694,"A0354","2026-06-27 21:03:00",1.3,34.069866,-99.918716
3695,"A0186","2026-06-06 22:08:02",2.16,33.644786,-95.968038
3696,"A1081","2026-06-14 00:24:11",1.45,36.33764,-96.230059
3697,"A0919","2026-06-23 18:10:06",1.1,36.667617,-95.290866
3698,"A0520","2026-06-06 19:23:11",1.11,34.45864,-97.53961
3699,"A0651","2026-06-29 16:28:41",2.09,35.152647,-98.154898
3700,"A0842","2026-06-01 06:12:10",1.01,35.785388,-101.037505
3701,"A1279","2026-06-18 16:54:51",2.41,36.721177,-99.531291
3702,"A0874","2026-06-07 06:24:42",1.25,36.946563,-97.137942
3703,"A1412","2026-06-17 06:02:15",1.87,34.827352,-100.4077
3704,"A0693","2026-06-15 09:49:24",0.71,35.598365,-100.868449
3705,"A1255","2026-06-01 11:35:34",0.57,36.469288,-95.967077
3706,"A0513","2026-06-15 09:32:34",1.66,36.551557,-95.095907
3707,"A1056","2026-06-03 12:48:44",0.9,33.734682,-101.01724
3708,"A0058","2026-06-30 22:33:28",1.82,34.44788,-97.123343
3709,"A1037","2026-06-14 16:40:20",0.8,36.018204,-99.260374
3710,"A0031","2026-06-24 21:09:33",1.53,34.922756,-102.604241
