"animal_id","ts","weight_kg"
"A0630","2026-05-15 00:00:00",562.4
"A1198","2026-05-15 00:10:00",528.5
"A1391","2026-05-15 00:20:00",508.9
"A1412","2026-05-15 00:30:00",571
"A0462","2026-05-15 00:40:00",450.5
"A0243","2026-05-15 00:50:00",520.7
"A0579","2026-05-15 01:00:00",559
"A1150","2026-05-15 01:10:00",575.5
"A0087","2026-05-15 01:20:00",512.3
"A0145","2026-05-15 01:30:00",528.3
"A0581","2026-05-15 01:40:00",559.4
"A0860","2026-05-15 01:50:00",578.6
"A1399","2026-05-15 02:00:00",517.8
"A0018","2026-05-15 02:10:00",536.9
"A1367","2026-05-15 02:20:00",554.2
"A0289","2026-05-15 02:30:00",499.7
"A1343","2026-05-15 02:40:00",551.4
"A0135","2026-05-15 02:50:00",501.2
"A0847","2026-05-15 03:00:00",539.9
"A0381","2026-05-15 03:10:00",578.5
"A0375","2026-05-15 03:20:00",512.9
"A0791","2026-05-15 03:30:00",558.3
"A0340","2026-05-15 03:40:00",557.3
"A0650","2026-05-15 03:50:00",521
"A0305","2026-05-15 04:00:00",565.7
"A0962","2026-05-15 04:10:00",522
"A0650","2026-05-15 04:20:00",564.9
"A1097","2026-05-15 04:30:00",562.8
"A0688","2026-05-15 04:40:00",518.2
"A0837","2026-05-15 04:50:00",517.1
"A0946","2026-05-15 05:00:00",550.1
"A0563","2026-05-15 05:10:00",505.2
"A1214","2026-05-15 05:20:00",504.4
"A0853","2026-05-15 05:30:00",577.6
"A0681","2026-05-15 05:40:00",579.4
"A0957","2026-05-15 05:50:00",527.2
"A1017","2026-05-15 06:00:00",569.5
"A0088","2026-05-15 06:10:00",545.1
"A0390","2026-05-15 06:20:00",548.3
"A0183","2026-05-15 06:30:00",536.5
"A0634","2026-05-15 06:40:00",590.1
"A1046","2026-05-15 06:50:00",483.7
"A1159","2026-05-15 07:00:00",587.6
"A1132","2026-05-15 07:10:00",565.2
"A0013","2026-05-15 07:20:00",551.1
"A0025","2026-05-15 07:30:00",562.7
"A0833","2026-05-15 07:40:00",503.4
"A0076","2026-05-15 07:50:00",536.3
"A0276","2026-05-15 08:00:00",523.8
"A0120","2026-05-15 08:10:00",556.5
"A0516","2026-05-15 08:20:00",595.1
"A0092","2026-05-15 08:30:00",472.7
"A1129","2026-05-15 08:40:00",579.8
"A1112","2026-05-15 08:50:00",547.1
"A1320","2026-05-15 09:00:00",552.2
"A0588","2026-05-15 09:10:00",511.5
"A0771","2026-05-15 09:20:00",509.7
"A0623","2026-05-15 09:30:00",504.6
"A0110","2026-05-15 09:40:00",624.9
"A0888","2026-05-15 09:50:00",599.2
"A0492","2026-05-15 10:00:00",535.4
"A1009","2026-05-15 10:10:00",597.7
"A0296","2026-05-15 10:20:00",484.4
"A0370","2026-05-15 10:30:00",575.3
"A0221","2026-05-15 10:40:00",525.2
"A0571","2026-05-15 10:50:00",610.8
"A0082","2026-05-15 11:00:00",575.2
"A1173","2026-05-15 11:10:00",477.9
"A0712","2026-05-15 11:20:00",577.2
"A1235","2026-05-15 11:30:00",483.8
"A0440","2026-05-15 11:40:00",609.2
"A0896","2026-05-15 11:50:00",476.8
"A0808","2026-05-15 12:00:00",498.7
"A0182","2026-05-15 12:10:00",545.5
"A1094","2026-05-15 12:20:00",515.8
"A1166","2026-05-15 12:30:00",553.2
"A0688","2026-05-15 12:40:00",495.4
"A0123","2026-05-15 12:50:00",488.6
"A0444","2026-05-15 13:00:00",562.6
"A0788","2026-05-15 13:10:00",524.5
"A0466","2026-05-15 13:20:00",528.1
"A0219","2026-05-15 13:30:00",569.5
"A0365","2026-05-15 13:40:00",500.3
"A0594","2026-05-15 13:50:00",530.9
"A1336","2026-05-15 14:00:00",495.2
"A0184","2026-05-15 14:10:00",590.5
"A0537","2026-05-15 14:20:00",556.5
"A0833","2026-05-15 14:30:00",541.8
"A0385","2026-05-15 14:40:00",569.1
"A0923","2026-05-15 14:50:00",585.9
"A1048","2026-05-15 15:00:00",522.3
"A0141","2026-05-15 15:10:00",527.1
"A1246","2026-05-15 15:20:00",547.1
"A0913","2026-05-15 15:30:00",570.4
"A0979","2026-05-15 15:40:00",550.1
"A0120","2026-05-15 15:50:00",545.5
"A0081","2026-05-15 16:00:00",533.4
"A0251","2026-05-15 16:10:00",519.9
"A1294","2026-05-15 16:20:00",519.3
"A0421","2026-05-15 16:30:00",517.6
"A0634","2026-05-15 16:40:00",511.8
"A0077","2026-05-15 16:50:00",532.9
"A0402","2026-05-15 17:00:00",456.1
"A1414","2026-05-15 17:10:00",550.7
"A1166","2026-05-15 17:20:00",505.6
"A0762","2026-05-15 17:30:00",535.2
"A1123","2026-05-15 17:40:00",539.6
"A0523","2026-05-15 17:50:00",644.3
"A0422","2026-05-15 18:00:00",553.1
"A0757","2026-05-15 18:10:00",573.4
"A0987","2026-05-15 18:20:00",590.6
"A0906","2026-05-15 18:30:00",558
"A0647","2026-05-15 18:40:00",525.9
"A0320","2026-05-15 18:50:00",520.4
"A0858","2026-05-15 19:00:00",507.2
"A1119","2026-05-15 19:10:00",522.3
"A0533","2026-05-15 19:20:00",561.1
"A0077","2026-05-15 19:30:00",471.6
"A1104","2026-05-15 19:40:00",609.5
"A0563","2026-05-15 19:50:00",547.7
"A1312","2026-05-15 20:00:00",522.2
"A0290","2026-05-15 20:10:00",503.1
"A0908","2026-05-15 20:20:00",561.6
"A0738","2026-05-15 20:30:00",481.7
"A0441","2026-05-15 20:40:00",556.1
"A0640","2026-05-15 20:50:00",519.2
"A0393","2026-05-15 21:00:00",561.6
"A1272","2026-05-15 21:10:00",547.7
"A0427","2026-05-15 21:20:00",534.5
"A1014","2026-05-15 21:30:00",527.2
"A1009","2026-05-15 21:40:00",521.7
"A0586","2026-05-15 21:50:00",557.6
"A0807","2026-05-15 22:00:00",500.2
"A0702","2026-05-15 22:10:00",535.2
"A0121","2026-05-15 22:20:00",514.5
"A0555","2026-05-15 22:30:00",494.6
"A0630","2026-05-15 22:40:00",514.4
"A0744","2026-05-15 22:50:00",514.1
"A0735","2026-05-15 23:00:00",585.9
"A0072","2026-05-15 23:10:00",504.7
"A0195","2026-05-15 23:20:00",566.3
"A0822","2026-05-15 23:30:00",598.1
"A0085","2026-05-15 23:40:00",476.8
"A0159","2026-05-15 23:50:00",457.6
"A1348","2026-05-16 00:00:00",565.3
"A1245","2026-05-16 00:10:00",565.2
"A1187","2026-05-16 00:20:00",625.2
"A1051","2026-05-16 00:30:00",513.3
"A0989","2026-05-16 00:40:00",541
"A1121","2026-05-16 00:50:00",493.5
"A1063","2026-05-16 01:00:00",546.2
"A1003","2026-05-16 01:10:00",530
"A1218","2026-05-16 01:20:00",585
"A0271","2026-05-16 01:30:00",578.4
"A0627","2026-05-16 01:40:00",549
"A1377","2026-05-16 01:50:00",573.2
"A1309","2026-05-16 02:00:00",528.2
"A0002","2026-05-16 02:10:00",569.6
"A1075","2026-05-16 02:20:00",510.7
"A1088","2026-05-16 02:30:00",573.3
"A1308","2026-05-16 02:40:00",512.2
"A1325","2026-05-16 02:50:00",494.2
"A1040","2026-05-16 03:00:00",546.5
"A0982","2026-05-16 03:10:00",544.4
"A1020","2026-05-16 03:20:00",573.3
"A0849","2026-05-16 03:30:00",574.1
"A1189","2026-05-16 03:40:00",583.4
"A1362","2026-05-16 03:50:00",544.9
"A0862","2026-05-16 04:00:00",575.6
"A0154","2026-05-16 04:10:00",505.9
"A0610","2026-05-16 04:20:00",555.7
"A1149","2026-05-16 04:30:00",536.5
"A1124","2026-05-16 04:40:00",540.6
"A0114","2026-05-16 04:50:00",521.1
"A0994","2026-05-16 05:00:00",488.1
"A0367","2026-05-16 05:10:00",557.3
"A0418","2026-05-16 05:20:00",568.4
"A0965","2026-05-16 05:30:00",550.5
"A1253","2026-05-16 05:40:00",574.6
"A0960","2026-05-16 05:50:00",634
"A1377","2026-05-16 06:00:00",626
"A1319","2026-05-16 06:10:00",545.6
"A0798","2026-05-16 06:20:00",518.3
"A0088","2026-05-16 06:30:00",534.6
"A0658","2026-05-16 06:40:00",500.4
"A1050","2026-05-16 06:50:00",547.5
"A0178","2026-05-16 07:00:00",553.6
"A1104","2026-05-16 07:10:00",499
"A0105","2026-05-16 07:20:00",543.7
"A0735","2026-05-16 07:30:00",570.3
"A0010","2026-05-16 07:40:00",542.7
"A1380","2026-05-16 07:50:00",521.8
"A1347","2026-05-16 08:00:00",573.1
"A0322","2026-05-16 08:10:00",495.7
"A0925","2026-05-16 08:20:00",552.4
"A0864","2026-05-16 08:30:00",544.4
"A0834","2026-05-16 08:40:00",543
"A1366","2026-05-16 08:50:00",463.3
"A1321","2026-05-16 09:00:00",561.8
"A0519","2026-05-16 09:10:00",540.6
"A0048","2026-05-16 09:20:00",553
"A0049","2026-05-16 09:30:00",514.7
"A0431","2026-05-16 09:40:00",471.1
"A0533","2026-05-16 09:50:00",561.5
"A0113","2026-05-16 10:00:00",518.4
"A0116","2026-05-16 10:10:00",480.9
"A0748","2026-05-16 10:20:00",606.7
"A1294","2026-05-16 10:30:00",563.5
"A0117","2026-05-16 10:40:00",546.8
"A0213","2026-05-16 10:50:00",579.9
"A1202","2026-05-16 11:00:00",482
"A0195","2026-05-16 11:10:00",558.3
"A0069","2026-05-16 11:20:00",542.1
"A0778","2026-05-16 11:30:00",538.5
"A0046","2026-05-16 11:40:00",558.2
"A0303","2026-05-16 11:50:00",551.2
"A0254","2026-05-16 12:00:00",553.3
"A1088","2026-05-16 12:10:00",524
"A0555","2026-05-16 12:20:00",539.7
"A1175","2026-05-16 12:30:00",497
"A1398","2026-05-16 12:40:00",546.4
"A0091","2026-05-16 12:50:00",538.9
"A0375","2026-05-16 13:00:00",516.2
"A1034","2026-05-16 13:10:00",521.4
"A1331","2026-05-16 13:20:00",546.4
"A0087","2026-05-16 13:30:00",549
"A1107","2026-05-16 13:40:00",540.8
"A1292","2026-05-16 13:50:00",533.5
"A0564","2026-05-16 14:00:00",562.1
"A0061","2026-05-16 14:10:00",538.5
"A0784","2026-05-16 14:20:00",566.3
"A0852","2026-05-16 14:30:00",495.9
"A0464","2026-05-16 14:40:00",527.2
"A0715","2026-05-16 14:50:00",623.9
"A0160","2026-05-16 15:00:00",540.2
"A0500","2026-05-16 15:10:00",561.3
"A0583","2026-05-16 15:20:00",624.9
"A1245","2026-05-16 15:30:00",546.8
"A1011","2026-05-16 15:40:00",551.8
"A1398","2026-05-16 15:50:00",537
"A0563","2026-05-16 16:00:00",580.4
"A1057","2026-05-16 16:10:00",478.1
"A1107","2026-05-16 16:20:00",526.8
"A1177","2026-05-16 16:30:00",521.7
"A0355","2026-05-16 16:40:00",572.9
"A0085","2026-05-16 16:50:00",520
"A1330","2026-05-16 17:00:00",609.8
"A0405","2026-05-16 17:10:00",513.2
"A0682","2026-05-16 17:20:00",546.2
"A0959","2026-05-16 17:30:00",545.9
"A1090","2026-05-16 17:40:00",509.6
"A0679","2026-05-16 17:50:00",535.6
"A1343","2026-05-16 18:00:00",584.5
"A0253","2026-05-16 18:10:00",557.5
"A0499","2026-05-16 18:20:00",566.3
"A0733","2026-05-16 18:30:00",554.4
"A0610","2026-05-16 18:40:00",523.6
"A0847","2026-05-16 18:50:00",546
"A0252","2026-05-16 19:00:00",505.5
"A0816","2026-05-16 19:10:00",543.2
"A0994","2026-05-16 19:20:00",525.4
"A1130","2026-05-16 19:30:00",633.2
"A0627","2026-05-16 19:40:00",557
"A0507","2026-05-16 19:50:00",589.6
"A0459","2026-05-16 20:00:00",516.3
"A0064","2026-05-16 20:10:00",542
"A0558","2026-05-16 20:20:00",552.8
"A0526","2026-05-16 20:30:00",554
"A1276","2026-05-16 20:40:00",549.2
"A0710","2026-05-16 20:50:00",588.4
"A0041","2026-05-16 21:00:00",552.1
"A1138","2026-05-16 21:10:00",480.2
"A0295","2026-05-16 21:20:00",590.1
"A1053","2026-05-16 21:30:00",528.7
"A1082","2026-05-16 21:40:00",510.4
"A0825","2026-05-16 21:50:00",552.3
"A1019","2026-05-16 22:00:00",558.7
"A0918","2026-05-16 22:10:00",546.2
"A0131","2026-05-16 22:20:00",526.5
"A1125","2026-05-16 22:30:00",579.9
"A1180","2026-05-16 22:40:00",595.7
"A0199","2026-05-16 22:50:00",549.8
"A0693","2026-05-16 23:00:00",565.2
"A1337","2026-05-16 23:10:00",538.4
"A0911","2026-05-16 23:20:00",473
"A0545","2026-05-16 23:30:00",509
"A1100","2026-05-16 23:40:00",482.5
"A1118","2026-05-16 23:50:00",579.4
"A0143","2026-05-17 00:00:00",543.1
"A0077","2026-05-17 00:10:00",552.3
"A1021","2026-05-17 00:20:00",498.7
"A1163","2026-05-17 00:30:00",562.8
"A0568","2026-05-17 00:40:00",606.6
"A0156","2026-05-17 00:50:00",522.2
"A0762","2026-05-17 01:00:00",557.9
"A0084","2026-05-17 01:10:00",515.9
"A0878","2026-05-17 01:20:00",543.2
"A1115","2026-05-17 01:30:00",508.6
"A0289","2026-05-17 01:40:00",525.7
"A1217","2026-05-17 01:50:00",587
"A1152","2026-05-17 02:00:00",539
"A0352","2026-05-17 02:10:00",540.4
"A0927","2026-05-17 02:20:00",463.8
"A0535","2026-05-17 02:30:00",517.1
"A1065","2026-05-17 02:40:00",512.5
"A0780","2026-05-17 02:50:00",513.8
"A1081","2026-05-17 03:00:00",563
"A0296","2026-05-17 03:10:00",582.9
"A0216","2026-05-17 03:20:00",482.4
"A0900","2026-05-17 03:30:00",549.6
"A1083","2026-05-17 03:40:00",468.9
"A1194","2026-05-17 03:50:00",500.4
"A0535","2026-05-17 04:00:00",562.8
"A0531","2026-05-17 04:10:00",539.8
"A1134","2026-05-17 04:20:00",497.8
"A0189","2026-05-17 04:30:00",455.7
"A0156","2026-05-17 04:40:00",562.4
"A0131","2026-05-17 04:50:00",560.5
"A0427","2026-05-17 05:00:00",608.3
"A0028","2026-05-17 05:10:00",587.1
"A1075","2026-05-17 05:20:00",530.9
"A0089","2026-05-17 05:30:00",535.1
"A1141","2026-05-17 05:40:00",533.4
"A0753","2026-05-17 05:50:00",526.4
"A0460","2026-05-17 06:00:00",471.4
"A0230","2026-05-17 06:10:00",556.2
"A0438","2026-05-17 06:20:00",568.9
"A1024","2026-05-17 06:30:00",510.9
"A1375","2026-05-17 06:40:00",521
"A1322","2026-05-17 06:50:00",536.3
"A0597","2026-05-17 07:00:00",490
"A0308","2026-05-17 07:10:00",515.8
"A1300","2026-05-17 07:20:00",507.5
"A0144","2026-05-17 07:30:00",511.9
"A1114","2026-05-17 07:40:00",558.1
"A0574","2026-05-17 07:50:00",562.8
"A1128","2026-05-17 08:00:00",542.2
"A0144","2026-05-17 08:10:00",527.2
"A0947","2026-05-17 08:20:00",533.3
"A1121","2026-05-17 08:30:00",617.1
"A1202","2026-05-17 08:40:00",534.7
"A0324","2026-05-17 08:50:00",525.7
"A1408","2026-05-17 09:00:00",533.7
"A0874","2026-05-17 09:10:00",521.4
"A0981","2026-05-17 09:20:00",547.3
"A0978","2026-05-17 09:30:00",573.8
"A1214","2026-05-17 09:40:00",545.8
"A0703","2026-05-17 09:50:00",520
"A1319","2026-05-17 10:00:00",550.6
"A1301","2026-05-17 10:10:00",516.1
"A0663","2026-05-17 10:20:00",509.3
"A0518","2026-05-17 10:30:00",563.8
"A1036","2026-05-17 10:40:00",568.2
"A1063","2026-05-17 10:50:00",535.7
"A0730","2026-05-17 11:00:00",508.1
"A0590","2026-05-17 11:10:00",574.2
"A0211","2026-05-17 11:20:00",566.5
"A0725","2026-05-17 11:30:00",600.9
"A0310","2026-05-17 11:40:00",549.3
"A1228","2026-05-17 11:50:00",583
"A1088","2026-05-17 12:00:00",488.7
"A1031","2026-05-17 12:10:00",575.3
"A0339","2026-05-17 12:20:00",497.5
"A0952","2026-05-17 12:30:00",520.3
"A0019","2026-05-17 12:40:00",557.3
"A1276","2026-05-17 12:50:00",547.7
"A1241","2026-05-17 13:00:00",503.3
"A1324","2026-05-17 13:10:00",531.9
"A1107","2026-05-17 13:20:00",544.6
"A0542","2026-05-17 13:30:00",519.3
"A1070","2026-05-17 13:40:00",544.8
"A0311","2026-05-17 13:50:00",512.4
"A0580","2026-05-17 14:00:00",553.9
"A0603","2026-05-17 14:10:00",567.4
"A0692","2026-05-17 14:20:00",568.7
"A1091","2026-05-17 14:30:00",509.3
"A0135","2026-05-17 14:40:00",548.4
"A0072","2026-05-17 14:50:00",520.9
"A0908","2026-05-17 15:00:00",511.7
"A0884","2026-05-17 15:10:00",513.7
"A1300","2026-05-17 15:20:00",532.1
"A0583","2026-05-17 15:30:00",553.9
"A1383","2026-05-17 15:40:00",497.4
"A1064","2026-05-17 15:50:00",553.6
"A0566","2026-05-17 16:00:00",482.2
"A1083","2026-05-17 16:10:00",547.9
"A1143","2026-05-17 16:20:00",531.1
"A1001","2026-05-17 16:30:00",499.4
"A1270","2026-05-17 16:40:00",551.4
"A0025","2026-05-17 16:50:00",513.4
"A0973","2026-05-17 17:00:00",565.3
"A1346","2026-05-17 17:10:00",497.1
"A0930","2026-05-17 17:20:00",456.8
"A0528","2026-05-17 17:30:00",533.5
"A1360","2026-05-17 17:40:00",545.7
"A0904","2026-05-17 17:50:00",556
"A1264","2026-05-17 18:00:00",578.2
"A0124","2026-05-17 18:10:00",634.4
"A0947","2026-05-17 18:20:00",608
"A0345","2026-05-17 18:30:00",554.7
"A1325","2026-05-17 18:40:00",534.6
"A0258","2026-05-17 18:50:00",610.4
"A0500","2026-05-17 19:00:00",560.6
"A0255","2026-05-17 19:10:00",517.4
"A0151","2026-05-17 19:20:00",563.5
"A0723","2026-05-17 19:30:00",545.3
"A1148","2026-05-17 19:40:00",531.9
"A0730","2026-05-17 19:50:00",509.9
"A1284","2026-05-17 20:00:00",497.5
"A0085","2026-05-17 20:10:00",549.4
"A0200","2026-05-17 20:20:00",518
"A0894","2026-05-17 20:30:00",489.2
"A0760","2026-05-17 20:40:00",491.6
"A0748","2026-05-17 20:50:00",526.9
"A0041","2026-05-17 21:00:00",590.7
"A0374","2026-05-17 21:10:00",500.4
"A0738","2026-05-17 21:20:00",549.3
"A0037","2026-05-17 21:30:00",513
"A1178","2026-05-17 21:40:00",475.2
"A0845","2026-05-17 21:50:00",513.1
"A0184","2026-05-17 22:00:00",520.7
"A0943","2026-05-17 22:10:00",539.9
"A1091","2026-05-17 22:20:00",547.6
"A0945","2026-05-17 22:30:00",561.7
"A0604","2026-05-17 22:40:00",525.2
"A0834","2026-05-17 22:50:00",590.2
"A0755","2026-05-17 23:00:00",553.6
"A0304","2026-05-17 23:10:00",511.9
"A0681","2026-05-17 23:20:00",539.7
"A1147","2026-05-17 23:30:00",534
"A0279","2026-05-17 23:40:00",582.2
"A1233","2026-05-17 23:50:00",513.7
"A0736","2026-05-18 00:00:00",549.7
"A0717","2026-05-18 00:10:00",530.5
"A0122","2026-05-18 00:20:00",551.7
"A1288","2026-05-18 00:30:00",584.8
"A0688","2026-05-18 00:40:00",568.9
"A0352","2026-05-18 00:50:00",601.4
"A0278","2026-05-18 01:00:00",497.5
"A0772","2026-05-18 01:10:00",486.2
"A1330","2026-05-18 01:20:00",549.1
"A1393","2026-05-18 01:30:00",543.8
"A0100","2026-05-18 01:40:00",586.6
"A0029","2026-05-18 01:50:00",504.5
"A0315","2026-05-18 02:00:00",543.7
"A0137","2026-05-18 02:10:00",557.5
"A1142","2026-05-18 02:20:00",524.9
"A0180","2026-05-18 02:30:00",484.1
"A0795","2026-05-18 02:40:00",519.5
"A0845","2026-05-18 02:50:00",555.1
"A0802","2026-05-18 03:00:00",575.4
"A0772","2026-05-18 03:10:00",506.9
"A0623","2026-05-18 03:20:00",562.1
"A1246","2026-05-18 03:30:00",550
"A0313","2026-05-18 03:40:00",570.1
"A0788","2026-05-18 03:50:00",537.2
"A0371","2026-05-18 04:00:00",633.6
"A0743","2026-05-18 04:10:00",543.9
"A0942","2026-05-18 04:20:00",581.7
"A0892","2026-05-18 04:30:00",504.6
"A0214","2026-05-18 04:40:00",563.8
"A0981","2026-05-18 04:50:00",531.5
"A1130","2026-05-18 05:00:00",546.4
"A0845","2026-05-18 05:10:00",528.3
"A1110","2026-05-18 05:20:00",514.4
"A0735","2026-05-18 05:30:00",545.5
"A0378","2026-05-18 05:40:00",506.2
"A0289","2026-05-18 05:50:00",515.2
"A1152","2026-05-18 06:00:00",545.2
"A0772","2026-05-18 06:10:00",545.9
"A1322","2026-05-18 06:20:00",488.9
"A0193","2026-05-18 06:30:00",493.8
"A1372","2026-05-18 06:40:00",488.8
"A0217","2026-05-18 06:50:00",581.3
"A1046","2026-05-18 07:00:00",489
"A1190","2026-05-18 07:10:00",563.9
"A0773","2026-05-18 07:20:00",547.7
"A0886","2026-05-18 07:30:00",595.4
"A0232","2026-05-18 07:40:00",535.4
"A0750","2026-05-18 07:50:00",488.1
"A0904","2026-05-18 08:00:00",557.2
"A0669","2026-05-18 08:10:00",601.5
"A0024","2026-05-18 08:20:00",538.5
"A0267","2026-05-18 08:30:00",555.4
"A0543","2026-05-18 08:40:00",516.4
"A0598","2026-05-18 08:50:00",477.7
"A1050","2026-05-18 09:00:00",462.5
"A0479","2026-05-18 09:10:00",571.2
"A1269","2026-05-18 09:20:00",588
"A1082","2026-05-18 09:30:00",521.8
"A0406","2026-05-18 09:40:00",531.2
"A0748","2026-05-18 09:50:00",526.4
"A1387","2026-05-18 10:00:00",557.1
"A0979","2026-05-18 10:10:00",612.6
"A1361","2026-05-18 10:20:00",598.7
"A1107","2026-05-18 10:30:00",599.1
"A0048","2026-05-18 10:40:00",535.5
"A0731","2026-05-18 10:50:00",594.5
"A0890","2026-05-18 11:00:00",507.2
"A0844","2026-05-18 11:10:00",520.8
"A0409","2026-05-18 11:20:00",517.9
"A0354","2026-05-18 11:30:00",542
"A0516","2026-05-18 11:40:00",590.3
"A1370","2026-05-18 11:50:00",521.9
"A0046","2026-05-18 12:00:00",573.3
"A0606","2026-05-18 12:10:00",571.2
"A0936","2026-05-18 12:20:00",511.4
"A0951","2026-05-18 12:30:00",478.6
"A0898","2026-05-18 12:40:00",549.7
"A0859","2026-05-18 12:50:00",483.9
"A1284","2026-05-18 13:00:00",528.8
"A1145","2026-05-18 13:10:00",497.1
"A0774","2026-05-18 13:20:00",512.8
"A0627","2026-05-18 13:30:00",543.1
"A0029","2026-05-18 13:40:00",524.2
"A0470","2026-05-18 13:50:00",551.1
"A1347","2026-05-18 14:00:00",624.2
"A0403","2026-05-18 14:10:00",585.8
"A0794","2026-05-18 14:20:00",503.7
"A0450","2026-05-18 14:30:00",576.4
"A0298","2026-05-18 14:40:00",536.8
"A0250","2026-05-18 14:50:00",537.4
"A0593","2026-05-18 15:00:00",556.1
"A1330","2026-05-18 15:10:00",527.6
"A1240","2026-05-18 15:20:00",526.5
"A1127","2026-05-18 15:30:00",518.8
"A0584","2026-05-18 15:40:00",545.6
"A1204","2026-05-18 15:50:00",504.3
"A0118","2026-05-18 16:00:00",566.6
"A0196","2026-05-18 16:10:00",565.2
"A0541","2026-05-18 16:20:00",540.2
"A1155","2026-05-18 16:30:00",558.2
"A0926","2026-05-18 16:40:00",537.1
"A1247","2026-05-18 16:50:00",562.6
"A0832","2026-05-18 17:00:00",590.9
"A0056","2026-05-18 17:10:00",482.9
"A0203","2026-05-18 17:20:00",531
"A0744","2026-05-18 17:30:00",555.7
"A0210","2026-05-18 17:40:00",505.8
"A0344","2026-05-18 17:50:00",521.3
"A0361","2026-05-18 18:00:00",531.6
"A1057","2026-05-18 18:10:00",579
"A1394","2026-05-18 18:20:00",542.1
"A0692","2026-05-18 18:30:00",480.1
"A1295","2026-05-18 18:40:00",562.9
"A0468","2026-05-18 18:50:00",540.9
"A0684","2026-05-18 19:00:00",532.2
"A0897","2026-05-18 19:10:00",543
"A0563","2026-05-18 19:20:00",542.7
"A1415","2026-05-18 19:30:00",564.9
"A0577","2026-05-18 19:40:00",474.9
"A1081","2026-05-18 19:50:00",528.9
"A0579","2026-05-18 20:00:00",460.7
"A0696","2026-05-18 20:10:00",536.3
"A0885","2026-05-18 20:20:00",541.5
"A1097","2026-05-18 20:30:00",538.1
"A0463","2026-05-18 20:40:00",552.6
"A0459","2026-05-18 20:50:00",518.1
"A0149","2026-05-18 21:00:00",544.6
"A0125","2026-05-18 21:10:00",535.8
"A0575","2026-05-18 21:20:00",593.5
"A0428","2026-05-18 21:30:00",533
"A0509","2026-05-18 21:40:00",506.2
"A0881","2026-05-18 21:50:00",485.5
"A0724","2026-05-18 22:00:00",545.9
"A0400","2026-05-18 22:10:00",541.6
"A1251","2026-05-18 22:20:00",559.9
"A1159","2026-05-18 22:30:00",542.2
"A0437","2026-05-18 22:40:00",475.9
"A0421","2026-05-18 22:50:00",534.3
"A1335","2026-05-18 23:00:00",592.7
"A0355","2026-05-18 23:10:00",538.4
"A0863","2026-05-18 23:20:00",540.3
"A0973","2026-05-18 23:30:00",576.6
"A1220","2026-05-18 23:40:00",523.1
"A0873","2026-05-18 23:50:00",583.8
"A0357","2026-05-19 00:00:00",550.2
"A0325","2026-05-19 00:10:00",518.5
"A0746","2026-05-19 00:20:00",521
"A0317","2026-05-19 00:30:00",547.3
"A0766","2026-05-19 00:40:00",527.7
"A1387","2026-05-19 00:50:00",527.4
"A0526","2026-05-19 01:00:00",525.5
"A1378","2026-05-19 01:10:00",570.4
"A0947","2026-05-19 01:20:00",527
"A1145","2026-05-19 01:30:00",532
"A0646","2026-05-19 01:40:00",485.3
"A1174","2026-05-19 01:50:00",523.6
"A0137","2026-05-19 02:00:00",545.8
"A1343","2026-05-19 02:10:00",574.4
"A0810","2026-05-19 02:20:00",567.6
"A0505","2026-05-19 02:30:00",573.4
"A1298","2026-05-19 02:40:00",508
"A0079","2026-05-19 02:50:00",530.4
"A1127","2026-05-19 03:00:00",624.6
"A0602","2026-05-19 03:10:00",522.8
"A1229","2026-05-19 03:20:00",526.4
"A1150","2026-05-19 03:30:00",557.4
"A0605","2026-05-19 03:40:00",560.3
"A0486","2026-05-19 03:50:00",515.1
"A1186","2026-05-19 04:00:00",496.8
"A0557","2026-05-19 04:10:00",516.4
"A0154","2026-05-19 04:20:00",541.7
"A0520","2026-05-19 04:30:00",493.9
"A0062","2026-05-19 04:40:00",540.4
"A0468","2026-05-19 04:50:00",570.9
"A1003","2026-05-19 05:00:00",564
"A0111","2026-05-19 05:10:00",540.1
"A0649","2026-05-19 05:20:00",471.8
"A1374","2026-05-19 05:30:00",583.1
"A0127","2026-05-19 05:40:00",571
"A0369","2026-05-19 05:50:00",522
"A0768","2026-05-19 06:00:00",585
"A0526","2026-05-19 06:10:00",553.9
"A0790","2026-05-19 06:20:00",547.2
"A1386","2026-05-19 06:30:00",537.4
"A0583","2026-05-19 06:40:00",578.8
"A1377","2026-05-19 06:50:00",532.9
"A0681","2026-05-19 07:00:00",556.3
"A1179","2026-05-19 07:10:00",521.9
"A1090","2026-05-19 07:20:00",563.6
"A0816","2026-05-19 07:30:00",539.6
"A1285","2026-05-19 07:40:00",527.2
"A0071","2026-05-19 07:50:00",479.8
"A1124","2026-05-19 08:00:00",484.7
"A0486","2026-05-19 08:10:00",529.6
"A1366","2026-05-19 08:20:00",502.8
"A0888","2026-05-19 08:30:00",569.5
"A0866","2026-05-19 08:40:00",550.9
"A0613","2026-05-19 08:50:00",518.1
"A0982","2026-05-19 09:00:00",525.3
"A0008","2026-05-19 09:10:00",547.9
"A0292","2026-05-19 09:20:00",525.9
"A0348","2026-05-19 09:30:00",557.5
"A0009","2026-05-19 09:40:00",541.3
"A0322","2026-05-19 09:50:00",555.4
"A0127","2026-05-19 10:00:00",537.6
"A0274","2026-05-19 10:10:00",582.2
"A1325","2026-05-19 10:20:00",591.9
"A0652","2026-05-19 10:30:00",543.8
"A0621","2026-05-19 10:40:00",523.8
"A0067","2026-05-19 10:50:00",548.7
"A1399","2026-05-19 11:00:00",485.8
"A1226","2026-05-19 11:10:00",560.4
"A0998","2026-05-19 11:20:00",526.4
"A1084","2026-05-19 11:30:00",536.6
"A0653","2026-05-19 11:40:00",563.3
"A0250","2026-05-19 11:50:00",565.4
"A0913","2026-05-19 12:00:00",543.6
"A1035","2026-05-19 12:10:00",537.5
"A0421","2026-05-19 12:20:00",475.9
"A0478","2026-05-19 12:30:00",587.9
"A1107","2026-05-19 12:40:00",560.4
"A0116","2026-05-19 12:50:00",622.4
"A1070","2026-05-19 13:00:00",530.2
"A0837","2026-05-19 13:10:00",570.3
"A0019","2026-05-19 13:20:00",530.5
"A0579","2026-05-19 13:30:00",513.5
"A1373","2026-05-19 13:40:00",528.7
"A0623","2026-05-19 13:50:00",564.9
"A1326","2026-05-19 14:00:00",518.1
"A0690","2026-05-19 14:10:00",566.8
"A0650","2026-05-19 14:20:00",558.4
"A0003","2026-05-19 14:30:00",584.9
"A0312","2026-05-19 14:40:00",482.4
"A1160","2026-05-19 14:50:00",592.8
"A0390","2026-05-19 15:00:00",458.9
"A0234","2026-05-19 15:10:00",556.1
"A0360","2026-05-19 15:20:00",546.9
"A0208","2026-05-19 15:30:00",550.2
"A0841","2026-05-19 15:40:00",507.5
"A0800","2026-05-19 15:50:00",579.2
"A1295","2026-05-19 16:00:00",546.4
"A0583","2026-05-19 16:10:00",521.6
"A0962","2026-05-19 16:20:00",502.7
"A0081","2026-05-19 16:30:00",546.3
"A0764","2026-05-19 16:40:00",536.2
"A0617","2026-05-19 16:50:00",584.6
"A1037","2026-05-19 17:00:00",507
"A0185","2026-05-19 17:10:00",571.2
"A0436","2026-05-19 17:20:00",552.9
"A0483","2026-05-19 17:30:00",502
"A0849","2026-05-19 17:40:00",541.4
"A0585","2026-05-19 17:50:00",539.1
"A0797","2026-05-19 18:00:00",597.2
"A1024","2026-05-19 18:10:00",550.6
"A0779","2026-05-19 18:20:00",522.1
"A0290","2026-05-19 18:30:00",574.7
"A1009","2026-05-19 18:40:00",535.1
"A0655","2026-05-19 18:50:00",482.7
"A0918","2026-05-19 19:00:00",563.5
"A0591","2026-05-19 19:10:00",554.6
"A0607","2026-05-19 19:20:00",586.9
"A0853","2026-05-19 19:30:00",531.8
"A0265","2026-05-19 19:40:00",545.1
"A1079","2026-05-19 19:50:00",506.6
"A1091","2026-05-19 20:00:00",551.1
"A0091","2026-05-19 20:10:00",528.8
"A0582","2026-05-19 20:20:00",504.8
"A1037","2026-05-19 20:30:00",538.5
"A0283","2026-05-19 20:40:00",515.8
"A1392","2026-05-19 20:50:00",493.2
"A0007","2026-05-19 21:00:00",513
"A0048","2026-05-19 21:10:00",513.2
"A1214","2026-05-19 21:20:00",587.2
"A1389","2026-05-19 21:30:00",552.6
"A0848","2026-05-19 21:40:00",552.6
"A1200","2026-05-19 21:50:00",543.6
"A0525","2026-05-19 22:00:00",520.3
"A0237","2026-05-19 22:10:00",481.8
"A1066","2026-05-19 22:20:00",600.9
"A1210","2026-05-19 22:30:00",601.2
"A0561","2026-05-19 22:40:00",551.3
"A1156","2026-05-19 22:50:00",529.6
"A0612","2026-05-19 23:00:00",538.1
"A1277","2026-05-19 23:10:00",580.6
"A1176","2026-05-19 23:20:00",506.8
"A0238","2026-05-19 23:30:00",551.5
"A0177","2026-05-19 23:40:00",553.1
"A0186","2026-05-19 23:50:00",446.2
"A0354","2026-05-20 00:00:00",522.9
"A0867","2026-05-20 00:10:00",526.8
"A0944","2026-05-20 00:20:00",515.7
"A0978","2026-05-20 00:30:00",488.7
"A0677","2026-05-20 00:40:00",556.4
"A0886","2026-05-20 00:50:00",513.5
"A1388","2026-05-20 01:00:00",593.9
"A1231","2026-05-20 01:10:00",576.2
"A0346","2026-05-20 01:20:00",622.9
"A0028","2026-05-20 01:30:00",547.6
"A1265","2026-05-20 01:40:00",527.2
"A0235","2026-05-20 01:50:00",531
"A0162","2026-05-20 02:00:00",554.6
"A0987","2026-05-20 02:10:00",581.7
"A0029","2026-05-20 02:20:00",553.3
"A0958","2026-05-20 02:30:00",501.2
"A0855","2026-05-20 02:40:00",528.9
"A0986","2026-05-20 02:50:00",559.8
"A1324","2026-05-20 03:00:00",583.9
"A0120","2026-05-20 03:10:00",471.7
"A1206","2026-05-20 03:20:00",507.7
"A0721","2026-05-20 03:30:00",528.7
"A0888","2026-05-20 03:40:00",532.1
"A0208","2026-05-20 03:50:00",537.4
"A1382","2026-05-20 04:00:00",575.8
"A1084","2026-05-20 04:10:00",617.6
"A0857","2026-05-20 04:20:00",534.4
"A0987","2026-05-20 04:30:00",505.9
"A1368","2026-05-20 04:40:00",549.1
"A0989","2026-05-20 04:50:00",527.3
"A0755","2026-05-20 05:00:00",543.6
"A1314","2026-05-20 05:10:00",533.6
"A1027","2026-05-20 05:20:00",513.4
"A0867","2026-05-20 05:30:00",514
"A0110","2026-05-20 05:40:00",480.3
"A0172","2026-05-20 05:50:00",523.4
"A0028","2026-05-20 06:00:00",545.1
"A0081","2026-05-20 06:10:00",540.6
"A0474","2026-05-20 06:20:00",558.8
"A0722","2026-05-20 06:30:00",571.4
"A1262","2026-05-20 06:40:00",587.2
"A1406","2026-05-20 06:50:00",583.9
"A1225","2026-05-20 07:00:00",553.2
"A0256","2026-05-20 07:10:00",545.5
"A0845","2026-05-20 07:20:00",521.9
"A0856","2026-05-20 07:30:00",521.8
"A0610","2026-05-20 07:40:00",540.5
"A0241","2026-05-20 07:50:00",514.9
"A1250","2026-05-20 08:00:00",532.2
"A0164","2026-05-20 08:10:00",511.6
"A1194","2026-05-20 08:20:00",547.1
"A0582","2026-05-20 08:30:00",549.9
"A0271","2026-05-20 08:40:00",504.8
"A1232","2026-05-20 08:50:00",471.6
"A1137","2026-05-20 09:00:00",424.6
"A1403","2026-05-20 09:10:00",613.2
"A1310","2026-05-20 09:20:00",509.6
"A0298","2026-05-20 09:30:00",556.3
"A0942","2026-05-20 09:40:00",563.8
"A0836","2026-05-20 09:50:00",525
"A1341","2026-05-20 10:00:00",523.7
"A1090","2026-05-20 10:10:00",521.9
"A1399","2026-05-20 10:20:00",485.3
"A0849","2026-05-20 10:30:00",509.1
"A1367","2026-05-20 10:40:00",502.7
"A0442","2026-05-20 10:50:00",522.5
"A1275","2026-05-20 11:00:00",525.2
"A0609","2026-05-20 11:10:00",539.1
"A0107","2026-05-20 11:20:00",532.1
"A0650","2026-05-20 11:30:00",553.2
"A1409","2026-05-20 11:40:00",532.2
"A0352","2026-05-20 11:50:00",544.4
"A0738","2026-05-20 12:00:00",550.1
"A0683","2026-05-20 12:10:00",519.1
"A0483","2026-05-20 12:20:00",586
"A0787","2026-05-20 12:30:00",553
"A0640","2026-05-20 12:40:00",541.4
"A1380","2026-05-20 12:50:00",556.4
"A1096","2026-05-20 13:00:00",496
"A1384","2026-05-20 13:10:00",549.1
"A0906","2026-05-20 13:20:00",569.8
"A0553","2026-05-20 13:30:00",502.7
"A0385","2026-05-20 13:40:00",507.2
"A0473","2026-05-20 13:50:00",511.2
"A1306","2026-05-20 14:00:00",584.8
"A1153","2026-05-20 14:10:00",530.9
"A1134","2026-05-20 14:20:00",604.9
"A1402","2026-05-20 14:30:00",501.7
"A1242","2026-05-20 14:40:00",501
"A0297","2026-05-20 14:50:00",499.1
"A1375","2026-05-20 15:00:00",519
"A1330","2026-05-20 15:10:00",520.8
"A0165","2026-05-20 15:20:00",567.9
"A0436","2026-05-20 15:30:00",531.6
"A0416","2026-05-20 15:40:00",540.7
"A0849","2026-05-20 15:50:00",546.2
"A0920","2026-05-20 16:00:00",528.2
"A0116","2026-05-20 16:10:00",531.1
"A0839","2026-05-20 16:20:00",614.9
"A1398","2026-05-20 16:30:00",528.8
"A0002","2026-05-20 16:40:00",607.4
"A0135","2026-05-20 16:50:00",545.1
"A1360","2026-05-20 17:00:00",500.7
"A0971","2026-05-20 17:10:00",460.2
"A1057","2026-05-20 17:20:00",534.9
"A0469","2026-05-20 17:30:00",552.2
"A0253","2026-05-20 17:40:00",573.7
"A0313","2026-05-20 17:50:00",555.6
"A0386","2026-05-20 18:00:00",525.2
"A1342","2026-05-20 18:10:00",492.1
"A0145","2026-05-20 18:20:00",558.1
"A0377","2026-05-20 18:30:00",573.6
"A0824","2026-05-20 18:40:00",467.6
"A1148","2026-05-20 18:50:00",516.9
"A0243","2026-05-20 19:00:00",518
"A1142","2026-05-20 19:10:00",548.6
"A1333","2026-05-20 19:20:00",540.8
"A0328","2026-05-20 19:30:00",552.2
"A0631","2026-05-20 19:40:00",597.5
"A0547","2026-05-20 19:50:00",550.8
"A0673","2026-05-20 20:00:00",606.3
"A0916","2026-05-20 20:10:00",522.5
"A1411","2026-05-20 20:20:00",565.3
"A1143","2026-05-20 20:30:00",583.3
"A0114","2026-05-20 20:40:00",600.2
"A1018","2026-05-20 20:50:00",560.7
"A1349","2026-05-20 21:00:00",553.8
"A0909","2026-05-20 21:10:00",490
"A0973","2026-05-20 21:20:00",551.3
"A0492","2026-05-20 21:30:00",609.9
"A0074","2026-05-20 21:40:00",525.5
"A1403","2026-05-20 21:50:00",486.7
"A0805","2026-05-20 22:00:00",572.6
"A0349","2026-05-20 22:10:00",527.3
"A1314","2026-05-20 22:20:00",470.6
"A0436","2026-05-20 22:30:00",512.7
"A1373","2026-05-20 22:40:00",452.9
"A0122","2026-05-20 22:50:00",522.5
"A0972","2026-05-20 23:00:00",532.7
"A0140","2026-05-20 23:10:00",531.2
"A1095","2026-05-20 23:20:00",577.6
"A0458","2026-05-20 23:30:00",564
"A1190","2026-05-20 23:40:00",596.3
"A0629","2026-05-20 23:50:00",599.4
"A0286","2026-05-21 00:00:00",529.7
"A0696","2026-05-21 00:10:00",562.1
"A1035","2026-05-21 00:20:00",563
"A0609","2026-05-21 00:30:00",540.8
"A1066","2026-05-21 00:40:00",511.4
"A0156","2026-05-21 00:50:00",576.4
"A0255","2026-05-21 01:00:00",503.3
"A0631","2026-05-21 01:10:00",552.1
"A0367","2026-05-21 01:20:00",540.3
"A0096","2026-05-21 01:30:00",552.6
"A0226","2026-05-21 01:40:00",519.8
"A0194","2026-05-21 01:50:00",559.7
"A0696","2026-05-21 02:00:00",556.8
"A0645","2026-05-21 02:10:00",542.1
"A1188","2026-05-21 02:20:00",517.5
"A1241","2026-05-21 02:30:00",544
"A0778","2026-05-21 02:40:00",521.9
"A1078","2026-05-21 02:50:00",493.5
"A1326","2026-05-21 03:00:00",507.5
"A1301","2026-05-21 03:10:00",507.5
"A0547","2026-05-21 03:20:00",497.1
"A0230","2026-05-21 03:30:00",528.3
"A0285","2026-05-21 03:40:00",547.3
"A1068","2026-05-21 03:50:00",502.9
"A1043","2026-05-21 04:00:00",583.1
"A0347","2026-05-21 04:10:00",461.9
"A0480","2026-05-21 04:20:00",508.4
"A0361","2026-05-21 04:30:00",569.6
"A1025","2026-05-21 04:40:00",581.2
"A1148","2026-05-21 04:50:00",552.5
"A0790","2026-05-21 05:00:00",532.9
"A0306","2026-05-21 05:10:00",585.8
"A0843","2026-05-21 05:20:00",503.7
"A0307","2026-05-21 05:30:00",529.8
"A0254","2026-05-21 05:40:00",487.7
"A0795","2026-05-21 05:50:00",552.3
"A0317","2026-05-21 06:00:00",528.1
"A0569","2026-05-21 06:10:00",562.4
"A1407","2026-05-21 06:20:00",570.9
"A0764","2026-05-21 06:30:00",580.1
"A0578","2026-05-21 06:40:00",541.7
"A0149","2026-05-21 06:50:00",534.7
"A0251","2026-05-21 07:00:00",555.2
"A0314","2026-05-21 07:10:00",579.7
"A1091","2026-05-21 07:20:00",569.3
"A0445","2026-05-21 07:30:00",528.8
"A0691","2026-05-21 07:40:00",484.4
"A0004","2026-05-21 07:50:00",542.7
"A0863","2026-05-21 08:00:00",586.3
"A1052","2026-05-21 08:10:00",581.1
"A1078","2026-05-21 08:20:00",521
"A0170","2026-05-21 08:30:00",492.8
"A1089","2026-05-21 08:40:00",610
"A0640","2026-05-21 08:50:00",577.5
"A0675","2026-05-21 09:00:00",511.9
"A0864","2026-05-21 09:10:00",535.9
"A0428","2026-05-21 09:20:00",532.8
"A0015","2026-05-21 09:30:00",547.1
"A1115","2026-05-21 09:40:00",571.4
"A0504","2026-05-21 09:50:00",513.2
"A0046","2026-05-21 10:00:00",538.3
"A0456","2026-05-21 10:10:00",517.9
"A0383","2026-05-21 10:20:00",573.8
"A1279","2026-05-21 10:30:00",599.2
"A0502","2026-05-21 10:40:00",518.3
"A0527","2026-05-21 10:50:00",524.5
"A0431","2026-05-21 11:00:00",557.8
"A0279","2026-05-21 11:10:00",594.1
"A1407","2026-05-21 11:20:00",560
"A1044","2026-05-21 11:30:00",547.5
"A0468","2026-05-21 11:40:00",500.2
"A0786","2026-05-21 11:50:00",442
"A1028","2026-05-21 12:00:00",488.2
"A0242","2026-05-21 12:10:00",470.8
"A0185","2026-05-21 12:20:00",553.6
"A0583","2026-05-21 12:30:00",540
"A0161","2026-05-21 12:40:00",538.7
"A0373","2026-05-21 12:50:00",567.6
"A0743","2026-05-21 13:00:00",534.6
"A1143","2026-05-21 13:10:00",587.2
"A0830","2026-05-21 13:20:00",517.5
"A0035","2026-05-21 13:30:00",541.3
"A0533","2026-05-21 13:40:00",535.9
"A0040","2026-05-21 13:50:00",487.5
"A1001","2026-05-21 14:00:00",585.6
"A0125","2026-05-21 14:10:00",480.9
"A0470","2026-05-21 14:20:00",613.6
"A1197","2026-05-21 14:30:00",523.8
"A0209","2026-05-21 14:40:00",537.7
"A0295","2026-05-21 14:50:00",547.9
"A0839","2026-05-21 15:00:00",519
"A0752","2026-05-21 15:10:00",594.4
"A0134","2026-05-21 15:20:00",528.9
"A0742","2026-05-21 15:30:00",560.6
"A0385","2026-05-21 15:40:00",526.3
"A1034","2026-05-21 15:50:00",489.3
"A0306","2026-05-21 16:00:00",482.7
"A1295","2026-05-21 16:10:00",474.5
"A0188","2026-05-21 16:20:00",576.3
"A1058","2026-05-21 16:30:00",526
"A0304","2026-05-21 16:40:00",547.6
"A0361","2026-05-21 16:50:00",528.4
"A0195","2026-05-21 17:00:00",541
"A1128","2026-05-21 17:10:00",584.4
"A0344","2026-05-21 17:20:00",568.9
"A0447","2026-05-21 17:30:00",587
"A1225","2026-05-21 17:40:00",562.4
"A1316","2026-05-21 17:50:00",571.7
"A0445","2026-05-21 18:00:00",497.9
"A0055","2026-05-21 18:10:00",508.2
"A0843","2026-05-21 18:20:00",508.4
"A0057","2026-05-21 18:30:00",495.5
"A0777","2026-05-21 18:40:00",518.8
"A0762","2026-05-21 18:50:00",538.5
"A0658","2026-05-21 19:00:00",529.9
"A1073","2026-05-21 19:10:00",578.1
"A1172","2026-05-21 19:20:00",556.8
"A0071","2026-05-21 19:30:00",512.8
"A0842","2026-05-21 19:40:00",522.6
"A0503","2026-05-21 19:50:00",579.4
"A1011","2026-05-21 20:00:00",481.8
"A0484","2026-05-21 20:10:00",527.4
"A0283","2026-05-21 20:20:00",526.2
"A1310","2026-05-21 20:30:00",518.3
"A0962","2026-05-21 20:40:00",540.4
"A0300","2026-05-21 20:50:00",483.2
"A0560","2026-05-21 21:00:00",497.8
"A0801","2026-05-21 21:10:00",576.3
"A1310","2026-05-21 21:20:00",585.8
"A0420","2026-05-21 21:30:00",493.7
"A0614","2026-05-21 21:40:00",515.3
"A0718","2026-05-21 21:50:00",557.8
"A0438","2026-05-21 22:00:00",561.4
"A0315","2026-05-21 22:10:00",488.4
"A1048","2026-05-21 22:20:00",566.6
"A0397","2026-05-21 22:30:00",599.2
"A0525","2026-05-21 22:40:00",529.6
"A0686","2026-05-21 22:50:00",510.9
"A0494","2026-05-21 23:00:00",551.8
"A0321","2026-05-21 23:10:00",591.4
"A0225","2026-05-21 23:20:00",564.8
"A0578","2026-05-21 23:30:00",511.4
"A1193","2026-05-21 23:40:00",523.5
"A0403","2026-05-21 23:50:00",518
"A0468","2026-05-22 00:00:00",515.5
"A0519","2026-05-22 00:10:00",538.8
"A0600","2026-05-22 00:20:00",550.1
"A0615","2026-05-22 00:30:00",521.5
"A0750","2026-05-22 00:40:00",515.3
"A0193","2026-05-22 00:50:00",513.7
"A0917","2026-05-22 01:00:00",506.3
"A0617","2026-05-22 01:10:00",525
"A0825","2026-05-22 01:20:00",528.2
"A1139","2026-05-22 01:30:00",571.1
"A0170","2026-05-22 01:40:00",554.9
"A0819","2026-05-22 01:50:00",630.4
"A1042","2026-05-22 02:00:00",528.1
"A0560","2026-05-22 02:10:00",527
"A0104","2026-05-22 02:20:00",502
"A1010","2026-05-22 02:30:00",546.3
"A0443","2026-05-22 02:40:00",546.6
"A1076","2026-05-22 02:50:00",514.6
"A0101","2026-05-22 03:00:00",496.2
"A0753","2026-05-22 03:10:00",589.9
"A1292","2026-05-22 03:20:00",669.6
"A0469","2026-05-22 03:30:00",533.4
"A0511","2026-05-22 03:40:00",540.7
"A0902","2026-05-22 03:50:00",547
"A0318","2026-05-22 04:00:00",546.9
"A0611","2026-05-22 04:10:00",561.9
"A1211","2026-05-22 04:20:00",526.2
"A0886","2026-05-22 04:30:00",457.4
"A0693","2026-05-22 04:40:00",577.2
"A0439","2026-05-22 04:50:00",548.1
"A0655","2026-05-22 05:00:00",547
"A1153","2026-05-22 05:10:00",501.4
"A0354","2026-05-22 05:20:00",540.3
"A1214","2026-05-22 05:30:00",538.6
"A0616","2026-05-22 05:40:00",546.6
"A0690","2026-05-22 05:50:00",545.5
"A1278","2026-05-22 06:00:00",510.5
"A1375","2026-05-22 06:10:00",558.2
"A0339","2026-05-22 06:20:00",543.7
"A0745","2026-05-22 06:30:00",532.5
"A0900","2026-05-22 06:40:00",528.1
"A0161","2026-05-22 06:50:00",586.3
"A0567","2026-05-22 07:00:00",524.2
"A0630","2026-05-22 07:10:00",545.1
"A0959","2026-05-22 07:20:00",556.2
"A0845","2026-05-22 07:30:00",568.7
"A1092","2026-05-22 07:40:00",565.4
"A0869","2026-05-22 07:50:00",523.6
"A1097","2026-05-22 08:00:00",526.1
"A0649","2026-05-22 08:10:00",575
"A0274","2026-05-22 08:20:00",533.7
"A0159","2026-05-22 08:30:00",569.4
"A0385","2026-05-22 08:40:00",471.5
"A1299","2026-05-22 08:50:00",555.2
"A1369","2026-05-22 09:00:00",537.9
"A1249","2026-05-22 09:10:00",548.7
"A0941","2026-05-22 09:20:00",515.3
"A0202","2026-05-22 09:30:00",459.2
"A0148","2026-05-22 09:40:00",566.5
"A0707","2026-05-22 09:50:00",478.6
"A0638","2026-05-22 10:00:00",508.8
"A0268","2026-05-22 10:10:00",531.4
"A0420","2026-05-22 10:20:00",538.7
"A0384","2026-05-22 10:30:00",533.8
"A0292","2026-05-22 10:40:00",540.4
"A0441","2026-05-22 10:50:00",573.1
"A1048","2026-05-22 11:00:00",532.4
"A0799","2026-05-22 11:10:00",556.9
"A1205","2026-05-22 11:20:00",454.3
"A0051","2026-05-22 11:30:00",544.1
"A1211","2026-05-22 11:40:00",538.1
"A1092","2026-05-22 11:50:00",557.2
"A1064","2026-05-22 12:00:00",520.4
"A1031","2026-05-22 12:10:00",578.4
"A1356","2026-05-22 12:20:00",546.5
"A1228","2026-05-22 12:30:00",531.4
"A0280","2026-05-22 12:40:00",519.5
"A0546","2026-05-22 12:50:00",573.2
"A0958","2026-05-22 13:00:00",477.2
"A1400","2026-05-22 13:10:00",504.5
"A0309","2026-05-22 13:20:00",486.6
"A0663","2026-05-22 13:30:00",589
"A1367","2026-05-22 13:40:00",570.2
"A0872","2026-05-22 13:50:00",478.2
"A0648","2026-05-22 14:00:00",528.5
"A0312","2026-05-22 14:10:00",570.7
"A0247","2026-05-22 14:20:00",575.4
"A0982","2026-05-22 14:30:00",595.2
"A1216","2026-05-22 14:40:00",537.9
"A0955","2026-05-22 14:50:00",566.5
"A0911","2026-05-22 15:00:00",541.7
"A0124","2026-05-22 15:10:00",553.7
"A0886","2026-05-22 15:20:00",513
"A1384","2026-05-22 15:30:00",531.1
"A0478","2026-05-22 15:40:00",544.2
"A0446","2026-05-22 15:50:00",609.1
"A0773","2026-05-22 16:00:00",538.1
"A0709","2026-05-22 16:10:00",569.1
"A1400","2026-05-22 16:20:00",554.3
"A1214","2026-05-22 16:30:00",498
"A1303","2026-05-22 16:40:00",483.1
"A1111","2026-05-22 16:50:00",574.4
"A0536","2026-05-22 17:00:00",578
"A0074","2026-05-22 17:10:00",476.8
"A0270","2026-05-22 17:20:00",560
"A0343","2026-05-22 17:30:00",586
"A0755","2026-05-22 17:40:00",488
"A1084","2026-05-22 17:50:00",523.1
"A1010","2026-05-22 18:00:00",598.4
"A1326","2026-05-22 18:10:00",558
"A1115","2026-05-22 18:20:00",508.2
"A0135","2026-05-22 18:30:00",518.2
"A0413","2026-05-22 18:40:00",503.9
"A0751","2026-05-22 18:50:00",523.6
"A1384","2026-05-22 19:00:00",568.9
"A0208","2026-05-22 19:10:00",508.4
"A0989","2026-05-22 19:20:00",527.4
"A0209","2026-05-22 19:30:00",573.8
"A0129","2026-05-22 19:40:00",510.1
"A0857","2026-05-22 19:50:00",510.8
"A0293","2026-05-22 20:00:00",577.5
"A1372","2026-05-22 20:10:00",534
"A0922","2026-05-22 20:20:00",518.9
"A0472","2026-05-22 20:30:00",556.9
"A0783","2026-05-22 20:40:00",561.6
"A0181","2026-05-22 20:50:00",493.7
"A1103","2026-05-22 21:00:00",596.3
"A1154","2026-05-22 21:10:00",504.6
"A0006","2026-05-22 21:20:00",543.7
"A0709","2026-05-22 21:30:00",555.7
"A1216","2026-05-22 21:40:00",597.8
"A1344","2026-05-22 21:50:00",556.1
"A0249","2026-05-22 22:00:00",583.2
"A0008","2026-05-22 22:10:00",541.6
"A0923","2026-05-22 22:20:00",543.3
"A0127","2026-05-22 22:30:00",498.7
"A0450","2026-05-22 22:40:00",622.7
"A0278","2026-05-22 22:50:00",549.7
"A0210","2026-05-22 23:00:00",597.1
"A0985","2026-05-22 23:10:00",548.1
"A0139","2026-05-22 23:20:00",507.3
"A0009","2026-05-22 23:30:00",577.2
"A0458","2026-05-22 23:40:00",571.3
"A1319","2026-05-22 23:50:00",518.9
"A0541","2026-05-23 00:00:00",521.3
"A1388","2026-05-23 00:10:00",584.3
"A0910","2026-05-23 00:20:00",513.9
"A1217","2026-05-23 00:30:00",520.5
"A1181","2026-05-23 00:40:00",480.6
"A0853","2026-05-23 00:50:00",563
"A0130","2026-05-23 01:00:00",548.3
"A0947","2026-05-23 01:10:00",514
"A0125","2026-05-23 01:20:00",521.2
"A1014","2026-05-23 01:30:00",544.4
"A1023","2026-05-23 01:40:00",530.6
"A0235","2026-05-23 01:50:00",512.8
"A0107","2026-05-23 02:00:00",608.2
"A0568","2026-05-23 02:10:00",543.7
"A1391","2026-05-23 02:20:00",570.3
"A0494","2026-05-23 02:30:00",556.1
"A0288","2026-05-23 02:40:00",520
"A0165","2026-05-23 02:50:00",528.5
"A0672","2026-05-23 03:00:00",537.9
"A1279","2026-05-23 03:10:00",532.8
"A1054","2026-05-23 03:20:00",507
"A0304","2026-05-23 03:30:00",579.6
"A0854","2026-05-23 03:40:00",508.6
"A0388","2026-05-23 03:50:00",507.8
"A1284","2026-05-23 04:00:00",589.3
"A0161","2026-05-23 04:10:00",565.5
"A0244","2026-05-23 04:20:00",522.9
"A0351","2026-05-23 04:30:00",565.2
"A1022","2026-05-23 04:40:00",581.2
"A1394","2026-05-23 04:50:00",456.3
"A0220","2026-05-23 05:00:00",532
"A0867","2026-05-23 05:10:00",518.2
"A0473","2026-05-23 05:20:00",538.6
"A0586","2026-05-23 05:30:00",563.2
"A1412","2026-05-23 05:40:00",588.3
"A0473","2026-05-23 05:50:00",560.4
"A0436","2026-05-23 06:00:00",539
"A0363","2026-05-23 06:10:00",534.9
"A0435","2026-05-23 06:20:00",585.8
"A0596","2026-05-23 06:30:00",521.5
"A1391","2026-05-23 06:40:00",495.9
"A0599","2026-05-23 06:50:00",479.2
"A0645","2026-05-23 07:00:00",535.1
"A0893","2026-05-23 07:10:00",516.9
"A1346","2026-05-23 07:20:00",497.2
"A0326","2026-05-23 07:30:00",507.2
"A1200","2026-05-23 07:40:00",553.3
"A0104","2026-05-23 07:50:00",465.7
"A1039","2026-05-23 08:00:00",561.8
"A0713","2026-05-23 08:10:00",540.5
"A0578","2026-05-23 08:20:00",479
"A0650","2026-05-23 08:30:00",547.1
"A0441","2026-05-23 08:40:00",516.1
"A0158","2026-05-23 08:50:00",545.5
"A0121","2026-05-23 09:00:00",496.4
"A0953","2026-05-23 09:10:00",545.2
"A0205","2026-05-23 09:20:00",539.1
"A0897","2026-05-23 09:30:00",508.8
"A1041","2026-05-23 09:40:00",435.9
"A0852","2026-05-23 09:50:00",530
"A1404","2026-05-23 10:00:00",560
"A0110","2026-05-23 10:10:00",510.8
"A1034","2026-05-23 10:20:00",609.6
"A0671","2026-05-23 10:30:00",491.4
"A1059","2026-05-23 10:40:00",498.7
"A0640","2026-05-23 10:50:00",531.6
"A0820","2026-05-23 11:00:00",490.3
"A0216","2026-05-23 11:10:00",567
"A0693","2026-05-23 11:20:00",506.8
"A0364","2026-05-23 11:30:00",541.7
"A0909","2026-05-23 11:40:00",491.9
"A0305","2026-05-23 11:50:00",503.7
"A1143","2026-05-23 12:00:00",517
"A0411","2026-05-23 12:10:00",608.1
"A1213","2026-05-23 12:20:00",521
"A0049","2026-05-23 12:30:00",502.6
"A1222","2026-05-23 12:40:00",561.7
"A1296","2026-05-23 12:50:00",592.7
"A1372","2026-05-23 13:00:00",508.6
"A1232","2026-05-23 13:10:00",524.8
"A1407","2026-05-23 13:20:00",555
"A1236","2026-05-23 13:30:00",499.8
"A0620","2026-05-23 13:40:00",544.6
"A0419","2026-05-23 13:50:00",471
"A1358","2026-05-23 14:00:00",527.6
"A1070","2026-05-23 14:10:00",505.1
"A0264","2026-05-23 14:20:00",508.3
"A0564","2026-05-23 14:30:00",550
"A0439","2026-05-23 14:40:00",524.8
"A1300","2026-05-23 14:50:00",534.5
"A1129","2026-05-23 15:00:00",502.7
"A1264","2026-05-23 15:10:00",547
"A0506","2026-05-23 15:20:00",537.9
"A1283","2026-05-23 15:30:00",520.7
"A1373","2026-05-23 15:40:00",508.1
"A0314","2026-05-23 15:50:00",561.4
"A0309","2026-05-23 16:00:00",545.1
"A1221","2026-05-23 16:10:00",507.1
"A0089","2026-05-23 16:20:00",590
"A0651","2026-05-23 16:30:00",520.9
"A0540","2026-05-23 16:40:00",579.6
"A0873","2026-05-23 16:50:00",542.5
"A0510","2026-05-23 17:00:00",508.5
"A0097","2026-05-23 17:10:00",483.8
"A0515","2026-05-23 17:20:00",497.6
"A0127","2026-05-23 17:30:00",539
"A0326","2026-05-23 17:40:00",544.2
"A0366","2026-05-23 17:50:00",508.6
"A0442","2026-05-23 18:00:00",535.9
"A0919","2026-05-23 18:10:00",585
"A1188","2026-05-23 18:20:00",539.4
"A0100","2026-05-23 18:30:00",541.8
"A0242","2026-05-23 18:40:00",556.8
"A1005","2026-05-23 18:50:00",589.1
"A0033","2026-05-23 19:00:00",478.6
"A0653","2026-05-23 19:10:00",496
"A0035","2026-05-23 19:20:00",477.8
"A0628","2026-05-23 19:30:00",501.9
"A0058","2026-05-23 19:40:00",565.4
"A0520","2026-05-23 19:50:00",552.6
"A0212","2026-05-23 20:00:00",547.9
"A0635","2026-05-23 20:10:00",544
"A0353","2026-05-23 20:20:00",515.3
"A0812","2026-05-23 20:30:00",537
"A1227","2026-05-23 20:40:00",548.9
"A1260","2026-05-23 20:50:00",580.4
"A0320","2026-05-23 21:00:00",513.2
"A0655","2026-05-23 21:10:00",580
"A0504","2026-05-23 21:20:00",562.8
"A0198","2026-05-23 21:30:00",563.3
"A1184","2026-05-23 21:40:00",539
"A1281","2026-05-23 21:50:00",490.2
"A0563","2026-05-23 22:00:00",555.2
"A1188","2026-05-23 22:10:00",514
"A0900","2026-05-23 22:20:00",532
"A0924","2026-05-23 22:30:00",607.3
"A1172","2026-05-23 22:40:00",478.5
"A0844","2026-05-23 22:50:00",551.5
"A0078","2026-05-23 23:00:00",645
"A0776","2026-05-23 23:10:00",609.3
"A0918","2026-05-23 23:20:00",458.9
"A1395","2026-05-23 23:30:00",507.5
"A0042","2026-05-23 23:40:00",465.5
"A0116","2026-05-23 23:50:00",548.2
"A0968","2026-05-24 00:00:00",533.1
"A0018","2026-05-24 00:10:00",491.9
"A1165","2026-05-24 00:20:00",568.9
"A0170","2026-05-24 00:30:00",465.8
"A0501","2026-05-24 00:40:00",537.8
"A0951","2026-05-24 00:50:00",539.1
"A1299","2026-05-24 01:00:00",549.9
"A1115","2026-05-24 01:10:00",553.8
"A0198","2026-05-24 01:20:00",556.3
"A1400","2026-05-24 01:30:00",508.7
"A1147","2026-05-24 01:40:00",542.1
"A0375","2026-05-24 01:50:00",543.8
"A0595","2026-05-24 02:00:00",591.2
"A0851","2026-05-24 02:10:00",523.1
"A1246","2026-05-24 02:20:00",522.1
"A0003","2026-05-24 02:30:00",498.7
"A0625","2026-05-24 02:40:00",652.8
"A0779","2026-05-24 02:50:00",575.8
"A1180","2026-05-24 03:00:00",598.4
"A1369","2026-05-24 03:10:00",515.6
"A1241","2026-05-24 03:20:00",511.4
"A1033","2026-05-24 03:30:00",513
"A0567","2026-05-24 03:40:00",585.4
"A0409","2026-05-24 03:50:00",569.1
"A0479","2026-05-24 04:00:00",592.5
"A1123","2026-05-24 04:10:00",568.1
"A0355","2026-05-24 04:20:00",549.4
"A0432","2026-05-24 04:30:00",566.9
"A1076","2026-05-24 04:40:00",522.4
"A0625","2026-05-24 04:50:00",648.1
"A0515","2026-05-24 05:00:00",569.4
"A1068","2026-05-24 05:10:00",495.2
"A0059","2026-05-24 05:20:00",571
"A0275","2026-05-24 05:30:00",525.7
"A1287","2026-05-24 05:40:00",568.3
"A0965","2026-05-24 05:50:00",515.7
"A0684","2026-05-24 06:00:00",579.9
"A0582","2026-05-24 06:10:00",516.8
"A1248","2026-05-24 06:20:00",582.6
"A0833","2026-05-24 06:30:00",517.1
"A0418","2026-05-24 06:40:00",587.4
"A1224","2026-05-24 06:50:00",548.1
"A0476","2026-05-24 07:00:00",533.8
"A0136","2026-05-24 07:10:00",517.6
"A0048","2026-05-24 07:20:00",502.8
"A0196","2026-05-24 07:30:00",527.3
"A1240","2026-05-24 07:40:00",462.3
"A0680","2026-05-24 07:50:00",562.8
"A1360","2026-05-24 08:00:00",530.6
"A1297","2026-05-24 08:10:00",556
"A0450","2026-05-24 08:20:00",536.1
"A0962","2026-05-24 08:30:00",521.1
"A0523","2026-05-24 08:40:00",671.6
"A0203","2026-05-24 08:50:00",551.2
"A0249","2026-05-24 09:00:00",539.4
"A1126","2026-05-24 09:10:00",493.3
"A0406","2026-05-24 09:20:00",526.7
"A0022","2026-05-24 09:30:00",546.5
"A0860","2026-05-24 09:40:00",561.8
"A0421","2026-05-24 09:50:00",548.4
"A1047","2026-05-24 10:00:00",465.7
"A1162","2026-05-24 10:10:00",524.8
"A0482","2026-05-24 10:20:00",619.9
"A0609","2026-05-24 10:30:00",528.4
"A0545","2026-05-24 10:40:00",518.1
"A0033","2026-05-24 10:50:00",544.9
"A0108","2026-05-24 11:00:00",527.5
"A1372","2026-05-24 11:10:00",565.7
"A0061","2026-05-24 11:20:00",548.9
"A1245","2026-05-24 11:30:00",522.3
"A1285","2026-05-24 11:40:00",492
"A1043","2026-05-24 11:50:00",520.8
"A0141","2026-05-24 12:00:00",592.6
"A0324","2026-05-24 12:10:00",585.1
"A0517","2026-05-24 12:20:00",526.1
"A0301","2026-05-24 12:30:00",513.6
"A0104","2026-05-24 12:40:00",547.2
"A1159","2026-05-24 12:50:00",533.5
"A0943","2026-05-24 13:00:00",471.3
"A0979","2026-05-24 13:10:00",494.7
"A0492","2026-05-24 13:20:00",571.1
"A0029","2026-05-24 13:30:00",546.5
"A0520","2026-05-24 13:40:00",548.2
"A1143","2026-05-24 13:50:00",547.8
"A0094","2026-05-24 14:00:00",503.9
"A0085","2026-05-24 14:10:00",562
"A1311","2026-05-24 14:20:00",536.4
"A0566","2026-05-24 14:30:00",605.7
"A0138","2026-05-24 14:40:00",552.1
"A0888","2026-05-24 14:50:00",561.5
"A0834","2026-05-24 15:00:00",547
"A1161","2026-05-24 15:10:00",505.7
"A0637","2026-05-24 15:20:00",584.5
"A0609","2026-05-24 15:30:00",553.5
"A0392","2026-05-24 15:40:00",552.4
"A0826","2026-05-24 15:50:00",594.9
"A1387","2026-05-24 16:00:00",561.9
"A0324","2026-05-24 16:10:00",494
"A0131","2026-05-24 16:20:00",487.1
"A1316","2026-05-24 16:30:00",545.4
"A0192","2026-05-24 16:40:00",599.4
"A0025","2026-05-24 16:50:00",528.1
"A1075","2026-05-24 17:00:00",548.7
"A0578","2026-05-24 17:10:00",549.4
"A0632","2026-05-24 17:20:00",564.3
"A0296","2026-05-24 17:30:00",572.2
"A0730","2026-05-24 17:40:00",572.6
"A0972","2026-05-24 17:50:00",563.5
"A0754","2026-05-24 18:00:00",528.9
"A0177","2026-05-24 18:10:00",539.4
"A1328","2026-05-24 18:20:00",559.5
"A0599","2026-05-24 18:30:00",575.8
"A0830","2026-05-24 18:40:00",565.1
"A1050","2026-05-24 18:50:00",559.1
"A0823","2026-05-24 19:00:00",610.8
"A0481","2026-05-24 19:10:00",551.4
"A0749","2026-05-24 19:20:00",548.8
"A0947","2026-05-24 19:30:00",556.1
"A1300","2026-05-24 19:40:00",577.5
"A0417","2026-05-24 19:50:00",578.1
"A1375","2026-05-24 20:00:00",530.3
"A1241","2026-05-24 20:10:00",597.5
"A1180","2026-05-24 20:20:00",516.3
"A0094","2026-05-24 20:30:00",542.8
"A0168","2026-05-24 20:40:00",492.9
"A1265","2026-05-24 20:50:00",522.6
"A0834","2026-05-24 21:00:00",524.8
"A0098","2026-05-24 21:10:00",517.1
"A0985","2026-05-24 21:20:00",524.2
"A0536","2026-05-24 21:30:00",571.3
"A1311","2026-05-24 21:40:00",499.4
"A0779","2026-05-24 21:50:00",520.3
"A0553","2026-05-24 22:00:00",564.2
"A1330","2026-05-24 22:10:00",480.1
"A0715","2026-05-24 22:20:00",566.6
"A0563","2026-05-24 22:30:00",523.1
"A0176","2026-05-24 22:40:00",570
"A1370","2026-05-24 22:50:00",498.6
"A0253","2026-05-24 23:00:00",521.1
"A0472","2026-05-24 23:10:00",538.3
"A1391","2026-05-24 23:20:00",530.4
"A1076","2026-05-24 23:30:00",507.7
"A0039","2026-05-24 23:40:00",553.9
"A1052","2026-05-24 23:50:00",558.9
"A0765","2026-05-25 00:00:00",589.7
"A0814","2026-05-25 00:10:00",578.6
"A0567","2026-05-25 00:20:00",516
"A0198","2026-05-25 00:30:00",537.2
"A0987","2026-05-25 00:40:00",578.1
"A0758","2026-05-25 00:50:00",496.9
"A0528","2026-05-25 01:00:00",486.5
"A0931","2026-05-25 01:10:00",554.2
"A0316","2026-05-25 01:20:00",511.9
"A0777","2026-05-25 01:30:00",557.2
"A1188","2026-05-25 01:40:00",627
"A0069","2026-05-25 01:50:00",574.3
"A1068","2026-05-25 02:00:00",563.5
"A0324","2026-05-25 02:10:00",530.6
"A0577","2026-05-25 02:20:00",596.6
"A1202","2026-05-25 02:30:00",494
"A1093","2026-05-25 02:40:00",577
"A0868","2026-05-25 02:50:00",581.3
"A1099","2026-05-25 03:00:00",489.6
"A1116","2026-05-25 03:10:00",506.2
"A1278","2026-05-25 03:20:00",497.1
"A1011","2026-05-25 03:30:00",557.1
"A1356","2026-05-25 03:40:00",571.8
"A0803","2026-05-25 03:50:00",514.6
"A0825","2026-05-25 04:00:00",582.9
"A1153","2026-05-25 04:10:00",515.4
"A0141","2026-05-25 04:20:00",481.6
"A0773","2026-05-25 04:30:00",508.2
"A1036","2026-05-25 04:40:00",573.2
"A0104","2026-05-25 04:50:00",544
"A0426","2026-05-25 05:00:00",541.6
"A1058","2026-05-25 05:10:00",557.1
"A0900","2026-05-25 05:20:00",515.8
"A0955","2026-05-25 05:30:00",578.4
"A0632","2026-05-25 05:40:00",519.1
"A0019","2026-05-25 05:50:00",523.2
"A0314","2026-05-25 06:00:00",507.4
"A0530","2026-05-25 06:10:00",521.7
"A1106","2026-05-25 06:20:00",578.4
"A0026","2026-05-25 06:30:00",571.1
"A0320","2026-05-25 06:40:00",536.6
"A0981","2026-05-25 06:50:00",515.6
"A0331","2026-05-25 07:00:00",537.2
"A0120","2026-05-25 07:10:00",506.2
"A0506","2026-05-25 07:20:00",528.3
"A1351","2026-05-25 07:30:00",515.2
"A0405","2026-05-25 07:40:00",533.1
"A0738","2026-05-25 07:50:00",523.7
"A0782","2026-05-25 08:00:00",532.6
"A0362","2026-05-25 08:10:00",558.2
"A0648","2026-05-25 08:20:00",554.9
"A1029","2026-05-25 08:30:00",524.5
"A0248","2026-05-25 08:40:00",565.3
"A1407","2026-05-25 08:50:00",473.1
"A1178","2026-05-25 09:00:00",585.4
"A0525","2026-05-25 09:10:00",583.7
"A0649","2026-05-25 09:20:00",565.4
"A0724","2026-05-25 09:30:00",550.9
"A1018","2026-05-25 09:40:00",508
"A0095","2026-05-25 09:50:00",487.4
"A0512","2026-05-25 10:00:00",575.3
"A1241","2026-05-25 10:10:00",540.7
"A0424","2026-05-25 10:20:00",601.3
"A0828","2026-05-25 10:30:00",514.6
"A0422","2026-05-25 10:40:00",502.5
"A0162","2026-05-25 10:50:00",514.4
"A1135","2026-05-25 11:00:00",534.1
"A0153","2026-05-25 11:10:00",496.9
"A1250","2026-05-25 11:20:00",611
"A0099","2026-05-25 11:30:00",487.7
"A0890","2026-05-25 11:40:00",484.9
"A1155","2026-05-25 11:50:00",529.5
"A0002","2026-05-25 12:00:00",513.2
"A1034","2026-05-25 12:10:00",500.9
"A0699","2026-05-25 12:20:00",630.5
"A0154","2026-05-25 12:30:00",507
"A1173","2026-05-25 12:40:00",581.8
"A0713","2026-05-25 12:50:00",590
"A1247","2026-05-25 13:00:00",523.2
"A0152","2026-05-25 13:10:00",562.5
"A1060","2026-05-25 13:20:00",480.5
"A0671","2026-05-25 13:30:00",525.9
"A0067","2026-05-25 13:40:00",520.7
"A0126","2026-05-25 13:50:00",557.2
"A1087","2026-05-25 14:00:00",589.4
"A0059","2026-05-25 14:10:00",492.1
"A1203","2026-05-25 14:20:00",591.9
"A0231","2026-05-25 14:30:00",603.2
"A0415","2026-05-25 14:40:00",529.1
"A1039","2026-05-25 14:50:00",485.1
"A1052","2026-05-25 15:00:00",559.1
"A0246","2026-05-25 15:10:00",543.6
"A0834","2026-05-25 15:20:00",512.3
"A0879","2026-05-25 15:30:00",606.2
"A0339","2026-05-25 15:40:00",514.7
"A0806","2026-05-25 15:50:00",547.8
"A1069","2026-05-25 16:00:00",555
"A1018","2026-05-25 16:10:00",486.9
"A0198","2026-05-25 16:20:00",591.2
"A0286","2026-05-25 16:30:00",604.9
"A1035","2026-05-25 16:40:00",559.4
"A0676","2026-05-25 16:50:00",581.1
"A0068","2026-05-25 17:00:00",519.3
"A1044","2026-05-25 17:10:00",529.5
"A0236","2026-05-25 17:20:00",559.5
"A0684","2026-05-25 17:30:00",551.1
"A0796","2026-05-25 17:40:00",511.5
"A1400","2026-05-25 17:50:00",542.4
"A0172","2026-05-25 18:00:00",583.3
"A0717","2026-05-25 18:10:00",514.7
"A1198","2026-05-25 18:20:00",522.4
"A1057","2026-05-25 18:30:00",501.5
"A0779","2026-05-25 18:40:00",566.4
"A1039","2026-05-25 18:50:00",511.6
"A1139","2026-05-25 19:00:00",560.3
"A1152","2026-05-25 19:10:00",506.2
"A1075","2026-05-25 19:20:00",504.2
"A1224","2026-05-25 19:30:00",537
"A0967","2026-05-25 19:40:00",496.8
"A0618","2026-05-25 19:50:00",591.2
"A0711","2026-05-25 20:00:00",550.1
"A0040","2026-05-25 20:10:00",528.5
"A0967","2026-05-25 20:20:00",490.9
"A0278","2026-05-25 20:30:00",456.7
"A1170","2026-05-25 20:40:00",592.1
"A0237","2026-05-25 20:50:00",603.1
"A0564","2026-05-25 21:00:00",569.4
"A0313","2026-05-25 21:10:00",506.3
"A0534","2026-05-25 21:20:00",589.5
"A1243","2026-05-25 21:30:00",568.5
"A0263","2026-05-25 21:40:00",493.7
"A1150","2026-05-25 21:50:00",602.6
"A0988","2026-05-25 22:00:00",480
"A0857","2026-05-25 22:10:00",473
"A1192","2026-05-25 22:20:00",558.6
"A0278","2026-05-25 22:30:00",500.8
"A0100","2026-05-25 22:40:00",465.8
"A0745","2026-05-25 22:50:00",493.9
"A0267","2026-05-25 23:00:00",642.6
"A0514","2026-05-25 23:10:00",557.8
"A0652","2026-05-25 23:20:00",493
"A0145","2026-05-25 23:30:00",524
"A0745","2026-05-25 23:40:00",554.7
"A0657","2026-05-25 23:50:00",528.9
"A0160","2026-05-26 00:00:00",552.6
"A0044","2026-05-26 00:10:00",530.9
"A0237","2026-05-26 00:20:00",570.2
"A1364","2026-05-26 00:30:00",568.7
"A0933","2026-05-26 00:40:00",572.8
"A0329","2026-05-26 00:50:00",533.5
"A0855","2026-05-26 01:00:00",484.5
"A0581","2026-05-26 01:10:00",605.9
"A0629","2026-05-26 01:20:00",523.3
"A0600","2026-05-26 01:30:00",523.2
"A1333","2026-05-26 01:40:00",626.2
"A0670","2026-05-26 01:50:00",573.9
"A0132","2026-05-26 02:00:00",536.5
"A0937","2026-05-26 02:10:00",564.7
"A1170","2026-05-26 02:20:00",552.2
"A0659","2026-05-26 02:30:00",545.5
"A1295","2026-05-26 02:40:00",523.6
"A0536","2026-05-26 02:50:00",584
"A1298","2026-05-26 03:00:00",564.3
"A0081","2026-05-26 03:10:00",533.7
"A1086","2026-05-26 03:20:00",567
"A1326","2026-05-26 03:30:00",539.6
"A0726","2026-05-26 03:40:00",547
"A1048","2026-05-26 03:50:00",591.2
"A0313","2026-05-26 04:00:00",552.8
"A0078","2026-05-26 04:10:00",553.1
"A0249","2026-05-26 04:20:00",568.1
"A0824","2026-05-26 04:30:00",522.7
"A0155","2026-05-26 04:40:00",501.6
"A0266","2026-05-26 04:50:00",582.1
"A1079","2026-05-26 05:00:00",585
"A0545","2026-05-26 05:10:00",567.2
"A0093","2026-05-26 05:20:00",578.2
"A0721","2026-05-26 05:30:00",589.3
"A1275","2026-05-26 05:40:00",521.6
"A0494","2026-05-26 05:50:00",588
"A0368","2026-05-26 06:00:00",545.3
"A0243","2026-05-26 06:10:00",458
"A1030","2026-05-26 06:20:00",557.8
"A0971","2026-05-26 06:30:00",552.1
"A1299","2026-05-26 06:40:00",417.9
"A0654","2026-05-26 06:50:00",504.1
"A1221","2026-05-26 07:00:00",502.2
"A0215","2026-05-26 07:10:00",527.9
"A0514","2026-05-26 07:20:00",529.6
"A0555","2026-05-26 07:30:00",555
"A0160","2026-05-26 07:40:00",555.9
"A0809","2026-05-26 07:50:00",470.9
"A0901","2026-05-26 08:00:00",536.4
"A1033","2026-05-26 08:10:00",518.4
"A0824","2026-05-26 08:20:00",549.5
"A0010","2026-05-26 08:30:00",533.8
"A0048","2026-05-26 08:40:00",501.7
"A0415","2026-05-26 08:50:00",518.6
"A0405","2026-05-26 09:00:00",560.7
"A0928","2026-05-26 09:10:00",523
"A0857","2026-05-26 09:20:00",531.4
"A0610","2026-05-26 09:30:00",490
"A0633","2026-05-26 09:40:00",538.5
"A0920","2026-05-26 09:50:00",550.4
"A0747","2026-05-26 10:00:00",494.3
"A0546","2026-05-26 10:10:00",613.2
"A0787","2026-05-26 10:20:00",610.3
"A0325","2026-05-26 10:30:00",551.1
"A0057","2026-05-26 10:40:00",569.1
"A1016","2026-05-26 10:50:00",484.6
"A0774","2026-05-26 11:00:00",538.7
"A1171","2026-05-26 11:10:00",553.2
"A0476","2026-05-26 11:20:00",517
"A1075","2026-05-26 11:30:00",456.5
"A1358","2026-05-26 11:40:00",533.8
"A0431","2026-05-26 11:50:00",529
"A0717","2026-05-26 12:00:00",531.4
"A0231","2026-05-26 12:10:00",541
"A0875","2026-05-26 12:20:00",562.4
"A0232","2026-05-26 12:30:00",553.6
"A0453","2026-05-26 12:40:00",580.8
"A0443","2026-05-26 12:50:00",543.1
"A1369","2026-05-26 13:00:00",553.8
"A0874","2026-05-26 13:10:00",532.2
"A0307","2026-05-26 13:20:00",547.2
"A0499","2026-05-26 13:30:00",481.7
"A1364","2026-05-26 13:40:00",501.1
"A1404","2026-05-26 13:50:00",528.1
"A0708","2026-05-26 14:00:00",565.8
"A0707","2026-05-26 14:10:00",498.4
"A1285","2026-05-26 14:20:00",516.5
"A0099","2026-05-26 14:30:00",595.2
"A1106","2026-05-26 14:40:00",560.4
"A1015","2026-05-26 14:50:00",499.4
"A1303","2026-05-26 15:00:00",552.5
"A0637","2026-05-26 15:10:00",557.9
"A0448","2026-05-26 15:20:00",557.6
"A0193","2026-05-26 15:30:00",575.5
"A0667","2026-05-26 15:40:00",559.2
"A0581","2026-05-26 15:50:00",476.2
"A0098","2026-05-26 16:00:00",527.8
"A0132","2026-05-26 16:10:00",558.6
"A0119","2026-05-26 16:20:00",548.2
"A0140","2026-05-26 16:30:00",525.4
"A0780","2026-05-26 16:40:00",547.5
"A0425","2026-05-26 16:50:00",556.4
"A1377","2026-05-26 17:00:00",601.2
"A0395","2026-05-26 17:10:00",557.6
"A0537","2026-05-26 17:20:00",508.7
"A1198","2026-05-26 17:30:00",587.2
"A1207","2026-05-26 17:40:00",548.4
"A0327","2026-05-26 17:50:00",522.4
"A0386","2026-05-26 18:00:00",571.7
"A0870","2026-05-26 18:10:00",572.3
"A0175","2026-05-26 18:20:00",570.2
"A0904","2026-05-26 18:30:00",557.6
"A1063","2026-05-26 18:40:00",469.8
"A0548","2026-05-26 18:50:00",573.3
"A0826","2026-05-26 19:00:00",557
"A0650","2026-05-26 19:10:00",484.5
"A0735","2026-05-26 19:20:00",524.2
"A0220","2026-05-26 19:30:00",577.4
"A0264","2026-05-26 19:40:00",483.6
"A0029","2026-05-26 19:50:00",540.1
"A0755","2026-05-26 20:00:00",527.7
"A0321","2026-05-26 20:10:00",587
"A1085","2026-05-26 20:20:00",605.1
"A0829","2026-05-26 20:30:00",556.7
"A1234","2026-05-26 20:40:00",567.5
"A1042","2026-05-26 20:50:00",493.9
"A0740","2026-05-26 21:00:00",538.4
"A1037","2026-05-26 21:10:00",542.7
"A0557","2026-05-26 21:20:00",513.2
"A0761","2026-05-26 21:30:00",509.1
"A0933","2026-05-26 21:40:00",542.9
"A0614","2026-05-26 21:50:00",599.7
"A0324","2026-05-26 22:00:00",581.3
"A0993","2026-05-26 22:10:00",580.1
"A1270","2026-05-26 22:20:00",506.5
"A0074","2026-05-26 22:30:00",541.4
"A0564","2026-05-26 22:40:00",479.9
"A0407","2026-05-26 22:50:00",534.8
"A0263","2026-05-26 23:00:00",502.7
"A1104","2026-05-26 23:10:00",577.7
"A0831","2026-05-26 23:20:00",549.3
"A0523","2026-05-26 23:30:00",482.6
"A0591","2026-05-26 23:40:00",456.6
"A0386","2026-05-26 23:50:00",587.4
"A0636","2026-05-27 00:00:00",543.7
"A1226","2026-05-27 00:10:00",552.9
"A1068","2026-05-27 00:20:00",508.4
"A0421","2026-05-27 00:30:00",552.7
"A0838","2026-05-27 00:40:00",543.3
"A0967","2026-05-27 00:50:00",510.3
"A0629","2026-05-27 01:00:00",538.1
"A0767","2026-05-27 01:10:00",541.3
"A0652","2026-05-27 01:20:00",540
"A0846","2026-05-27 01:30:00",553.4
"A1401","2026-05-27 01:40:00",534.5
"A1409","2026-05-27 01:50:00",459.7
"A1198","2026-05-27 02:00:00",534.9
"A0957","2026-05-27 02:10:00",579.6
"A1377","2026-05-27 02:20:00",503.1
"A0848","2026-05-27 02:30:00",522
"A1309","2026-05-27 02:40:00",524.4
"A0982","2026-05-27 02:50:00",518.2
"A1220","2026-05-27 03:00:00",496.1
"A0668","2026-05-27 03:10:00",533.3
"A0336","2026-05-27 03:20:00",562.1
"A1180","2026-05-27 03:30:00",561.5
"A0689","2026-05-27 03:40:00",595.1
"A0152","2026-05-27 03:50:00",527.1
"A1364","2026-05-27 04:00:00",518.9
"A0818","2026-05-27 04:10:00",539.4
"A0715","2026-05-27 04:20:00",524.1
"A0075","2026-05-27 04:30:00",536.5
"A1209","2026-05-27 04:40:00",491.9
"A0125","2026-05-27 04:50:00",561.3
"A0501","2026-05-27 05:00:00",550.9
"A0043","2026-05-27 05:10:00",510.9
"A0209","2026-05-27 05:20:00",505.4
"A1263","2026-05-27 05:30:00",549.3
"A0274","2026-05-27 05:40:00",520.7
"A0965","2026-05-27 05:50:00",495.2
"A1037","2026-05-27 06:00:00",527.1
"A0311","2026-05-27 06:10:00",523.3
"A0441","2026-05-27 06:20:00",575.6
"A0465","2026-05-27 06:30:00",521.3
"A0376","2026-05-27 06:40:00",535.5
"A0725","2026-05-27 06:50:00",493.2
"A0437","2026-05-27 07:00:00",572.4
"A1278","2026-05-27 07:10:00",545.9
"A0216","2026-05-27 07:20:00",475.9
"A0619","2026-05-27 07:30:00",525.1
"A1293","2026-05-27 07:40:00",585
"A0356","2026-05-27 07:50:00",571.9
"A0115","2026-05-27 08:00:00",556.5
"A0322","2026-05-27 08:10:00",556.8
"A0613","2026-05-27 08:20:00",542.3
"A1192","2026-05-27 08:30:00",547.7
"A0964","2026-05-27 08:40:00",500.5
"A0907","2026-05-27 08:50:00",592.4
"A0685","2026-05-27 09:00:00",565.8
"A0365","2026-05-27 09:10:00",517.3
"A0314","2026-05-27 09:20:00",529
"A0852","2026-05-27 09:30:00",544.4
"A0811","2026-05-27 09:40:00",519.8
"A1194","2026-05-27 09:50:00",470.4
"A0877","2026-05-27 10:00:00",527.7
"A0690","2026-05-27 10:10:00",551.4
"A1061","2026-05-27 10:20:00",517.8
"A1035","2026-05-27 10:30:00",499.3
"A0278","2026-05-27 10:40:00",551.9
"A0538","2026-05-27 10:50:00",592.3
"A0620","2026-05-27 11:00:00",476
"A0487","2026-05-27 11:10:00",521.8
"A0738","2026-05-27 11:20:00",464.5
"A0498","2026-05-27 11:30:00",554.6
"A0849","2026-05-27 11:40:00",464.7
"A0485","2026-05-27 11:50:00",557.7
"A0285","2026-05-27 12:00:00",554.9
"A0471","2026-05-27 12:10:00",536.2
"A0253","2026-05-27 12:20:00",573.8
"A0604","2026-05-27 12:30:00",582
"A0942","2026-05-27 12:40:00",561
"A1331","2026-05-27 12:50:00",570.9
"A1209","2026-05-27 13:00:00",511.4
"A0337","2026-05-27 13:10:00",578.4
"A0247","2026-05-27 13:20:00",505.2
"A1084","2026-05-27 13:30:00",573
"A0992","2026-05-27 13:40:00",536.9
"A0670","2026-05-27 13:50:00",592
"A1074","2026-05-27 14:00:00",560.2
"A1084","2026-05-27 14:10:00",540.9
"A1261","2026-05-27 14:20:00",555.4
"A1009","2026-05-27 14:30:00",581.3
"A0459","2026-05-27 14:40:00",495.1
"A0547","2026-05-27 14:50:00",601.2
"A0295","2026-05-27 15:00:00",528
"A0032","2026-05-27 15:10:00",555.7
"A0048","2026-05-27 15:20:00",476.1
"A0376","2026-05-27 15:30:00",530.6
"A0745","2026-05-27 15:40:00",530
"A0073","2026-05-27 15:50:00",575.8
"A0081","2026-05-27 16:00:00",523.2
"A0259","2026-05-27 16:10:00",574.3
"A0213","2026-05-27 16:20:00",569.3
"A0658","2026-05-27 16:30:00",502.7
"A1384","2026-05-27 16:40:00",602.8
"A0720","2026-05-27 16:50:00",486.1
"A0877","2026-05-27 17:00:00",483.8
"A0735","2026-05-27 17:10:00",626.3
"A0841","2026-05-27 17:20:00",501.8
"A0494","2026-05-27 17:30:00",527
"A0067","2026-05-27 17:40:00",519.3
"A0486","2026-05-27 17:50:00",530.6
"A1119","2026-05-27 18:00:00",529.4
"A0010","2026-05-27 18:10:00",566.4
"A0644","2026-05-27 18:20:00",541.2
"A0244","2026-05-27 18:30:00",539.6
"A1003","2026-05-27 18:40:00",536.6
"A1160","2026-05-27 18:50:00",540
"A0638","2026-05-27 19:00:00",536.1
"A0120","2026-05-27 19:10:00",563
"A0537","2026-05-27 19:20:00",537
"A0204","2026-05-27 19:30:00",564.4
"A0245","2026-05-27 19:40:00",538.9
"A0562","2026-05-27 19:50:00",569
"A0906","2026-05-27 20:00:00",564.8
"A1030","2026-05-27 20:10:00",506.4
"A1326","2026-05-27 20:20:00",500
"A0413","2026-05-27 20:30:00",486.4
"A0567","2026-05-27 20:40:00",499
"A0858","2026-05-27 20:50:00",434.3
"A1124","2026-05-27 21:00:00",598.7
"A1206","2026-05-27 21:10:00",575.6
"A0321","2026-05-27 21:20:00",510.3
"A1085","2026-05-27 21:30:00",521.5
"A0342","2026-05-27 21:40:00",605.5
"A0441","2026-05-27 21:50:00",484.4
"A0032","2026-05-27 22:00:00",539.2
"A1044","2026-05-27 22:10:00",491.6
"A1006","2026-05-27 22:20:00",555.2
"A0245","2026-05-27 22:30:00",593.8
"A0176","2026-05-27 22:40:00",565.1
"A0973","2026-05-27 22:50:00",555.7
"A1321","2026-05-27 23:00:00",511.2
"A1308","2026-05-27 23:10:00",589.6
"A0341","2026-05-27 23:20:00",545.2
"A0934","2026-05-27 23:30:00",581.6
"A0455","2026-05-27 23:40:00",562.9
"A0016","2026-05-27 23:50:00",526.9
"A1385","2026-05-28 00:00:00",556.9
"A0684","2026-05-28 00:10:00",540.6
"A0851","2026-05-28 00:20:00",561.8
"A0816","2026-05-28 00:30:00",467.8
"A0945","2026-05-28 00:40:00",525.8
"A0171","2026-05-28 00:50:00",492.7
"A0729","2026-05-28 01:00:00",553.1
"A0258","2026-05-28 01:10:00",502.3
"A1406","2026-05-28 01:20:00",498.8
"A0147","2026-05-28 01:30:00",524
"A0870","2026-05-28 01:40:00",516.1
"A1340","2026-05-28 01:50:00",522
"A0320","2026-05-28 02:00:00",550.4
"A1405","2026-05-28 02:10:00",537.8
"A0079","2026-05-28 02:20:00",548.2
"A0646","2026-05-28 02:30:00",497.7
"A0635","2026-05-28 02:40:00",551.3
"A0508","2026-05-28 02:50:00",515.3
"A1062","2026-05-28 03:00:00",536.2
"A0076","2026-05-28 03:10:00",503.2
"A0314","2026-05-28 03:20:00",551.2
"A1143","2026-05-28 03:30:00",558.4
"A1275","2026-05-28 03:40:00",544.1
"A0086","2026-05-28 03:50:00",543.8
"A0233","2026-05-28 04:00:00",580.6
"A0194","2026-05-28 04:10:00",559
"A1090","2026-05-28 04:20:00",570.6
"A0020","2026-05-28 04:30:00",526.9
"A0316","2026-05-28 04:40:00",531.9
"A1222","2026-05-28 04:50:00",565.9
"A1007","2026-05-28 05:00:00",545.5
"A1046","2026-05-28 05:10:00",553.5
"A0155","2026-05-28 05:20:00",613.4
"A0715","2026-05-28 05:30:00",573.9
"A1098","2026-05-28 05:40:00",563.7
"A0617","2026-05-28 05:50:00",618.6
"A0401","2026-05-28 06:00:00",508.7
"A0617","2026-05-28 06:10:00",568.1
"A0339","2026-05-28 06:20:00",520.6
"A0243","2026-05-28 06:30:00",552.2
"A1115","2026-05-28 06:40:00",488.5
"A0330","2026-05-28 06:50:00",501.4
"A0640","2026-05-28 07:00:00",577.3
"A1116","2026-05-28 07:10:00",488.9
"A0713","2026-05-28 07:20:00",495.2
"A0977","2026-05-28 07:30:00",553.3
"A0775","2026-05-28 07:40:00",521
"A0007","2026-05-28 07:50:00",505.8
"A0661","2026-05-28 08:00:00",503.6
"A0109","2026-05-28 08:10:00",523
"A0012","2026-05-28 08:20:00",573.5
"A0150","2026-05-28 08:30:00",529.3
"A0004","2026-05-28 08:40:00",566.1
"A1294","2026-05-28 08:50:00",496.6
"A0407","2026-05-28 09:00:00",543.3
"A0505","2026-05-28 09:10:00",545.4
"A0600","2026-05-28 09:20:00",544.5
"A0642","2026-05-28 09:30:00",508.8
"A0141","2026-05-28 09:40:00",541.2
"A1359","2026-05-28 09:50:00",566.6
"A0242","2026-05-28 10:00:00",539.4
"A0116","2026-05-28 10:10:00",554.4
"A0390","2026-05-28 10:20:00",564.5
"A1006","2026-05-28 10:30:00",586.8
"A0118","2026-05-28 10:40:00",537.9
"A0078","2026-05-28 10:50:00",494.3
"A0533","2026-05-28 11:00:00",569.7
"A0314","2026-05-28 11:10:00",588.9
"A0678","2026-05-28 11:20:00",540.1
"A0440","2026-05-28 11:30:00",507.1
"A0744","2026-05-28 11:40:00",492.2
"A0980","2026-05-28 11:50:00",511.5
"A0335","2026-05-28 12:00:00",544.6
"A0655","2026-05-28 12:10:00",545.8
"A0082","2026-05-28 12:20:00",548.6
"A0558","2026-05-28 12:30:00",533.4
"A0659","2026-05-28 12:40:00",518.2
"A1346","2026-05-28 12:50:00",493.3
"A0142","2026-05-28 13:00:00",571.6
"A1226","2026-05-28 13:10:00",552.5
"A1204","2026-05-28 13:20:00",489.2
"A0093","2026-05-28 13:30:00",544.7
"A0483","2026-05-28 13:40:00",538.2
"A0007","2026-05-28 13:50:00",574.4
"A0719","2026-05-28 14:00:00",489.3
"A1118","2026-05-28 14:10:00",482.5
"A0974","2026-05-28 14:20:00",536.1
"A1082","2026-05-28 14:30:00",570
"A0247","2026-05-28 14:40:00",537.9
"A1376","2026-05-28 14:50:00",494.9
"A0745","2026-05-28 15:00:00",566.5
"A1367","2026-05-28 15:10:00",654.4
"A1277","2026-05-28 15:20:00",496.5
"A1372","2026-05-28 15:30:00",559.6
"A1109","2026-05-28 15:40:00",552.4
"A1273","2026-05-28 15:50:00",490.8
"A0678","2026-05-28 16:00:00",595.1
"A1299","2026-05-28 16:10:00",525.7
"A0339","2026-05-28 16:20:00",479.9
"A0200","2026-05-28 16:30:00",513.1
"A0499","2026-05-28 16:40:00",504
"A0645","2026-05-28 16:50:00",581.1
"A0414","2026-05-28 17:00:00",472.6
"A0063","2026-05-28 17:10:00",562
"A0041","2026-05-28 17:20:00",582.6
"A0387","2026-05-28 17:30:00",594.4
"A0836","2026-05-28 17:40:00",499.1
"A1007","2026-05-28 17:50:00",603.9
"A0764","2026-05-28 18:00:00",593.6
"A1151","2026-05-28 18:10:00",580.1
"A0004","2026-05-28 18:20:00",566.3
"A0120","2026-05-28 18:30:00",482.5
"A0321","2026-05-28 18:40:00",527.4
"A0785","2026-05-28 18:50:00",548.5
"A0498","2026-05-28 19:00:00",593.2
"A0412","2026-05-28 19:10:00",540.4
"A0706","2026-05-28 19:20:00",548.6
"A0979","2026-05-28 19:30:00",521.4
"A0613","2026-05-28 19:40:00",568.9
"A0129","2026-05-28 19:50:00",555.8
"A1116","2026-05-28 20:00:00",527.3
"A1363","2026-05-28 20:10:00",531.5
"A1097","2026-05-28 20:20:00",635.7
"A0656","2026-05-28 20:30:00",540.1
"A0324","2026-05-28 20:40:00",513.3
"A1243","2026-05-28 20:50:00",536.8
"A0152","2026-05-28 21:00:00",523.6
"A1373","2026-05-28 21:10:00",528.9
"A0816","2026-05-28 21:20:00",515.4
"A0077","2026-05-28 21:30:00",483.1
"A0046","2026-05-28 21:40:00",594.5
"A0511","2026-05-28 21:50:00",578.9
"A0867","2026-05-28 22:00:00",567.1
"A0097","2026-05-28 22:10:00",557.8
"A0894","2026-05-28 22:20:00",525.3
"A0831","2026-05-28 22:30:00",521.5
"A0179","2026-05-28 22:40:00",490.1
"A0721","2026-05-28 22:50:00",600.7
"A1337","2026-05-28 23:00:00",598.1
"A1404","2026-05-28 23:10:00",510.1
"A0527","2026-05-28 23:20:00",549.4
"A0790","2026-05-28 23:30:00",509.9
"A0786","2026-05-28 23:40:00",486.9
"A0640","2026-05-28 23:50:00",539.4
"A0546","2026-05-29 00:00:00",516
"A0179","2026-05-29 00:10:00",545.6
"A0106","2026-05-29 00:20:00",530.8
"A1033","2026-05-29 00:30:00",563.7
"A0690","2026-05-29 00:40:00",549.5
"A1259","2026-05-29 00:50:00",585.2
"A1412","2026-05-29 01:00:00",509.1
"A0387","2026-05-29 01:10:00",511.3
"A1206","2026-05-29 01:20:00",537.3
"A0313","2026-05-29 01:30:00",583.2
"A0100","2026-05-29 01:40:00",505.5
"A1138","2026-05-29 01:50:00",556.4
"A0083","2026-05-29 02:00:00",504.1
"A0377","2026-05-29 02:10:00",573.4
"A0619","2026-05-29 02:20:00",518.8
"A0106","2026-05-29 02:30:00",538.7
"A0640","2026-05-29 02:40:00",610.8
"A0704","2026-05-29 02:50:00",548.1
"A0322","2026-05-29 03:00:00",497.3
"A0442","2026-05-29 03:10:00",563.1
"A1219","2026-05-29 03:20:00",535
"A0883","2026-05-29 03:30:00",534.2
"A0141","2026-05-29 03:40:00",501.7
"A1174","2026-05-29 03:50:00",470.1
"A0648","2026-05-29 04:00:00",487.6
"A0262","2026-05-29 04:10:00",565.5
"A0456","2026-05-29 04:20:00",557.8
"A0315","2026-05-29 04:30:00",523.8
"A1152","2026-05-29 04:40:00",496
"A0796","2026-05-29 04:50:00",530.5
"A1404","2026-05-29 05:00:00",500.3
"A0267","2026-05-29 05:10:00",528.4
"A0811","2026-05-29 05:20:00",443.5
"A0334","2026-05-29 05:30:00",594.5
"A0302","2026-05-29 05:40:00",546
"A0280","2026-05-29 05:50:00",600.6
"A0474","2026-05-29 06:00:00",558.4
"A0177","2026-05-29 06:10:00",514.8
"A0950","2026-05-29 06:20:00",516.7
"A0417","2026-05-29 06:30:00",557.1
"A0566","2026-05-29 06:40:00",558.6
"A0601","2026-05-29 06:50:00",576.5
"A1343","2026-05-29 07:00:00",468.3
"A1273","2026-05-29 07:10:00",573.7
"A0201","2026-05-29 07:20:00",505.6
"A0544","2026-05-29 07:30:00",486.8
"A0780","2026-05-29 07:40:00",571.1
"A0912","2026-05-29 07:50:00",548.7
"A0033","2026-05-29 08:00:00",539.4
"A0191","2026-05-29 08:10:00",546.1
"A1385","2026-05-29 08:20:00",464.4
"A0547","2026-05-29 08:30:00",528.4
"A1138","2026-05-29 08:40:00",545.5
"A0765","2026-05-29 08:50:00",581.3
"A0790","2026-05-29 09:00:00",506.7
"A0841","2026-05-29 09:10:00",541.8
"A0070","2026-05-29 09:20:00",501.2
"A0006","2026-05-29 09:30:00",531.9
"A0933","2026-05-29 09:40:00",572.1
"A0525","2026-05-29 09:50:00",592.9
"A1365","2026-05-29 10:00:00",465.8
"A0817","2026-05-29 10:10:00",520.7
"A0176","2026-05-29 10:20:00",605.3
"A0028","2026-05-29 10:30:00",508.3
"A1322","2026-05-29 10:40:00",551.6
"A0362","2026-05-29 10:50:00",514.3
"A0043","2026-05-29 11:00:00",498.2
"A0385","2026-05-29 11:10:00",538.6
"A0949","2026-05-29 11:20:00",535.7
"A1180","2026-05-29 11:30:00",584.2
"A0048","2026-05-29 11:40:00",509.7
"A0074","2026-05-29 11:50:00",564.4
"A0595","2026-05-29 12:00:00",502.6
"A0705","2026-05-29 12:10:00",525.7
"A0838","2026-05-29 12:20:00",538.9
"A0019","2026-05-29 12:30:00",493
"A1321","2026-05-29 12:40:00",549.2
"A0425","2026-05-29 12:50:00",591.3
"A0707","2026-05-29 13:00:00",529.4
"A0071","2026-05-29 13:10:00",578.8
"A1013","2026-05-29 13:20:00",548.4
"A0185","2026-05-29 13:30:00",508.1
"A0635","2026-05-29 13:40:00",595.9
"A0440","2026-05-29 13:50:00",531
"A1025","2026-05-29 14:00:00",528.5
"A0898","2026-05-29 14:10:00",565.9
"A0755","2026-05-29 14:20:00",543.6
"A1248","2026-05-29 14:30:00",539.6
"A0271","2026-05-29 14:40:00",574.3
"A1201","2026-05-29 14:50:00",559.9
"A0302","2026-05-29 15:00:00",592.4
"A0440","2026-05-29 15:10:00",534.9
"A0538","2026-05-29 15:20:00",562.2
"A1344","2026-05-29 15:30:00",543.5
"A0704","2026-05-29 15:40:00",549.3
"A1102","2026-05-29 15:50:00",528
"A1178","2026-05-29 16:00:00",606.6
"A1223","2026-05-29 16:10:00",504.8
"A0021","2026-05-29 16:20:00",534
"A0629","2026-05-29 16:30:00",500.6
"A0583","2026-05-29 16:40:00",503.5
"A1043","2026-05-29 16:50:00",501.5
"A1237","2026-05-29 17:00:00",518.9
"A0104","2026-05-29 17:10:00",525.3
"A0376","2026-05-29 17:20:00",507.7
"A0098","2026-05-29 17:30:00",513.8
"A0985","2026-05-29 17:40:00",530
"A0994","2026-05-29 17:50:00",505.9
"A0865","2026-05-29 18:00:00",593.2
"A1292","2026-05-29 18:10:00",553.3
"A0899","2026-05-29 18:20:00",517.5
"A1162","2026-05-29 18:30:00",527.6
"A0454","2026-05-29 18:40:00",501.2
"A1059","2026-05-29 18:50:00",610.3
"A0254","2026-05-29 19:00:00",538.5
"A1152","2026-05-29 19:10:00",565.3
"A0383","2026-05-29 19:20:00",529.8
"A0112","2026-05-29 19:30:00",597.2
"A0254","2026-05-29 19:40:00",538.8
"A0937","2026-05-29 19:50:00",519.4
"A0377","2026-05-29 20:00:00",530.1
"A0962","2026-05-29 20:10:00",545
"A1261","2026-05-29 20:20:00",533.6
"A0379","2026-05-29 20:30:00",561.9
"A1225","2026-05-29 20:40:00",583.7
"A0277","2026-05-29 20:50:00",496.5
"A0941","2026-05-29 21:00:00",544.8
"A0490","2026-05-29 21:10:00",531.4
"A0505","2026-05-29 21:20:00",518.7
"A0823","2026-05-29 21:30:00",534.3
"A0776","2026-05-29 21:40:00",552
"A0491","2026-05-29 21:50:00",544.6
"A1165","2026-05-29 22:00:00",535.1
"A0083","2026-05-29 22:10:00",487.2
"A0704","2026-05-29 22:20:00",558.8
"A0597","2026-05-29 22:30:00",560.3
"A1115","2026-05-29 22:40:00",557.6
"A0251","2026-05-29 22:50:00",555.1
"A1177","2026-05-29 23:00:00",524.2
"A0890","2026-05-29 23:10:00",559.3
"A1111","2026-05-29 23:20:00",641.4
"A1309","2026-05-29 23:30:00",525.5
"A1089","2026-05-29 23:40:00",562.8
"A0331","2026-05-29 23:50:00",535.3
"A0570","2026-05-30 00:00:00",531.8
"A0295","2026-05-30 00:10:00",551.7
"A0265","2026-05-30 00:20:00",575.2
"A0385","2026-05-30 00:30:00",540.6
"A1183","2026-05-30 00:40:00",502.8
"A0488","2026-05-30 00:50:00",507.9
"A0399","2026-05-30 01:00:00",534.9
"A1250","2026-05-30 01:10:00",487.1
"A0169","2026-05-30 01:20:00",600.1
"A0354","2026-05-30 01:30:00",603.9
"A0741","2026-05-30 01:40:00",562.6
"A1153","2026-05-30 01:50:00",521.9
"A1170","2026-05-30 02:00:00",500.1
"A0859","2026-05-30 02:10:00",599.6
"A0803","2026-05-30 02:20:00",548.2
"A0625","2026-05-30 02:30:00",538.2
"A1392","2026-05-30 02:40:00",535.8
"A0175","2026-05-30 02:50:00",498.3
"A1050","2026-05-30 03:00:00",507.1
"A1278","2026-05-30 03:10:00",504.7
"A0241","2026-05-30 03:20:00",497
"A0264","2026-05-30 03:30:00",554.3
"A0641","2026-05-30 03:40:00",567.9
"A1332","2026-05-30 03:50:00",492.8
"A1384","2026-05-30 04:00:00",506
"A0369","2026-05-30 04:10:00",514.7
"A0265","2026-05-30 04:20:00",517.2
"A1394","2026-05-30 04:30:00",542.1
"A0527","2026-05-30 04:40:00",513.2
"A1012","2026-05-30 04:50:00",558.5
"A0026","2026-05-30 05:00:00",515.9
"A1193","2026-05-30 05:10:00",535.5
"A0701","2026-05-30 05:20:00",567.1
"A1222","2026-05-30 05:30:00",567.2
"A0103","2026-05-30 05:40:00",513.7
"A1066","2026-05-30 05:50:00",553.6
"A0702","2026-05-30 06:00:00",484.7
"A0387","2026-05-30 06:10:00",549.1
"A0128","2026-05-30 06:20:00",538.8
"A0249","2026-05-30 06:30:00",551.4
"A1143","2026-05-30 06:40:00",538.6
"A0794","2026-05-30 06:50:00",465.2
"A0674","2026-05-30 07:00:00",554.8
"A0923","2026-05-30 07:10:00",496.1
"A0704","2026-05-30 07:20:00",534.3
"A0498","2026-05-30 07:30:00",517.6
"A1210","2026-05-30 07:40:00",548.7
"A0228","2026-05-30 07:50:00",565.2
"A0505","2026-05-30 08:00:00",516.7
"A1341","2026-05-30 08:10:00",523.7
"A0889","2026-05-30 08:20:00",498.9
"A1098","2026-05-30 08:30:00",475.4
"A1358","2026-05-30 08:40:00",498.2
"A1228","2026-05-30 08:50:00",522.3
"A0981","2026-05-30 09:00:00",525.6
"A1225","2026-05-30 09:10:00",567.9
"A0635","2026-05-30 09:20:00",527.3
"A1316","2026-05-30 09:30:00",506.8
"A0311","2026-05-30 09:40:00",527.1
"A1377","2026-05-30 09:50:00",535.5
"A0238","2026-05-30 10:00:00",549.6
"A0833","2026-05-30 10:10:00",570.6
"A0483","2026-05-30 10:20:00",574.2
"A0421","2026-05-30 10:30:00",564.2
"A0132","2026-05-30 10:40:00",462.1
"A0043","2026-05-30 10:50:00",493
"A1383","2026-05-30 11:00:00",537.7
"A0812","2026-05-30 11:10:00",512.8
"A0850","2026-05-30 11:20:00",501.4
"A1060","2026-05-30 11:30:00",515
"A0925","2026-05-30 11:40:00",561.3
"A1125","2026-05-30 11:50:00",556.9
"A0980","2026-05-30 12:00:00",581
"A0658","2026-05-30 12:10:00",539.5
"A0975","2026-05-30 12:20:00",494.3
"A0093","2026-05-30 12:30:00",595.3
"A1219","2026-05-30 12:40:00",513.4
"A1174","2026-05-30 12:50:00",545
"A1366","2026-05-30 13:00:00",539.3
"A0333","2026-05-30 13:10:00",551.8
"A1132","2026-05-30 13:20:00",501.1
"A0896","2026-05-30 13:30:00",487.3
"A1237","2026-05-30 13:40:00",560.1
"A0719","2026-05-30 13:50:00",525.1
"A0713","2026-05-30 14:00:00",474.4
"A0974","2026-05-30 14:10:00",495.1
"A0909","2026-05-30 14:20:00",558
"A0561","2026-05-30 14:30:00",538.6
"A0836","2026-05-30 14:40:00",508
"A0318","2026-05-30 14:50:00",561.5
"A0354","2026-05-30 15:00:00",547.2
"A0905","2026-05-30 15:10:00",540.6
"A1093","2026-05-30 15:20:00",587
"A1302","2026-05-30 15:30:00",517.9
"A1224","2026-05-30 15:40:00",545.5
"A0803","2026-05-30 15:50:00",593.5
"A0899","2026-05-30 16:00:00",533.4
"A1241","2026-05-30 16:10:00",609.8
"A1030","2026-05-30 16:20:00",547
"A0697","2026-05-30 16:30:00",549.2
"A0100","2026-05-30 16:40:00",594.1
"A1122","2026-05-30 16:50:00",541.2
"A1114","2026-05-30 17:00:00",503.1
"A0651","2026-05-30 17:10:00",482.5
"A0810","2026-05-30 17:20:00",523
"A0327","2026-05-30 17:30:00",511.8
"A0797","2026-05-30 17:40:00",514.9
"A0322","2026-05-30 17:50:00",580.5
"A1085","2026-05-30 18:00:00",576.9
"A0422","2026-05-30 18:10:00",552.5
"A0821","2026-05-30 18:20:00",550.9
"A0558","2026-05-30 18:30:00",491.3
"A1209","2026-05-30 18:40:00",594.4
"A0875","2026-05-30 18:50:00",544.4
"A1360","2026-05-30 19:00:00",499.1
"A0797","2026-05-30 19:10:00",588.6
"A0830","2026-05-30 19:20:00",596
"A0306","2026-05-30 19:30:00",585.4
"A0092","2026-05-30 19:40:00",556.2
"A0869","2026-05-30 19:50:00",504.8
"A1159","2026-05-30 20:00:00",491.6
"A0186","2026-05-30 20:10:00",594.3
"A1369","2026-05-30 20:20:00",553.7
"A0150","2026-05-30 20:30:00",527.7
"A0250","2026-05-30 20:40:00",515.6
"A0761","2026-05-30 20:50:00",575.6
"A0660","2026-05-30 21:00:00",507.8
"A0897","2026-05-30 21:10:00",576.1
"A0512","2026-05-30 21:20:00",578
"A0380","2026-05-30 21:30:00",532.7
"A1241","2026-05-30 21:40:00",557
"A0450","2026-05-30 21:50:00",581.7
"A0908","2026-05-30 22:00:00",556.4
"A0831","2026-05-30 22:10:00",543.3
"A1291","2026-05-30 22:20:00",493.7
"A0458","2026-05-30 22:30:00",521.2
"A1280","2026-05-30 22:40:00",562.2
"A1158","2026-05-30 22:50:00",514.8
"A1051","2026-05-30 23:00:00",590.7
"A0939","2026-05-30 23:10:00",606.9
"A0147","2026-05-30 23:20:00",530.7
"A0226","2026-05-30 23:30:00",553.6
"A1211","2026-05-30 23:40:00",553.1
"A1253","2026-05-30 23:50:00",536.5
"A1010","2026-05-31 00:00:00",545.7
"A0100","2026-05-31 00:10:00",530.1
"A0635","2026-05-31 00:20:00",502.2
"A0650","2026-05-31 00:30:00",583.8
"A0549","2026-05-31 00:40:00",559.2
"A0103","2026-05-31 00:50:00",516.9
"A0915","2026-05-31 01:00:00",542.5
"A1119","2026-05-31 01:10:00",558.7
"A0186","2026-05-31 01:20:00",478.9
"A0738","2026-05-31 01:30:00",543.8
"A0557","2026-05-31 01:40:00",496.6
"A1098","2026-05-31 01:50:00",524.3
"A0810","2026-05-31 02:00:00",484.1
"A0899","2026-05-31 02:10:00",483
"A0750","2026-05-31 02:20:00",464.5
"A1242","2026-05-31 02:30:00",562.7
"A1066","2026-05-31 02:40:00",607.2
"A0688","2026-05-31 02:50:00",580.8
"A0864","2026-05-31 03:00:00",507.4
"A1128","2026-05-31 03:10:00",515.5
"A0022","2026-05-31 03:20:00",582.9
"A1260","2026-05-31 03:30:00",469.6
"A0911","2026-05-31 03:40:00",519.9
"A0779","2026-05-31 03:50:00",532
"A0943","2026-05-31 04:00:00",481.4
"A1242","2026-05-31 04:10:00",593.9
"A1357","2026-05-31 04:20:00",554.8
"A0411","2026-05-31 04:30:00",581.6
"A0834","2026-05-31 04:40:00",528
"A0754","2026-05-31 04:50:00",543.7
"A0828","2026-05-31 05:00:00",549.5
"A0354","2026-05-31 05:10:00",591.6
"A0755","2026-05-31 05:20:00",595.2
"A0041","2026-05-31 05:30:00",518.2
"A0908","2026-05-31 05:40:00",578.5
"A0594","2026-05-31 05:50:00",556.8
"A0152","2026-05-31 06:00:00",569.6
"A0756","2026-05-31 06:10:00",490.8
"A0672","2026-05-31 06:20:00",530.6
"A0582","2026-05-31 06:30:00",587.8
"A0240","2026-05-31 06:40:00",544.8
"A1085","2026-05-31 06:50:00",543
"A1156","2026-05-31 07:00:00",518.3
"A1404","2026-05-31 07:10:00",577.9
"A0219","2026-05-31 07:20:00",541.9
"A0832","2026-05-31 07:30:00",545.8
"A0636","2026-05-31 07:40:00",514
"A0275","2026-05-31 07:50:00",581.3
"A0300","2026-05-31 08:00:00",541.2
"A1261","2026-05-31 08:10:00",580.6
"A0242","2026-05-31 08:20:00",537.2
"A1252","2026-05-31 08:30:00",542.2
"A0619","2026-05-31 08:40:00",546.5
"A0013","2026-05-31 08:50:00",523.6
"A0986","2026-05-31 09:00:00",472.3
"A0443","2026-05-31 09:10:00",513.3
"A0542","2026-05-31 09:20:00",510
"A1286","2026-05-31 09:30:00",530.3
"A0671","2026-05-31 09:40:00",507.2
"A1026","2026-05-31 09:50:00",534.1
"A1034","2026-05-31 10:00:00",537.2
"A0116","2026-05-31 10:10:00",596.4
"A1129","2026-05-31 10:20:00",532.8
"A0013","2026-05-31 10:30:00",607.1
"A0368","2026-05-31 10:40:00",542.9
"A0732","2026-05-31 10:50:00",543
"A1163","2026-05-31 11:00:00",556.1
"A0660","2026-05-31 11:10:00",543.4
"A0745","2026-05-31 11:20:00",507.9
"A1125","2026-05-31 11:30:00",554.5
"A0250","2026-05-31 11:40:00",576.9
"A0744","2026-05-31 11:50:00",558.3
"A0353","2026-05-31 12:00:00",542.6
"A1361","2026-05-31 12:10:00",512
"A1068","2026-05-31 12:20:00",574.9
"A1374","2026-05-31 12:30:00",554.3
"A1388","2026-05-31 12:40:00",527.1
"A0779","2026-05-31 12:50:00",518.5
"A1071","2026-05-31 13:00:00",532.2
"A0099","2026-05-31 13:10:00",566.2
"A1174","2026-05-31 13:20:00",525.1
"A0714","2026-05-31 13:30:00",569.7
"A0469","2026-05-31 13:40:00",496.6
"A0466","2026-05-31 13:50:00",570.8
"A1274","2026-05-31 14:00:00",537.1
"A0694","2026-05-31 14:10:00",587.8
"A1099","2026-05-31 14:20:00",555.5
"A0296","2026-05-31 14:30:00",562.1
"A0859","2026-05-31 14:40:00",484.8
"A0585","2026-05-31 14:50:00",532.7
"A0238","2026-05-31 15:00:00",537.9
"A0196","2026-05-31 15:10:00",482
"A0486","2026-05-31 15:20:00",492
"A0416","2026-05-31 15:30:00",543
"A0315","2026-05-31 15:40:00",496.3
"A0769","2026-05-31 15:50:00",517.1
"A0565","2026-05-31 16:00:00",565.2
"A1012","2026-05-31 16:10:00",567.4
"A0810","2026-05-31 16:20:00",526.1
"A0850","2026-05-31 16:30:00",538.5
"A0020","2026-05-31 16:40:00",571.6
"A0217","2026-05-31 16:50:00",511.6
"A0195","2026-05-31 17:00:00",526.2
"A0939","2026-05-31 17:10:00",583.1
"A0260","2026-05-31 17:20:00",543.3
"A0428","2026-05-31 17:30:00",491
"A1226","2026-05-31 17:40:00",528.9
"A0900","2026-05-31 17:50:00",487.1
"A0896","2026-05-31 18:00:00",514.7
"A0884","2026-05-31 18:10:00",495.4
"A0207","2026-05-31 18:20:00",506.2
"A0011","2026-05-31 18:30:00",510.3
"A0709","2026-05-31 18:40:00",523.3
"A1312","2026-05-31 18:50:00",599.3
"A0657","2026-05-31 19:00:00",543.1
"A1150","2026-05-31 19:10:00",477.9
"A1388","2026-05-31 19:20:00",470.9
"A0228","2026-05-31 19:30:00",508.8
"A0779","2026-05-31 19:40:00",593.2
"A0586","2026-05-31 19:50:00",598.4
"A0367","2026-05-31 20:00:00",506.8
"A0176","2026-05-31 20:10:00",568.4
"A1079","2026-05-31 20:20:00",583.1
"A1397","2026-05-31 20:30:00",499.7
"A0612","2026-05-31 20:40:00",476.3
"A0365","2026-05-31 20:50:00",505.1
"A1265","2026-05-31 21:00:00",514.7
"A1284","2026-05-31 21:10:00",522.6
"A0737","2026-05-31 21:20:00",606.4
"A0553","2026-05-31 21:30:00",540.1
"A0368","2026-05-31 21:40:00",545.3
"A0123","2026-05-31 21:50:00",536.1
"A0838","2026-05-31 22:00:00",511.2
"A0539","2026-05-31 22:10:00",505.3
"A0947","2026-05-31 22:20:00",592.4
"A1225","2026-05-31 22:30:00",529.4
"A1025","2026-05-31 22:40:00",553.2
"A0403","2026-05-31 22:50:00",497.2
"A0736","2026-05-31 23:00:00",569.5
"A0813","2026-05-31 23:10:00",521.8
"A1290","2026-05-31 23:20:00",548.1
"A0132","2026-05-31 23:30:00",535.3
"A0190","2026-05-31 23:40:00",467.9
"A0300","2026-05-31 23:50:00",585.4
"A0767","2026-06-01 00:00:00",576
"A1369","2026-06-01 00:10:00",511.2
"A1119","2026-06-01 00:20:00",545.4
"A0214","2026-06-01 00:30:00",503.2
"A0545","2026-06-01 00:40:00",569.2
"A0390","2026-06-01 00:50:00",563.5
"A0034","2026-06-01 01:00:00",460
"A0175","2026-06-01 01:10:00",486.8
"A0539","2026-06-01 01:20:00",510.1
"A0104","2026-06-01 01:30:00",542.8
"A0572","2026-06-01 01:40:00",498.6
"A0798","2026-06-01 01:50:00",563.2
"A1252","2026-06-01 02:00:00",535.7
"A0329","2026-06-01 02:10:00",541.5
"A1055","2026-06-01 02:20:00",508.1
"A1233","2026-06-01 02:30:00",561
"A0391","2026-06-01 02:40:00",546.1
"A0325","2026-06-01 02:50:00",540.4
"A0103","2026-06-01 03:00:00",535.4
"A0394","2026-06-01 03:10:00",517.1
"A0321","2026-06-01 03:20:00",497.2
"A0634","2026-06-01 03:30:00",506.1
"A1318","2026-06-01 03:40:00",463.3
"A0058","2026-06-01 03:50:00",553.2
"A1274","2026-06-01 04:00:00",567.8
"A0779","2026-06-01 04:10:00",500.6
"A1344","2026-06-01 04:20:00",563.9
"A0727","2026-06-01 04:30:00",511.8
"A0699","2026-06-01 04:40:00",529.1
"A0287","2026-06-01 04:50:00",524.1
"A0903","2026-06-01 05:00:00",448.1
"A0596","2026-06-01 05:10:00",556.5
"A1245","2026-06-01 05:20:00",535.8
"A0087","2026-06-01 05:30:00",551.2
"A0389","2026-06-01 05:40:00",625.3
"A1046","2026-06-01 05:50:00",545.2
"A1397","2026-06-01 06:00:00",611.5
"A1290","2026-06-01 06:10:00",555.2
"A1006","2026-06-01 06:20:00",571.1
"A1034","2026-06-01 06:30:00",510
"A0172","2026-06-01 06:40:00",558.8
"A0550","2026-06-01 06:50:00",515
"A0083","2026-06-01 07:00:00",517.5
"A1293","2026-06-01 07:10:00",524
"A0842","2026-06-01 07:20:00",545.2
"A0856","2026-06-01 07:30:00",519.8
"A0634","2026-06-01 07:40:00",517.8
"A0825","2026-06-01 07:50:00",586.9
"A1121","2026-06-01 08:00:00",529.5
"A1369","2026-06-01 08:10:00",491.4
"A1185","2026-06-01 08:20:00",497.2
"A0760","2026-06-01 08:30:00",498.9
"A1358","2026-06-01 08:40:00",559.5
"A0619","2026-06-01 08:50:00",548.3
"A1266","2026-06-01 09:00:00",495.6
"A0016","2026-06-01 09:10:00",526.4
"A1165","2026-06-01 09:20:00",537.6
"A0082","2026-06-01 09:30:00",571.7
"A0893","2026-06-01 09:40:00",605.8
"A0331","2026-06-01 09:50:00",572.5
"A0335","2026-06-01 10:00:00",510.7
"A0125","2026-06-01 10:10:00",532.3
"A1328","2026-06-01 10:20:00",466.4
"A0822","2026-06-01 10:30:00",481.6
"A1196","2026-06-01 10:40:00",501.6
"A0636","2026-06-01 10:50:00",481.7
"A0058","2026-06-01 11:00:00",538.3
"A0493","2026-06-01 11:10:00",594.6
"A0181","2026-06-01 11:20:00",525.8
"A0253","2026-06-01 11:30:00",567.5
"A0083","2026-06-01 11:40:00",565.9
"A0459","2026-06-01 11:50:00",576.3
"A0075","2026-06-01 12:00:00",500.3
"A0587","2026-06-01 12:10:00",497.8
"A0589","2026-06-01 12:20:00",598.4
"A1068","2026-06-01 12:30:00",593.8
"A0487","2026-06-01 12:40:00",536.6
"A0326","2026-06-01 12:50:00",544.6
"A0563","2026-06-01 13:00:00",521.6
"A0001","2026-06-01 13:10:00",495.8
"A0536","2026-06-01 13:20:00",567.5
"A0879","2026-06-01 13:30:00",487.9
"A1243","2026-06-01 13:40:00",525.1
"A0803","2026-06-01 13:50:00",492.2
"A0830","2026-06-01 14:00:00",568.3
"A1328","2026-06-01 14:10:00",475
"A0831","2026-06-01 14:20:00",503.5
"A0461","2026-06-01 14:30:00",544.8
"A0939","2026-06-01 14:40:00",568.2
"A0356","2026-06-01 14:50:00",472.1
"A1078","2026-06-01 15:00:00",597.7
"A0071","2026-06-01 15:10:00",587.5
"A0483","2026-06-01 15:20:00",568.8
"A1105","2026-06-01 15:30:00",551
"A1339","2026-06-01 15:40:00",527.9
"A0665","2026-06-01 15:50:00",541.4
"A0241","2026-06-01 16:00:00",521.4
"A1009","2026-06-01 16:10:00",534.5
"A0579","2026-06-01 16:20:00",583.9
"A0033","2026-06-01 16:30:00",522.6
"A0324","2026-06-01 16:40:00",515.9
"A0813","2026-06-01 16:50:00",563.9
"A0317","2026-06-01 17:00:00",490.3
"A0914","2026-06-01 17:10:00",540.4
"A0467","2026-06-01 17:20:00",569
"A0511","2026-06-01 17:30:00",562.9
"A1224","2026-06-01 17:40:00",544.5
"A1180","2026-06-01 17:50:00",547.3
"A0804","2026-06-01 18:00:00",548.1
"A0081","2026-06-01 18:10:00",549.9
"A0203","2026-06-01 18:20:00",558.8
"A1053","2026-06-01 18:30:00",517.3
"A1324","2026-06-01 18:40:00",453.7
"A0207","2026-06-01 18:50:00",493
"A0261","2026-06-01 19:00:00",541.5
"A0215","2026-06-01 19:10:00",532.1
"A1033","2026-06-01 19:20:00",602
"A1223","2026-06-01 19:30:00",499.2
"A1180","2026-06-01 19:40:00",518.3
"A1267","2026-06-01 19:50:00",489.4
"A0752","2026-06-01 20:00:00",543.4
"A0001","2026-06-01 20:10:00",524.1
"A1049","2026-06-01 20:20:00",548.9
"A1020","2026-06-01 20:30:00",601.8
"A1268","2026-06-01 20:40:00",528
"A0651","2026-06-01 20:50:00",536.8
"A1282","2026-06-01 21:00:00",539.9
"A0504","2026-06-01 21:10:00",609.8
"A1133","2026-06-01 21:20:00",516.5
"A0374","2026-06-01 21:30:00",574.6
"A0581","2026-06-01 21:40:00",559
"A0121","2026-06-01 21:50:00",549.8
"A0540","2026-06-01 22:00:00",551.5
"A0806","2026-06-01 22:10:00",599.2
"A1246","2026-06-01 22:20:00",599
"A0371","2026-06-01 22:30:00",571.7
"A1372","2026-06-01 22:40:00",461.2
"A1274","2026-06-01 22:50:00",552.7
"A0244","2026-06-01 23:00:00",553.2
"A1023","2026-06-01 23:10:00",554.9
"A0578","2026-06-01 23:20:00",540.4
"A0809","2026-06-01 23:30:00",558.2
"A0715","2026-06-01 23:40:00",592.7
"A0602","2026-06-01 23:50:00",540.7
"A0511","2026-06-02 00:00:00",555.4
"A0048","2026-06-02 00:10:00",502
"A0111","2026-06-02 00:20:00",540.9
"A0435","2026-06-02 00:30:00",564.5
"A0245","2026-06-02 00:40:00",576.8
"A0230","2026-06-02 00:50:00",533.5
"A0351","2026-06-02 01:00:00",539.3
"A0038","2026-06-02 01:10:00",465.5
"A0887","2026-06-02 01:20:00",584.8
"A1308","2026-06-02 01:30:00",567.4
"A1032","2026-06-02 01:40:00",534.7
"A1105","2026-06-02 01:50:00",560
"A1087","2026-06-02 02:00:00",551.2
"A0639","2026-06-02 02:10:00",545.4
"A0739","2026-06-02 02:20:00",603.3
"A0907","2026-06-02 02:30:00",495.6
"A0303","2026-06-02 02:40:00",511.4
"A0242","2026-06-02 02:50:00",555.1
"A0876","2026-06-02 03:00:00",543.3
"A0531","2026-06-02 03:10:00",517.2
"A0837","2026-06-02 03:20:00",575.3
"A0216","2026-06-02 03:30:00",565.1
"A0396","2026-06-02 03:40:00",581.6
"A0523","2026-06-02 03:50:00",505.5
"A0219","2026-06-02 04:00:00",472.6
"A0409","2026-06-02 04:10:00",539.7
"A0426","2026-06-02 04:20:00",527.8
"A0606","2026-06-02 04:30:00",470.7
"A1030","2026-06-02 04:40:00",505.8
"A0612","2026-06-02 04:50:00",534.8
"A1375","2026-06-02 05:00:00",468.7
"A0089","2026-06-02 05:10:00",469.2
"A0591","2026-06-02 05:20:00",571.6
"A0896","2026-06-02 05:30:00",498
"A0260","2026-06-02 05:40:00",509.4
"A0355","2026-06-02 05:50:00",552.1
"A1142","2026-06-02 06:00:00",493.2
"A0497","2026-06-02 06:10:00",511.6
"A1412","2026-06-02 06:20:00",568.7
"A1175","2026-06-02 06:30:00",513.2
"A1384","2026-06-02 06:40:00",568.4
"A1147","2026-06-02 06:50:00",447.3
"A0792","2026-06-02 07:00:00",490.9
"A1247","2026-06-02 07:10:00",568.4
"A1195","2026-06-02 07:20:00",560.4
"A0868","2026-06-02 07:30:00",540.1
"A0043","2026-06-02 07:40:00",526.7
"A0930","2026-06-02 07:50:00",524.1
"A0819","2026-06-02 08:00:00",539.6
"A1086","2026-06-02 08:10:00",586
"A1185","2026-06-02 08:20:00",524.1
"A1295","2026-06-02 08:30:00",586.5
"A0067","2026-06-02 08:40:00",471.7
"A0045","2026-06-02 08:50:00",544
"A1217","2026-06-02 09:00:00",608.1
"A0830","2026-06-02 09:10:00",558.1
"A0866","2026-06-02 09:20:00",487.9
"A0878","2026-06-02 09:30:00",588.5
"A0823","2026-06-02 09:40:00",506.2
"A0203","2026-06-02 09:50:00",545.4
"A0405","2026-06-02 10:00:00",579
"A0880","2026-06-02 10:10:00",511.7
"A0356","2026-06-02 10:20:00",533.6
"A0478","2026-06-02 10:30:00",494.1
"A0695","2026-06-02 10:40:00",569.5
"A0324","2026-06-02 10:50:00",545.3
"A1163","2026-06-02 11:00:00",555.2
"A0360","2026-06-02 11:10:00",512.3
"A0510","2026-06-02 11:20:00",515
"A0131","2026-06-02 11:30:00",529.5
"A1228","2026-06-02 11:40:00",527.9
"A0881","2026-06-02 11:50:00",527.9
"A0173","2026-06-02 12:00:00",521.2
"A0785","2026-06-02 12:10:00",554.4
"A0244","2026-06-02 12:20:00",524.6
"A0914","2026-06-02 12:30:00",517.4
"A0954","2026-06-02 12:40:00",486.5
"A0028","2026-06-02 12:50:00",583
"A0947","2026-06-02 13:00:00",467.7
"A0596","2026-06-02 13:10:00",531.4
"A0402","2026-06-02 13:20:00",527.5
"A0433","2026-06-02 13:30:00",553.2
"A0350","2026-06-02 13:40:00",510.1
"A0602","2026-06-02 13:50:00",526.1
"A0069","2026-06-02 14:00:00",582.1
"A0881","2026-06-02 14:10:00",515.8
"A0943","2026-06-02 14:20:00",474.8
"A1396","2026-06-02 14:30:00",592.1
"A0895","2026-06-02 14:40:00",555.4
"A0853","2026-06-02 14:50:00",520.3
"A1052","2026-06-02 15:00:00",506.6
"A0488","2026-06-02 15:10:00",452.7
"A0103","2026-06-02 15:20:00",573.2
"A0912","2026-06-02 15:30:00",521.7
"A0863","2026-06-02 15:40:00",465.7
"A0827","2026-06-02 15:50:00",548.8
"A0115","2026-06-02 16:00:00",558.5
"A0362","2026-06-02 16:10:00",541.6
"A0822","2026-06-02 16:20:00",552.9
"A0661","2026-06-02 16:30:00",538.5
"A0392","2026-06-02 16:40:00",579.1
"A0417","2026-06-02 16:50:00",553
"A1347","2026-06-02 17:00:00",567.9
"A0929","2026-06-02 17:10:00",524.5
"A0619","2026-06-02 17:20:00",519.2
"A0214","2026-06-02 17:30:00",574.5
"A0403","2026-06-02 17:40:00",546.7
"A0754","2026-06-02 17:50:00",533.2
"A0706","2026-06-02 18:00:00",554
"A0576","2026-06-02 18:10:00",519.9
"A0982","2026-06-02 18:20:00",588.9
"A0478","2026-06-02 18:30:00",493.8
"A1027","2026-06-02 18:40:00",544.4
"A1206","2026-06-02 18:50:00",549
"A0692","2026-06-02 19:00:00",569.8
"A0951","2026-06-02 19:10:00",572
"A0291","2026-06-02 19:20:00",534.8
"A0647","2026-06-02 19:30:00",500
"A0649","2026-06-02 19:40:00",553.8
"A0334","2026-06-02 19:50:00",570.6
"A0779","2026-06-02 20:00:00",551.4
"A0345","2026-06-02 20:10:00",512.8
"A0642","2026-06-02 20:20:00",542
"A1011","2026-06-02 20:30:00",483.6
"A1128","2026-06-02 20:40:00",540.3
"A0527","2026-06-02 20:50:00",537.6
"A1170","2026-06-02 21:00:00",565.8
"A0395","2026-06-02 21:10:00",517
"A0775","2026-06-02 21:20:00",454.4
"A0347","2026-06-02 21:30:00",550.3
"A0848","2026-06-02 21:40:00",505.9
"A1069","2026-06-02 21:50:00",556.2
"A0453","2026-06-02 22:00:00",512.4
"A0799","2026-06-02 22:10:00",502.7
"A1131","2026-06-02 22:20:00",531.3
"A1219","2026-06-02 22:30:00",482.9
"A1308","2026-06-02 22:40:00",516
"A0170","2026-06-02 22:50:00",536.9
"A0993","2026-06-02 23:00:00",513.6
"A0542","2026-06-02 23:10:00",550.5
"A1185","2026-06-02 23:20:00",534.1
"A0630","2026-06-02 23:30:00",520.2
"A1410","2026-06-02 23:40:00",578.4
"A0977","2026-06-02 23:50:00",523.9
"A0838","2026-06-03 00:00:00",532
"A1344","2026-06-03 00:10:00",555.7
"A1056","2026-06-03 00:20:00",579.6
"A0103","2026-06-03 00:30:00",482.1
"A1206","2026-06-03 00:40:00",501.5
"A0051","2026-06-03 00:50:00",507.8
"A1343","2026-06-03 01:00:00",550.7
"A0898","2026-06-03 01:10:00",535.9
"A1193","2026-06-03 01:20:00",579.8
"A0810","2026-06-03 01:30:00",498.1
"A1086","2026-06-03 01:40:00",536.4
"A0119","2026-06-03 01:50:00",550.9
"A1309","2026-06-03 02:00:00",468.8
"A0200","2026-06-03 02:10:00",517.6
"A0342","2026-06-03 02:20:00",603.9
"A1234","2026-06-03 02:30:00",530.7
"A0551","2026-06-03 02:40:00",525.1
"A0022","2026-06-03 02:50:00",574.6
"A0514","2026-06-03 03:00:00",568.4
"A1183","2026-06-03 03:10:00",567.4
"A0258","2026-06-03 03:20:00",546.2
"A1071","2026-06-03 03:30:00",529.5
"A0264","2026-06-03 03:40:00",561.3
"A1358","2026-06-03 03:50:00",553.8
"A1114","2026-06-03 04:00:00",559.7
"A1386","2026-06-03 04:10:00",586.1
"A0587","2026-06-03 04:20:00",522.6
"A0858","2026-06-03 04:30:00",480.4
"A0841","2026-06-03 04:40:00",463.2
"A0038","2026-06-03 04:50:00",591.7
"A1022","2026-06-03 05:00:00",529
"A0396","2026-06-03 05:10:00",509.1
"A1175","2026-06-03 05:20:00",501.3
"A1095","2026-06-03 05:30:00",507.4
"A0485","2026-06-03 05:40:00",535.1
"A0526","2026-06-03 05:50:00",522.3
"A0777","2026-06-03 06:00:00",504.1
"A0995","2026-06-03 06:10:00",532.6
"A1270","2026-06-03 06:20:00",561.9
"A1310","2026-06-03 06:30:00",484.8
"A1192","2026-06-03 06:40:00",627
"A0615","2026-06-03 06:50:00",537.3
"A0512","2026-06-03 07:00:00",570.4
"A0819","2026-06-03 07:10:00",540.7
"A0342","2026-06-03 07:20:00",575
"A0258","2026-06-03 07:30:00",577.9
"A0719","2026-06-03 07:40:00",609
"A0110","2026-06-03 07:50:00",510.5
"A1042","2026-06-03 08:00:00",614.5
"A0108","2026-06-03 08:10:00",540.1
"A0304","2026-06-03 08:20:00",527.6
"A1262","2026-06-03 08:30:00",436
"A0434","2026-06-03 08:40:00",470.6
"A0038","2026-06-03 08:50:00",530
"A1186","2026-06-03 09:00:00",558.4
"A1226","2026-06-03 09:10:00",520
"A0003","2026-06-03 09:20:00",528.6
"A0973","2026-06-03 09:30:00",504.6
"A0468","2026-06-03 09:40:00",602.6
"A0478","2026-06-03 09:50:00",502.3
"A0577","2026-06-03 10:00:00",556.5
"A0649","2026-06-03 10:10:00",546.4
"A0509","2026-06-03 10:20:00",542.7
"A1153","2026-06-03 10:30:00",553.6
"A1402","2026-06-03 10:40:00",524.8
"A0958","2026-06-03 10:50:00",549.6
"A1321","2026-06-03 11:00:00",590.4
"A0223","2026-06-03 11:10:00",531
"A0492","2026-06-03 11:20:00",584.1
"A0861","2026-06-03 11:30:00",523.8
"A0700","2026-06-03 11:40:00",535.4
"A1224","2026-06-03 11:50:00",541.2
"A1277","2026-06-03 12:00:00",526.2
"A0191","2026-06-03 12:10:00",529.2
"A1005","2026-06-03 12:20:00",550.8
"A1347","2026-06-03 12:30:00",474.1
"A1050","2026-06-03 12:40:00",603.9
"A0077","2026-06-03 12:50:00",533.8
"A0484","2026-06-03 13:00:00",552.7
"A0960","2026-06-03 13:10:00",553.6
"A0777","2026-06-03 13:20:00",569
"A0330","2026-06-03 13:30:00",490.9
"A0259","2026-06-03 13:40:00",542.9
"A0995","2026-06-03 13:50:00",561.2
"A0067","2026-06-03 14:00:00",557.5
"A1356","2026-06-03 14:10:00",543.5
"A0250","2026-06-03 14:20:00",501.5
"A0229","2026-06-03 14:30:00",530.1
"A0822","2026-06-03 14:40:00",455.6
"A0377","2026-06-03 14:50:00",539.9
"A0109","2026-06-03 15:00:00",557.8
"A0248","2026-06-03 15:10:00",521.6
"A0592","2026-06-03 15:20:00",590.5
"A0795","2026-06-03 15:30:00",515.9
"A1291","2026-06-03 15:40:00",539.3
"A0010","2026-06-03 15:50:00",582.5
"A0186","2026-06-03 16:00:00",543.5
"A1410","2026-06-03 16:10:00",463.1
"A1293","2026-06-03 16:20:00",540.7
"A1120","2026-06-03 16:30:00",545.4
"A0356","2026-06-03 16:40:00",524.9
"A1389","2026-06-03 16:50:00",547.4
"A1101","2026-06-03 17:00:00",577
"A1380","2026-06-03 17:10:00",543.7
"A0109","2026-06-03 17:20:00",506.6
"A0856","2026-06-03 17:30:00",589.1
"A0796","2026-06-03 17:40:00",609.3
"A0100","2026-06-03 17:50:00",571.6
"A0515","2026-06-03 18:00:00",559
"A1373","2026-06-03 18:10:00",531.9
"A1176","2026-06-03 18:20:00",496.3
"A0039","2026-06-03 18:30:00",545
"A0296","2026-06-03 18:40:00",496.9
"A0571","2026-06-03 18:50:00",561.9
"A0309","2026-06-03 19:00:00",573.4
"A1098","2026-06-03 19:10:00",569.6
"A0209","2026-06-03 19:20:00",563.4
"A1201","2026-06-03 19:30:00",545.5
"A1382","2026-06-03 19:40:00",561.1
"A0112","2026-06-03 19:50:00",596.5
"A0927","2026-06-03 20:00:00",541.7
"A0005","2026-06-03 20:10:00",602.3
"A0091","2026-06-03 20:20:00",531.1
"A0985","2026-06-03 20:30:00",600.4
"A0302","2026-06-03 20:40:00",545.5
"A0162","2026-06-03 20:50:00",565.8
"A0064","2026-06-03 21:00:00",524.5
"A1341","2026-06-03 21:10:00",505.4
"A0599","2026-06-03 21:20:00",525.3
"A0116","2026-06-03 21:30:00",552.3
"A0673","2026-06-03 21:40:00",521.5
"A0482","2026-06-03 21:50:00",588.1
"A0499","2026-06-03 22:00:00",577
"A0404","2026-06-03 22:10:00",561.2
"A0472","2026-06-03 22:20:00",525
"A0455","2026-06-03 22:30:00",551.9
"A0004","2026-06-03 22:40:00",533
"A0230","2026-06-03 22:50:00",598
"A0548","2026-06-03 23:00:00",515.6
"A0079","2026-06-03 23:10:00",547.3
"A0736","2026-06-03 23:20:00",517.6
"A0667","2026-06-03 23:30:00",557.1
"A0033","2026-06-03 23:40:00",642.2
"A0166","2026-06-03 23:50:00",548.9
"A1209","2026-06-04 00:00:00",546.7
"A1143","2026-06-04 00:10:00",555.2
"A0692","2026-06-04 00:20:00",536.7
"A0140","2026-06-04 00:30:00",595.4
"A0733","2026-06-04 00:40:00",536.8
"A1155","2026-06-04 00:50:00",534.9
"A0746","2026-06-04 01:00:00",556
"A0781","2026-06-04 01:10:00",542.2
"A1357","2026-06-04 01:20:00",526.5
"A1394","2026-06-04 01:30:00",505.5
"A0326","2026-06-04 01:40:00",578.7
"A0813","2026-06-04 01:50:00",558.8
"A0818","2026-06-04 02:00:00",514.5
"A1332","2026-06-04 02:10:00",557.1
"A0245","2026-06-04 02:20:00",514.8
"A0224","2026-06-04 02:30:00",561
"A0131","2026-06-04 02:40:00",527.9
"A0930","2026-06-04 02:50:00",530.2
"A0487","2026-06-04 03:00:00",551.4
"A1132","2026-06-04 03:10:00",507.8
"A0556","2026-06-04 03:20:00",578.9
"A1021","2026-06-04 03:30:00",555.6
"A0813","2026-06-04 03:40:00",524.8
"A0969","2026-06-04 03:50:00",607.3
"A0008","2026-06-04 04:00:00",505.7
"A1000","2026-06-04 04:10:00",605.4
"A0493","2026-06-04 04:20:00",566.4
"A0539","2026-06-04 04:30:00",520.7
"A1181","2026-06-04 04:40:00",538.6
"A0857","2026-06-04 04:50:00",519.5
"A0734","2026-06-04 05:00:00",585.1
"A0763","2026-06-04 05:10:00",550.5
"A0597","2026-06-04 05:20:00",559.4
"A0449","2026-06-04 05:30:00",612.2
"A1099","2026-06-04 05:40:00",457.4
"A0686","2026-06-04 05:50:00",515.7
"A1150","2026-06-04 06:00:00",562.6
"A0921","2026-06-04 06:10:00",500.2
"A0211","2026-06-04 06:20:00",608
"A1325","2026-06-04 06:30:00",559.9
"A0447","2026-06-04 06:40:00",592.5
"A0251","2026-06-04 06:50:00",552.7
"A0803","2026-06-04 07:00:00",502.5
"A0530","2026-06-04 07:10:00",556.1
"A0612","2026-06-04 07:20:00",497
"A0194","2026-06-04 07:30:00",588.7
"A1082","2026-06-04 07:40:00",586.1
"A0424","2026-06-04 07:50:00",596.8
"A0602","2026-06-04 08:00:00",558.8
"A0770","2026-06-04 08:10:00",562.2
"A0235","2026-06-04 08:20:00",496.3
"A0248","2026-06-04 08:30:00",549.3
"A1292","2026-06-04 08:40:00",580.6
"A0827","2026-06-04 08:50:00",490.1
"A1107","2026-06-04 09:00:00",557.1
"A1328","2026-06-04 09:10:00",474.1
"A0747","2026-06-04 09:20:00",593.3
"A0986","2026-06-04 09:30:00",514.5
"A0676","2026-06-04 09:40:00",559.2
"A0112","2026-06-04 09:50:00",512.6
"A1394","2026-06-04 10:00:00",539.7
"A0426","2026-06-04 10:10:00",482.4
"A0173","2026-06-04 10:20:00",449.2
"A0381","2026-06-04 10:30:00",572.8
"A0354","2026-06-04 10:40:00",556.4
"A0522","2026-06-04 10:50:00",580.6
"A0360","2026-06-04 11:00:00",575.2
"A0459","2026-06-04 11:10:00",528.1
"A0501","2026-06-04 11:20:00",519.1
"A0361","2026-06-04 11:30:00",570.8
"A0730","2026-06-04 11:40:00",577.2
"A0222","2026-06-04 11:50:00",557.4
"A0153","2026-06-04 12:00:00",543
"A1391","2026-06-04 12:10:00",519.5
"A0645","2026-06-04 12:20:00",571.6
"A0143","2026-06-04 12:30:00",568.6
"A0541","2026-06-04 12:40:00",557.6
"A0156","2026-06-04 12:50:00",630
"A0968","2026-06-04 13:00:00",494.6
"A0597","2026-06-04 13:10:00",522.4
"A0094","2026-06-04 13:20:00",548.5
"A0849","2026-06-04 13:30:00",498.6
"A0130","2026-06-04 13:40:00",517.9
"A0472","2026-06-04 13:50:00",493.7
"A0682","2026-06-04 14:00:00",599.3
"A1154","2026-06-04 14:10:00",519.2
"A0080","2026-06-04 14:20:00",554.7
"A0011","2026-06-04 14:30:00",612.1
"A0829","2026-06-04 14:40:00",558
"A0906","2026-06-04 14:50:00",516.5
"A1181","2026-06-04 15:00:00",564.4
"A0568","2026-06-04 15:10:00",541
"A1384","2026-06-04 15:20:00",522.9
"A1364","2026-06-04 15:30:00",475.1
"A0038","2026-06-04 15:40:00",610.2
"A1115","2026-06-04 15:50:00",516.2
"A0713","2026-06-04 16:00:00",537.3
"A0368","2026-06-04 16:10:00",534.3
"A0871","2026-06-04 16:20:00",518.4
"A1368","2026-06-04 16:30:00",581.6
"A0402","2026-06-04 16:40:00",549.1
"A0467","2026-06-04 16:50:00",495.2
"A0143","2026-06-04 17:00:00",545.1
"A0101","2026-06-04 17:10:00",645.5
"A0520","2026-06-04 17:20:00",545.2
"A1326","2026-06-04 17:30:00",562.5
"A0484","2026-06-04 17:40:00",578.2
"A0378","2026-06-04 17:50:00",520.3
"A0313","2026-06-04 18:00:00",577.3
"A1043","2026-06-04 18:10:00",608.7
"A0443","2026-06-04 18:20:00",548.6
"A0685","2026-06-04 18:30:00",582.2
"A0864","2026-06-04 18:40:00",531.8
"A0618","2026-06-04 18:50:00",569.5
"A0870","2026-06-04 19:00:00",485.3
"A1164","2026-06-04 19:10:00",508.6
"A0400","2026-06-04 19:20:00",554.9
"A0570","2026-06-04 19:30:00",560.5
"A0858","2026-06-04 19:40:00",590.5
"A1050","2026-06-04 19:50:00",554.6
"A0838","2026-06-04 20:00:00",591.5
"A0448","2026-06-04 20:10:00",601
"A0683","2026-06-04 20:20:00",590.4
"A1279","2026-06-04 20:30:00",580.9
"A1252","2026-06-04 20:40:00",566.6
"A0935","2026-06-04 20:50:00",474.1
"A1403","2026-06-04 21:00:00",534.6
"A1010","2026-06-04 21:10:00",511.9
"A1093","2026-06-04 21:20:00",606.2
"A0827","2026-06-04 21:30:00",552.3
"A0137","2026-06-04 21:40:00",529.4
"A0351","2026-06-04 21:50:00",520.7
"A0143","2026-06-04 22:00:00",524.2
"A0468","2026-06-04 22:10:00",572.6
"A0129","2026-06-04 22:20:00",514.1
"A0333","2026-06-04 22:30:00",597
"A1267","2026-06-04 22:40:00",491
"A0893","2026-06-04 22:50:00",541.9
"A0781","2026-06-04 23:00:00",459.1
"A1152","2026-06-04 23:10:00",550.8
"A0084","2026-06-04 23:20:00",488.8
"A0325","2026-06-04 23:30:00",515.3
"A1280","2026-06-04 23:40:00",471.3
"A1051","2026-06-04 23:50:00",562.5
"A1165","2026-06-05 00:00:00",527.6
"A0076","2026-06-05 00:10:00",547.6
"A0432","2026-06-05 00:20:00",511.7
"A1325","2026-06-05 00:30:00",499
"A0960","2026-06-05 00:40:00",488
"A1044","2026-06-05 00:50:00",512.8
"A0001","2026-06-05 01:00:00",530.3
"A0717","2026-06-05 01:10:00",453.1
"A0426","2026-06-05 01:20:00",501.7
"A0060","2026-06-05 01:30:00",486.7
"A1167","2026-06-05 01:40:00",524.1
"A0141","2026-06-05 01:50:00",476.6
"A1233","2026-06-05 02:00:00",530.1
"A0363","2026-06-05 02:10:00",597.5
"A1131","2026-06-05 02:20:00",528.1
"A0170","2026-06-05 02:30:00",558.4
"A0550","2026-06-05 02:40:00",538.8
"A0482","2026-06-05 02:50:00",533.6
"A0238","2026-06-05 03:00:00",479
"A1076","2026-06-05 03:10:00",584.7
"A1137","2026-06-05 03:20:00",605.7
"A0082","2026-06-05 03:30:00",573.7
"A0259","2026-06-05 03:40:00",518.9
"A1388","2026-06-05 03:50:00",546.8
"A0480","2026-06-05 04:00:00",489.4
"A0532","2026-06-05 04:10:00",548.9
"A1077","2026-06-05 04:20:00",520.8
"A1165","2026-06-05 04:30:00",498.2
"A0192","2026-06-05 04:40:00",532.7
"A0319","2026-06-05 04:50:00",564.3
"A0698","2026-06-05 05:00:00",584.9
"A1114","2026-06-05 05:10:00",534.2
"A0231","2026-06-05 05:20:00",588.3
"A0985","2026-06-05 05:30:00",579.2
"A0793","2026-06-05 05:40:00",524.4
"A1289","2026-06-05 05:50:00",492.6
"A0164","2026-06-05 06:00:00",497.1
"A0400","2026-06-05 06:10:00",579.4
"A0597","2026-06-05 06:20:00",561.9
"A0612","2026-06-05 06:30:00",516
"A1227","2026-06-05 06:40:00",478.5
"A0760","2026-06-05 06:50:00",510.4
"A1182","2026-06-05 07:00:00",553.4
"A0174","2026-06-05 07:10:00",545.2
"A0114","2026-06-05 07:20:00",508
"A0942","2026-06-05 07:30:00",556
"A0032","2026-06-05 07:40:00",505.4
"A1026","2026-06-05 07:50:00",558
"A0632","2026-06-05 08:00:00",509.4
"A0806","2026-06-05 08:10:00",534.5
"A0326","2026-06-05 08:20:00",595.7
"A0375","2026-06-05 08:30:00",527.1
"A1093","2026-06-05 08:40:00",517.9
"A0851","2026-06-05 08:50:00",582.5
"A0269","2026-06-05 09:00:00",496.6
"A0890","2026-06-05 09:10:00",544.6
"A1045","2026-06-05 09:20:00",620.7
"A0660","2026-06-05 09:30:00",569.6
"A0085","2026-06-05 09:40:00",514.2
"A1362","2026-06-05 09:50:00",561.9
"A0790","2026-06-05 10:00:00",581.4
"A0958","2026-06-05 10:10:00",531.3
"A0065","2026-06-05 10:20:00",549.4
"A0922","2026-06-05 10:30:00",500.4
"A0173","2026-06-05 10:40:00",576.8
"A0929","2026-06-05 10:50:00",582.8
"A0343","2026-06-05 11:00:00",489.3
"A1095","2026-06-05 11:10:00",496.5
"A0592","2026-06-05 11:20:00",528.1
"A0598","2026-06-05 11:30:00",505.8
"A0957","2026-06-05 11:40:00",516.4
"A0865","2026-06-05 11:50:00",493.7
"A1168","2026-06-05 12:00:00",509.8
"A0994","2026-06-05 12:10:00",596.1
"A0147","2026-06-05 12:20:00",469.3
"A1065","2026-06-05 12:30:00",459.1
"A0474","2026-06-05 12:40:00",552.4
"A0744","2026-06-05 12:50:00",560.2
"A0166","2026-06-05 13:00:00",495.7
"A0474","2026-06-05 13:10:00",584.9
"A0543","2026-06-05 13:20:00",528.3
"A1325","2026-06-05 13:30:00",475.4
"A0422","2026-06-05 13:40:00",515.3
"A0501","2026-06-05 13:50:00",485.1
"A1162","2026-06-05 14:00:00",479.6
"A0838","2026-06-05 14:10:00",546
"A1071","2026-06-05 14:20:00",566.8
"A1179","2026-06-05 14:30:00",492.6
"A1008","2026-06-05 14:40:00",540.8
"A0493","2026-06-05 14:50:00",535.6
"A1299","2026-06-05 15:00:00",590.5
"A1334","2026-06-05 15:10:00",503.6
"A0676","2026-06-05 15:20:00",501.3
"A1339","2026-06-05 15:30:00",491.9
"A0845","2026-06-05 15:40:00",559.9
"A0596","2026-06-05 15:50:00",556.1
"A1283","2026-06-05 16:00:00",517.1
"A0132","2026-06-05 16:10:00",517.3
"A0529","2026-06-05 16:20:00",500.2
"A0333","2026-06-05 16:30:00",549.5
"A1340","2026-06-05 16:40:00",594.7
"A0336","2026-06-05 16:50:00",524.2
"A0934","2026-06-05 17:00:00",573.4
"A0841","2026-06-05 17:10:00",526.3
"A0497","2026-06-05 17:20:00",557.3
"A0972","2026-06-05 17:30:00",598.9
"A0856","2026-06-05 17:40:00",523.9
"A1152","2026-06-05 17:50:00",580.1
"A0748","2026-06-05 18:00:00",495.2
"A0424","2026-06-05 18:10:00",562.1
"A0725","2026-06-05 18:20:00",517.4
"A0329","2026-06-05 18:30:00",533
"A0284","2026-06-05 18:40:00",539.2
"A0753","2026-06-05 18:50:00",549
"A1296","2026-06-05 19:00:00",571.8
"A0012","2026-06-05 19:10:00",516.1
"A0271","2026-06-05 19:20:00",557.4
"A0871","2026-06-05 19:30:00",584.9
"A1206","2026-06-05 19:40:00",542.6
"A0902","2026-06-05 19:50:00",475.7
"A1085","2026-06-05 20:00:00",481.9
"A0993","2026-06-05 20:10:00",493.7
"A1215","2026-06-05 20:20:00",552
"A0418","2026-06-05 20:30:00",468
"A0417","2026-06-05 20:40:00",568.7
"A0207","2026-06-05 20:50:00",549.5
"A0101","2026-06-05 21:00:00",582
"A0360","2026-06-05 21:10:00",560.9
"A0726","2026-06-05 21:20:00",537.5
"A0863","2026-06-05 21:30:00",514
"A1030","2026-06-05 21:40:00",536.9
"A1386","2026-06-05 21:50:00",464
"A1232","2026-06-05 22:00:00",589.3
"A1268","2026-06-05 22:10:00",557.5
"A1085","2026-06-05 22:20:00",589.8
"A0690","2026-06-05 22:30:00",603.2
"A0632","2026-06-05 22:40:00",503.1
"A1381","2026-06-05 22:50:00",575.5
"A1066","2026-06-05 23:00:00",596.6
"A1369","2026-06-05 23:10:00",530.5
"A0511","2026-06-05 23:20:00",524.9
"A0175","2026-06-05 23:30:00",587.2
"A0630","2026-06-05 23:40:00",566.3
"A0284","2026-06-05 23:50:00",542.6
"A0563","2026-06-06 00:00:00",528.6
"A1352","2026-06-06 00:10:00",523.6
"A1202","2026-06-06 00:20:00",504
"A0934","2026-06-06 00:30:00",564.3
"A1322","2026-06-06 00:40:00",535.4
"A0781","2026-06-06 00:50:00",505.3
"A1323","2026-06-06 01:00:00",575.2
"A1082","2026-06-06 01:10:00",533.6
"A0277","2026-06-06 01:20:00",511.2
"A0021","2026-06-06 01:30:00",534.6
"A1018","2026-06-06 01:40:00",574.6
"A0912","2026-06-06 01:50:00",551.7
"A0005","2026-06-06 02:00:00",516.7
"A0507","2026-06-06 02:10:00",557.8
"A0638","2026-06-06 02:20:00",560.9
"A0380","2026-06-06 02:30:00",546.9
"A0107","2026-06-06 02:40:00",566.5
"A0263","2026-06-06 02:50:00",551.8
"A0564","2026-06-06 03:00:00",536.2
"A0413","2026-06-06 03:10:00",509.5
"A0342","2026-06-06 03:20:00",529
"A0977","2026-06-06 03:30:00",543.6
"A0367","2026-06-06 03:40:00",501.7
"A0129","2026-06-06 03:50:00",595.7
"A1218","2026-06-06 04:00:00",556.9
"A1163","2026-06-06 04:10:00",463.6
"A0241","2026-06-06 04:20:00",516.4
"A1061","2026-06-06 04:30:00",524.2
"A1042","2026-06-06 04:40:00",540.8
"A1281","2026-06-06 04:50:00",570
"A0814","2026-06-06 05:00:00",443.6
"A1293","2026-06-06 05:10:00",541.2
"A1082","2026-06-06 05:20:00",551.5
"A0425","2026-06-06 05:30:00",518.6
"A0734","2026-06-06 05:40:00",525.2
"A0272","2026-06-06 05:50:00",605.2
"A0101","2026-06-06 06:00:00",509.8
"A0678","2026-06-06 06:10:00",525
"A1327","2026-06-06 06:20:00",513.3
"A0858","2026-06-06 06:30:00",473.1
"A0713","2026-06-06 06:40:00",456.9
"A1179","2026-06-06 06:50:00",497.9
"A0276","2026-06-06 07:00:00",619.1
"A1052","2026-06-06 07:10:00",523.9
"A0514","2026-06-06 07:20:00",533.7
"A1231","2026-06-06 07:30:00",562.2
"A1001","2026-06-06 07:40:00",572.7
"A1144","2026-06-06 07:50:00",554.9
"A0143","2026-06-06 08:00:00",496.2
"A1128","2026-06-06 08:10:00",535.9
"A0199","2026-06-06 08:20:00",604.9
"A0992","2026-06-06 08:30:00",548
"A1349","2026-06-06 08:40:00",599.7
"A0021","2026-06-06 08:50:00",541
"A0737","2026-06-06 09:00:00",514.6
"A0605","2026-06-06 09:10:00",543.4
"A0360","2026-06-06 09:20:00",541.9
"A0102","2026-06-06 09:30:00",552
"A1161","2026-06-06 09:40:00",605.6
"A1280","2026-06-06 09:50:00",491.5
"A1411","2026-06-06 10:00:00",590.7
"A0147","2026-06-06 10:10:00",536.1
"A0430","2026-06-06 10:20:00",579.8
"A1208","2026-06-06 10:30:00",557.7
"A0263","2026-06-06 10:40:00",509.1
"A0026","2026-06-06 10:50:00",519.9
"A1167","2026-06-06 11:00:00",558.3
"A1249","2026-06-06 11:10:00",597
"A1298","2026-06-06 11:20:00",508.5
"A0604","2026-06-06 11:30:00",574.7
"A0346","2026-06-06 11:40:00",566.6
"A1266","2026-06-06 11:50:00",561.6
"A0490","2026-06-06 12:00:00",565.7
"A0703","2026-06-06 12:10:00",548.2
"A0995","2026-06-06 12:20:00",580.5
"A1363","2026-06-06 12:30:00",560.6
"A0528","2026-06-06 12:40:00",570.6
"A1415","2026-06-06 12:50:00",496.8
"A0165","2026-06-06 13:00:00",521.3
"A0831","2026-06-06 13:10:00",504.3
"A0632","2026-06-06 13:20:00",565.6
"A1087","2026-06-06 13:30:00",537
"A1242","2026-06-06 13:40:00",593.8
"A0430","2026-06-06 13:50:00",518.2
"A1343","2026-06-06 14:00:00",550.1
"A0414","2026-06-06 14:10:00",526
"A0292","2026-06-06 14:20:00",560.6
"A1002","2026-06-06 14:30:00",549.1
"A1297","2026-06-06 14:40:00",510.7
"A0098","2026-06-06 14:50:00",569.9
"A0284","2026-06-06 15:00:00",512.4
"A1004","2026-06-06 15:10:00",568.3
"A1339","2026-06-06 15:20:00",574.3
"A0651","2026-06-06 15:30:00",579.6
"A0568","2026-06-06 15:40:00",546.7
"A0027","2026-06-06 15:50:00",578.7
"A0778","2026-06-06 16:00:00",524.5
"A0005","2026-06-06 16:10:00",546.4
"A0841","2026-06-06 16:20:00",578.1
"A1204","2026-06-06 16:30:00",531.9
"A0710","2026-06-06 16:40:00",572.1
"A1221","2026-06-06 16:50:00",604.5
"A1020","2026-06-06 17:00:00",531.2
"A0878","2026-06-06 17:10:00",541.3
"A1176","2026-06-06 17:20:00",573.1
"A1116","2026-06-06 17:30:00",525.8
"A1414","2026-06-06 17:40:00",539.1
"A0168","2026-06-06 17:50:00",546.3
"A1179","2026-06-06 18:00:00",565.2
"A1070","2026-06-06 18:10:00",540.8
"A1214","2026-06-06 18:20:00",536
"A0834","2026-06-06 18:30:00",478.3
"A0777","2026-06-06 18:40:00",521.2
"A0191","2026-06-06 18:50:00",574.7
"A0890","2026-06-06 19:00:00",549.2
"A0851","2026-06-06 19:10:00",547.1
"A0307","2026-06-06 19:20:00",537.3
"A0017","2026-06-06 19:30:00",456.5
"A0401","2026-06-06 19:40:00",520.9
"A0221","2026-06-06 19:50:00",522.2
"A0692","2026-06-06 20:00:00",546.7
"A1008","2026-06-06 20:10:00",589.5
"A0047","2026-06-06 20:20:00",474.6
"A0444","2026-06-06 20:30:00",561.4
"A0001","2026-06-06 20:40:00",513
"A0883","2026-06-06 20:50:00",521.9
"A0935","2026-06-06 21:00:00",569.8
"A1035","2026-06-06 21:10:00",543.7
"A1062","2026-06-06 21:20:00",521.6
"A0849","2026-06-06 21:30:00",497
"A0109","2026-06-06 21:40:00",570.1
"A1117","2026-06-06 21:50:00",509.4
"A0115","2026-06-06 22:00:00",534
"A0593","2026-06-06 22:10:00",539.5
"A0023","2026-06-06 22:20:00",572.4
"A0720","2026-06-06 22:30:00",516
"A0068","2026-06-06 22:40:00",518.4
"A0968","2026-06-06 22:50:00",584.4
"A0457","2026-06-06 23:00:00",493.7
"A0017","2026-06-06 23:10:00",592.1
"A0273","2026-06-06 23:20:00",506.8
"A0387","2026-06-06 23:30:00",567.9
"A0356","2026-06-06 23:40:00",527.7
"A0769","2026-06-06 23:50:00",541.7
"A0179","2026-06-07 00:00:00",550.9
"A0616","2026-06-07 00:10:00",586.7
"A0936","2026-06-07 00:20:00",551.9
"A1334","2026-06-07 00:30:00",557.9
"A1320","2026-06-07 00:40:00",576.8
"A0027","2026-06-07 00:50:00",557.6
"A0952","2026-06-07 01:00:00",584.1
"A1275","2026-06-07 01:10:00",537.2
"A1297","2026-06-07 01:20:00",498.1
"A0901","2026-06-07 01:30:00",548.7
"A0552","2026-06-07 01:40:00",597.8
"A1388","2026-06-07 01:50:00",554.5
"A0427","2026-06-07 02:00:00",535.2
"A0210","2026-06-07 02:10:00",563.3
